licenseNumber,businessName,businessType,address,city,state,zip,county,phone,issueDate,expirationDate,classifications,workersCompCoverageType,workersCompInsuranceCompany,workersCompPolicyExpiration,sourceFiles
995321,180 ROOFING PROS,Corporation,334 WEST 3RD AVE,ESCONDIDO,CA,92025,San Diego,(760) 264 4003,08/01/2014,08/31/2026,B | C10 | C39 | C46,Workers' Compensation Insurance,STATE COMPENSATION INSURANCE FUND,07/29/2027,CSLBSearchData_163505900.xlsx
1131393,1ST LIGHT SALES CORP,Corporation,1869 MOFFAT BLVD,MANTECA,CA,95336,San Joaquin,(209) 456 5415,01/07/2025,01/31/2027,B | C10 | C46,Workers' Compensation Insurance,NATIONAL FIRE INSURANCE COMPANY OF HARTFORD,06/01/2027,CSLBSearchData_163505900.xlsx
471898,A C & R SERVICE HEATING & COOLING INC,Corporation,P O BOX 804,UKIAH,CA,95482,Mendocino,(707) 462 2021,04/05/1985,08/31/2027,C20 | C46,Workers' Compensation Insurance,MIDWEST EMPLOYERS CASUALTY COMPANY,01/01/2027,CSLBSearchData_163444973.xlsx
950369,A F C PLUMBING AND SOLAR,Corporation,5407 WILLOW VIEW DR,CAMARILLO,CA,93012,Ventura,(805) 551 8618,07/23/2010,07/31/2028,C36 | C46,Workers' Compensation Insurance,STATE COMPENSATION INSURANCE FUND,01/01/2027,CSLBSearchData_163547774.xlsx
974115,A P ELECTRICAL,Corporation,8484 SAN FERNANDO RD,SUN VALLEY,CA,91352,Los Angeles,(818) 317 8780,06/20/2012,06/30/2028,C10 | C39 | C46,Workers' Compensation Insurance,STATE COMPENSATION INSURANCE FUND,10/19/2026,CSLBSearchData_163412289.xlsx
1104438,A P P SOLAR,Limited Liability,2374 PIO PICO DRIVE,CARLSBAD,CA,92008,San Diego,(760) 907 5009,05/06/2023,05/31/2027,C10 | C46,Workers' Compensation Insurance,CAROLINA CASUALTY INSURANCE COMPANY,01/23/2027,CSLBSearchData_163505900.xlsx
891743,A1 SUN INC,Corporation,675 CEDAR ST,BERKELEY,CA,94710,Alameda,(510) 526 5715,02/28/2007,02/28/2027,B | C46,Workers' Compensation Insurance,STATE COMPENSATION INSURANCE FUND,11/20/2026,CSLBSearchData_163342171.xlsx
887507,AAA STEINERS SOLAR SERVICE,Sole Owner,9900 FIRSTONE DRIVE,SACRAMENTO,CA,95829,Sacramento,(916) 681 5872,11/21/2006,11/30/2026,C10 | C46,Workers' Compensation Insurance,STATE COMPENSATION INSURANCE FUND,12/31/2026,CSLBSearchData_163505900.xlsx
708922,AABCO WATER HEATERS & SOLAR SERVICES,Corporation,P O BOX 1212,LOS ALAMITOS,CA,90720,Orange,(714) 891 2127,06/27/1995,09/30/2027,C36 | C46,Workers' Compensation Insurance,STATE COMPENSATION INSURANCE FUND,01/27/2027,CSLBSearchData_163444973.xlsx
914346,ABC SOLAR INCORPORATED,Corporation,24454 HAWTHORNE BLVD,TORRANCE,CA,90505,Los Angeles,(310) 373 3169,04/19/2008,04/30/2028,B | C46,Workers' Compensation Insurance,STATE COMPENSATION INSURANCE FUND,04/25/2027,CSLBSearchData_163412289.xlsx
933062,ABOVE ALL CONSTRUCTION INC,Corporation,1643 ELLOITT DRIVE,RIVERSIDE,CA,92507,Riverside,(951) 742 7156,05/27/2009,12/31/2027,B | C10 | C39 | C46,Workers' Compensation Insurance,BERKSHIRE HATHAWAY HOMESTATE INSURANCE COMPANY,02/01/2027,CSLBSearchData_163505900.xlsx
1021325,ABOVE ALL ROOFING & SEAMLESS GUTTERS INC,Corporation,495 WILLAMETTE DR,VACAVILLE,CA,95688,Solano,(707) 446 8819,11/30/2016,11/30/2026,C39 | C46,Workers' Compensation Insurance,STATE COMPENSATION INSURANCE FUND,10/01/2026,CSLBSearchData_163528025.xlsx
846462,ACE PLUMBING,Sole Owner,3865 E ASHLAN AVE,FRESNO,CA,93726,Fresno,(559) 392 2304,09/11/2004,09/30/2026,B | C20 | C36 | C46,Workers' Compensation Insurance,AMERICAN CASUALTY COMPANY OF READING PA,05/12/2027,CSLBSearchData_163342171.xlsx
972276,ADDY SOLAR,Corporation,8865 AIRPORT RD STE J,REDDING,CA,96002,Shasta,(530) 276 0231,04/20/2012,04/30/2027,C10 | C46,Workers' Compensation Insurance,STATE COMPENSATION INSURANCE FUND,01/16/2027,CSLBSearchData_163528025.xlsx
929060,ADRIATIC BUILDERS LLC,Limited Liability,142 POPPY DRIVE,HERCULES,CA,94547,Contra Costa,(510) 332 1377,02/23/2009,12/31/2027,B | C10 | C46,Workers' Compensation Insurance,STATE COMPENSATION INSURANCE FUND,01/05/2027,CSLBSearchData_163342171.xlsx
620243,ADVANCE SOLAR HYDRO WIND POWER INC,Corporation,6331 N STATE STREET,REDWOOD VALLEY,CA,95470,Mendocino,(707) 485 0588,05/13/1991,10/31/2026,C10 | C46,Workers' Compensation Insurance,STATE COMPENSATION INSURANCE FUND,04/05/2027,CSLBSearchData_163444973.xlsx
508902,ADVANCED CONSERVATION SYSTEMS INC,Corporation,42622 7TH STREET E,LANCASTER,CA,93535,Los Angeles,(661) 945 4545,04/10/1987,04/30/2027,B | C-2 | C46,Workers' Compensation Insurance,SUNZ INSURANCE COMPANY,10/01/2026,CSLBSearchData_163412289.xlsx
906078,AE TECHNIC INC,Corporation,809 W HOLLYVALE ST,GLENDORA,CA,91740,Los Angeles,(213) 300 6051,11/05/2007,11/30/2027,A | B | C10 | C20 | C46,Workers' Compensation Insurance,STATE COMPENSATION INSURANCE FUND,08/01/2026,CSLBSearchData_163412289.xlsx
1009773,AETERNA ENERGY LLC,Limited Liability,2645 NUTMEG CIRCLE,SIMI VALLEY,CA,93065,Ventura,(805) 823 3232,12/16/2015,12/31/2027,B | C-7 | C10 | C20 | C43 | C46,Workers' Compensation Insurance,STATE COMPENSATION INSURANCE FUND,02/27/2027,CSLBSearchData_163547774.xlsx
957287,AHRENS MECHANICAL,Corporation,10975 SAN DIEGO MISSION RD,SAN DIEGO,CA,92108,San Diego,(619) 487 9036,02/02/2011,02/28/2027,A | B | C-4 | C10 | C16 | C20 | C34 | C36 | C46 | C60 | HAZ,Workers' Compensation Insurance,INSURANCE COMPANY OF THE WEST,07/01/2027,CSLBSearchData_163505900.xlsx
1006946,AHSOLAR PRO SOLUTIONS,Limited Liability,P O BOX 142,UNION CITY,CA,94587,Alameda,(510) 468 8535,08/28/2015,01/31/2027,C10 | C46,Workers' Compensation Insurance,STATE COMPENSATION INSURANCE FUND,07/01/2027,CSLBSearchData_163342171.xlsx
1022669,AIC HEATING AND AIR,Corporation,P O BOX 998,BAKERSFIELD,CA,93302,Kern,(661) 695 6911,01/18/2017,09/30/2027,B | C10 | C20 | C46,Workers' Compensation Insurance,NORGUARD INSURANCE COMPANY,05/01/2027,CSLBSearchData_163412289.xlsx
986427,AIKYUM SOLAR,Corporation,7256 GARDEN GROVE BLVD,WESTMINSTER,CA,92683,Orange,(949) 705 6797,08/29/2013,08/31/2027,C10 | C46,Workers' Compensation Insurance,MIDWEST EMPLOYERS CASUALTY COMPANY,07/20/2027,CSLBSearchData_163444973.xlsx
916654,AIR HEAT SOLAR,Sole Owner,3430 J STREET UNIT C,SACRAMENTO,CA,95816,Sacramento,(916) 912 2277,06/03/2008,11/30/2026,C20 | C46,Workers' Compensation Insurance,STATE COMPENSATION INSURANCE FUND,06/06/2027,CSLBSearchData_163505900.xlsx
842877,AIR RITE HEATING AND AIR CONDITIONING,Sole Owner,720 4TH STREET,ORLAND,CA,95963,Glenn,(530) 865 4655,07/16/2004,07/31/2028,C20 | C46,Workers' Compensation Insurance,HARTFORD CASUALTY INSURANCE COMPANY,10/27/2026,CSLBSearchData_163412289.xlsx
885073,AIR SUN INC,Corporation,9940 W NICHOLAS AVE,VISALIA,CA,93291,Tulare,(559) 747 0111,09/29/2006,09/30/2026,C10 | C46,Workers' Compensation Insurance,NATIONAL CASUALTY COMPANY,04/01/2027,CSLBSearchData_163547774.xlsx
889684,AIR TEMP COMPANY,Sole Owner,1835 HAMLET ST,SAN MATEO,CA,94403,San Mateo,(650) 591 1004,01/18/2007,01/31/2027,B | C10 | C20 | C38 | C46,Workers' Compensation Insurance,WESCO INSURANCE COMPANY,02/09/2027,CSLBSearchData_163528025.xlsx
878027,ALBION POWER COMPANY INC,Corporation,218 PIERCE ST,SAN FRANCISCO,CA,94117,San Francisco,(415) 558 1786,05/19/2006,05/31/2028,B | C10 | C46,Workers' Compensation Insurance,STATE COMPENSATION INSURANCE FUND,02/01/2027,CSLBSearchData_163505900.xlsx
559721,ALCOR ENTERPRISES,Sole Owner,2681 K CLOVERDALE AVENUE,CONCORD,CA,94518,Contra Costa,(925) 825 5658,03/07/1989,03/31/2027,B | C46,Workers' Compensation Insurance,STATE COMPENSATION INSURANCE FUND,10/01/2026,CSLBSearchData_163342171.xlsx
959972,ALL AIR HEATING & AIR CONDITIONING,Corporation,248 COMMERCE ST STE B,LODI,CA,95240,San Joaquin,(209) 368 4264,04/15/2011,04/30/2027,C20 | C46,Workers' Compensation Insurance,NORGUARD INSURANCE COMPANY,03/15/2027,CSLBSearchData_163505900.xlsx
840958,ALL AMERICAN PLUMBING HEATING & AIR INC,Corporation,540 PAGE AVENUE,LOS BANOS,CA,93635,Merced,(209) 826 7400,06/16/2004,09/30/2027,C20 | C36 | C46,Workers' Compensation Insurance,EMPLOYERS COMPENSATION INSURANCE COMPANY,07/31/2027,CSLBSearchData_163444973.xlsx
962034,ALL BAY SOLAR CONSTRUCTION INC,Corporation,5743 MISSION STREET,SAN FRANCISCO,CA,94112,San Francisco,(415) 624 3535,06/13/2011,09/30/2027,B | C10 | C39 | C46,Workers' Compensation Insurance,MIDWEST EMPLOYERS CASUALTY COMPANY,02/27/2027,CSLBSearchData_163505900.xlsx
870111,ALL CLIMATE AIR INC,Corporation,512 E 19TH ST,BAKERSFIELD,CA,93305,Kern,(661) 321 0620,12/28/2005,12/31/2027,C-2 | C20 | C36 | C46,Workers' Compensation Insurance,AMTRUST INSURANCE COMPANY,08/01/2027,CSLBSearchData_163412289.xlsx
933034,ALL IN ONE ELECTRIC INC,Corporation,11000 WRIGHT RD,LYNWOOD,CA,90262,Los Angeles,(626) 824 0775,05/27/2009,05/31/2027,B | C-7 | C10 | C20 | C36 | C38 | C39 | C46,Workers' Compensation Insurance,EMPLOYERS PREFERRED INSURANCE COMPANY,10/24/2026,CSLBSearchData_163412289.xlsx
944973,ALL ON ELECTRIC INC,Corporation,5053 TESLA RD,LIVERMORE,CA,94550,Alameda,(925) 447 0581,03/27/2010,04/30/2027,C10 | C46,Workers' Compensation Insurance,MIDWEST EMPLOYERS CASUALTY COMPANY,03/27/2027,CSLBSearchData_163342171.xlsx
964957,ALL SOLAR,Sole Owner,5439 E WILLOW ST,LONG BEACH,CA,90815,Los Angeles,(562) 619 4770,08/26/2011,08/31/2027,C10 | C46,Workers' Compensation Insurance,STATE COMPENSATION INSURANCE FUND,08/25/2027,CSLBSearchData_163412289.xlsx
499720,ALL VALLEY SOLAR INC,Corporation,12623 SHERMAN WAY STE A,N HOLLYWOOD,CA,91605,Los Angeles,(818) 765 0720,10/14/1986,08/31/2027,C46,Workers' Compensation Insurance,MIDWEST EMPLOYERS CASUALTY COMPANY,01/01/2027,CSLBSearchData_163412289.xlsx
775322,ALL-PRO ENTERPRISES INC,Corporation,P O BOX 3116,SAN DIMAS,CA,91773,Los Angeles,(909) 322 8276,02/22/2000,02/29/2028,B | C27 | C33 | C46,Workers' Compensation Insurance,ACE AMERICAN INSURANCE COMPANY,01/01/2027,CSLBSearchData_163412289.xlsx
382383,ALLBRITTEN BAREFOOT PLUMBERS ELECTRICIANS & HVAC TECHNICIANS,Limited Liability,2842 N BUSINESS PARK AVE,FRESNO,CA,93727,Fresno,(559) 292 4919,10/05/1979,03/31/2028,B | C-2 | C10 | C20 | C36 | C46 | D65,Workers' Compensation Insurance,SAFETY NATIONAL CASUALTY CORPORATION,06/01/2027,CSLBSearchData_163342171.xlsx
1100044,ALLIANZ HEATING & AIR INC,Corporation,2585 ELLIS STREET,REDDING,CA,96001,Shasta,(530) 221 2642,12/28/2022,12/31/2026,B | C-2 | C20 | C36 | C46,Workers' Compensation Insurance,SUNZ INSURANCE COMPANY,01/01/2027,CSLBSearchData_163528025.xlsx
913530,ALLIED BUILDING AND TECHNOLOGIES INC,Corporation,9250 RESEDA BOULEVARD #316,NORTHRIDGE,CA,91324,Los Angeles,(818) 671 3981,04/07/2008,05/31/2027,B | C10 | C46,Workers' Compensation Insurance,TECHNOLOGY INSURANCE COMPANY INC,09/29/2026,CSLBSearchData_163412289.xlsx
868542,ALLIED ENERGY INC,Corporation,2105 CAMINO VIDA ROBLE UNIT H,CARLSBAD,CA,92011,San Diego,(760) 746 1248,12/01/2005,01/31/2027,C10 | C46,Workers' Compensation Insurance,MIDWEST EMPLOYERS CASUALTY COMPANY,10/08/2026,CSLBSearchData_163505900.xlsx
713479,ALLTECH SOLAR INC,Corporation,4079 GOVERNOR DR #307,SAN DIEGO,CA,92122,San Diego,(949) 439 0069,10/06/1995,04/30/2028,B | C10 | C20 | C46,Workers' Compensation Insurance,STATE COMPENSATION INSURANCE FUND,10/01/2026,CSLBSearchData_163505900.xlsx
847973,ALLTERRA SOLAR,Corporation,849 ALMAR AVE STE C-281,SANTA CRUZ,CA,95060,Santa Cruz,(831) 425 2608,10/08/2004,10/31/2026,A | B | C46,Workers' Compensation Insurance,INDEMNITY INSURANCE COMPANY OF NORTH AMERICA,10/01/2026,CSLBSearchData_163528025.xlsx
806465,ALLY ELECTRIC,Corporation,855 MARINA BAY PKWY STE 280,RICHMOND,CA,94804,Contra Costa,(510) 559 7700,04/10/2002,10/31/2026,C10 | C46,Workers' Compensation Insurance,PIE INSURANCE COMPANY (THE),03/16/2027,CSLBSearchData_163342171.xlsx
1080653,ALOE SOLAR INC,Corporation,27827 FERGUSON DRIVE,CASTAIC,CA,91384,Los Angeles,(802) 522 8740,09/01/2021,09/30/2027,C46,Workers' Compensation Insurance,STATE COMPENSATION INSURANCE FUND,05/18/2027,CSLBSearchData_163412289.xlsx
979146,ALTADENA ENERGY & SOLAR INC,Corporation,1585 N LAKE AVE,PASADENA,CA,91104,Los Angeles,(818) 201 4206,12/05/2012,12/31/2026,C10 | C46,Workers' Compensation Insurance,STATE COMPENSATION INSURANCE FUND,02/27/2027,CSLBSearchData_163412289.xlsx
632507,ALTERNATIVE ENERGY,Corporation,15001 CAMAGE AVE UNIT A,SONORA,CA,95370,Tuolumne,(209) 533 9276,11/22/1991,11/30/2027,C-4 | C46,Workers' Compensation Insurance,ZENITH INSURANCE COMPANY,01/01/2027,CSLBSearchData_163547774.xlsx
853351,ALTERNATIVE ENERGY SYSTEMS INC,Corporation,13620 HWY 99,CHICO,CA,95973,Butte,(530) 345 6980,01/21/2005,01/31/2027,C10 | C46,Workers' Compensation Insurance,MIDWEST EMPLOYERS CASUALTY COMPANY,05/01/2027,CSLBSearchData_163342171.xlsx
947007,ALTERNATIVE HEATING & AIR,Corporation,13303 CABIN HOLLOW CT STE 600,CHICO,CA,95973,Butte,(530) 894 8082,05/10/2010,05/31/2028,C20 | C46,Workers' Compensation Insurance,STATE COMPENSATION INSURANCE FUND,09/16/2026,CSLBSearchData_163342171.xlsx
944549,ALTSYS SOLAR INC,Corporation,1434 E TULARE AVE,TULARE,CA,93274,Tulare,(559) 688 2544,03/17/2010,03/31/2028,C10 | C46,Workers' Compensation Insurance,MIDWEST EMPLOYERS CASUALTY COMPANY,12/01/2026,CSLBSearchData_163547774.xlsx
863510,AMAZING AIRCONDITIONING INC,Corporation,1131 CRENSHAW BLVD,LOS ANGELES,CA,90019,Los Angeles,(213) 675 9093,08/27/2005,09/30/2028,C10 | C20 | C36 | C46,Workers' Compensation Insurance,STATE FARM FIRE AND CASUALTY COMPANY,07/24/2027,CSLBSearchData_163412289.xlsx
987843,AMEKO A P S INC,Corporation,1515 EVANS AVE,POMONA,CA,91766,Los Angeles,(909) 751 5151,10/22/2013,10/31/2027,B | C10 | C46,Workers' Compensation Insurance,STATE COMPENSATION INSURANCE FUND,08/16/2027,CSLBSearchData_163412289.xlsx
1081438,AMERICAN ENERGY SOLAR,Sole Owner,10244 DARLING RD,VENTURA,CA,93004,Ventura,(818) 256 7411,09/20/2021,09/30/2027,C46,Workers' Compensation Insurance,STATE COMPENSATION INSURANCE FUND,12/20/2026,CSLBSearchData_163547774.xlsx
1065297,AMN SOLAR CORP,Corporation,26668 CARAVAN CIRCLE,CORONA,CA,92883,Riverside,(562) 588 8547,04/17/2020,06/30/2027,C46,Workers' Compensation Insurance,STATE COMPENSATION INSURANCE FUND,05/16/2027,CSLBSearchData_163505900.xlsx
1077258,ANTHEM CONSTRUCTION INC,Corporation,1854 ELLERY AVE,CLOVIS,CA,93611,Fresno,(559) 458 6479,06/23/2021,06/30/2027,B | C39 | C46,Workers' Compensation Insurance,STATE COMPENSATION INSURANCE FUND,03/25/2027,CSLBSearchData_163342171.xlsx
1001659,ANTHEM MECHANICAL,Corporation,53800 POLK STREET,COACHELLA,CA,92236,Riverside,(760) 895 2621,03/04/2015,03/31/2027,A | B | C20 | C46,Workers' Compensation Insurance,PIE INSURANCE COMPANY (THE),12/22/2026,CSLBSearchData_163505900.xlsx
859901,APG SOLAR,Corporation,2750 N SPCAPORT ENTRY,ATWATER,CA,95301,Merced,(209) 358 1468,06/02/2005,05/31/2028,B | C10 | C46 | D21,Workers' Compensation Insurance,MIDWEST EMPLOYERS CASUALTY COMPANY,12/01/2026,CSLBSearchData_163444973.xlsx
795570,AREMTECH INC,Corporation,1485 BAYSHORE BLVD #109,SAN FRANCISCO,CA,94124,San Francisco,(415) 467 5409,05/24/2001,05/31/2027,A | ASB | B | C-4 | C-7 | C-8 | C10 | C20 | C21 | C33 | C36 | C46 | C57 | HAZ,Workers' Compensation Insurance,HARTFORD CASUALTY INSURANCE COMPANY,02/01/2027,CSLBSearchData_163505900.xlsx
1071153,ARRAY ENERGIES,Sole Owner,2805 TOPAZ DRIVE,NOVATO,CA,94945,Marin,(415) 271 6634,11/20/2020,11/30/2026,C46,Workers' Compensation Insurance,NATIONAL CASUALTY COMPANY,04/01/2027,CSLBSearchData_163444973.xlsx
1040832,ARROW ENERGY SOLAR SYSTEMS,Sole Owner,231 CALEDONIA STREET,SANTA CRUZ,CA,95062,Santa Cruz,(831) 471 7909,06/18/2018,06/30/2028,C46,Workers' Compensation Insurance,STATE COMPENSATION INSURANCE FUND,09/23/2026,CSLBSearchData_163528025.xlsx
798323,ART OF CONSTRUCTION INC,Corporation,400 FORBES BLVD STE 1,SOUTH SAN FRANCISCO,CA,94803,San Mateo,(650) 871 6791,08/13/2001,08/31/2027,B | C-8 | C15 | C46,Workers' Compensation Insurance,EVEREST PREMIER INSURANCE COMPANY,01/01/2027,CSLBSearchData_163528025.xlsx
1137107,ASCENDANT ROOFING AND SOLAR LLC,Limited Liability,1031 BART CIRCLE,THOUSAND OAKS,CA,91360,Ventura,(310) 980 8670,05/06/2025,05/31/2027,C39 | C46,Workers' Compensation Insurance,STATE COMPENSATION INSURANCE FUND,04/25/2027,CSLBSearchData_163547774.xlsx
920386,ASPIRE BUILDERS,Corporation,319 DIABLO RD SUITE 201,DANVILLE,CA,94526,Contra Costa,(925) 594 6110,08/05/2008,08/31/2028,A | B | C10 | C33 | C46,Workers' Compensation Insurance,TRAVELERS PROPERTY CASUALTY COMPANY OF AMERICA,10/01/2026,CSLBSearchData_163342171.xlsx
954036,AUBURN SOLAR,Sole Owner,P O BOX 828,NEWCASTLE,CA,95658,Placer,(530) 392 2851,11/01/2010,11/30/2026,C10 | C46,Workers' Compensation Insurance,STATE COMPENSATION INSURANCE FUND,08/12/2027,CSLBSearchData_163505900.xlsx
1064937,AXC ELECTRICAL,Corporation,1305 NORTH H STREET,LOMPOC,CA,93436,Santa Barbara,(805) 222 6160,04/03/2020,04/30/2028,A | B | C10 | C46,Workers' Compensation Insurance,STATE COMPENSATION INSURANCE FUND,08/09/2027,CSLBSearchData_163528025.xlsx
1078551,AXIOM 360 LLC,Limited Liability,981 HIGHLAND WAY,GROVER BEACH,CA,93433,San Luis Obispo,(805) 840 2161,07/22/2021,07/31/2027,B | C10 | C39 | C46,Workers' Compensation Insurance,CAROLINA CASUALTY INSURANCE COMPANY,09/30/2026,CSLBSearchData_163505900.xlsx
550110,AZTEC SOLAR INC,Corporation,11370 TRADE CENTER DR. STE 3,RANCHO CORDOVA,CA,95742,Sacramento,(916) 853 2700,12/05/1988,06/30/2028,B | C46,Workers' Compensation Insurance,STATE COMPENSATION INSURANCE FUND,10/01/2026,CSLBSearchData_163505900.xlsx
310715,B & B ELECTRIC,Corporation,2353 LA MIRADA DRIVE,VISTA,CA,92081,San Diego,(760) 598 8074,10/14/1975,07/31/2027,C10 | C46,Workers' Compensation Insurance,OAK RIVER INSURANCE COMPANY,01/01/2027,CSLBSearchData_163505900.xlsx
519561,B & B SOLAR INC,Corporation,21121 SCHEER DRIVE,REDDING,CA,96002,Shasta,(530) 365 4180,10/20/1987,09/30/2027,C46,Workers' Compensation Insurance,PIE INSURANCE COMPANY (THE),11/09/2026,CSLBSearchData_163528025.xlsx
670906,B B J ELECTRIC INC,Corporation,PO BOX 427,SAN BRUNO,CA,94066,San Mateo,(415) 599 1499,05/10/1993,05/31/2027,ASB | B | C-7 | C10 | C46,Workers' Compensation Insurance,OMAHA NATIONAL CASUALTY COMPANY,05/04/2027,CSLBSearchData_163528025.xlsx
280981,B J'S HEATING & AIR CONDITIONING INC,Corporation,1240 WILSON WAY,WOODLAND,CA,95776,Yolo,(530) 662 8601,01/05/1973,01/31/2027,C20 | C46,Workers' Compensation Insurance,TECHNOLOGY INSURANCE COMPANY INC,01/01/2027,CSLBSearchData_163547774.xlsx
1033754,B V I SOLAR,Corporation,"4240 KEARNY MESA RD STE 1209,PMB 1209",SAN DIEGO,CA,92111,San Diego,(877) 284 1222,12/07/2017,12/31/2027,B | C10 | C39 | C46,Workers' Compensation Insurance,NATIONAL CASUALTY COMPANY,05/26/2027,CSLBSearchData_163505900.xlsx
161756,BAKER ELECTRIC,Limited Liability,1298 PACIFIC OAKS PLACE,ESCONDIDO,CA,92029,San Diego,(760) 745 2001,07/10/1956,05/31/2028,A | B | C-7 | C10 | C46,Workers' Compensation Insurance,HARTFORD ACCIDENT AND INDEMNITY COMPANY,03/01/2027,CSLBSearchData_163505900.xlsx
858088,BAKER HOME ENERGY,Corporation,2060 WINERIDGE PLACE STE A,ESCONDIDO,CA,92029,San Diego,(760) 546 6000,04/28/2005,04/30/2027,C10 | C20 | C36 | C39 | C46,Workers' Compensation Insurance,TWIN CITY FIRE INSURANCE COMPANY,03/01/2027,CSLBSearchData_163505900.xlsx
1142760,BAP POWER LLC,Limited Liability,"26880 ALISO VIEJO PARKWAY,SUITE 100",ALISO VIEJO,CA,92656,Orange,(760) 603 1933,08/28/2025,08/31/2027,B | C10 | C46,Workers' Compensation Insurance,SENTINEL INSURANCE COMPANY LTD,09/23/2026,CSLBSearchData_163444973.xlsx
599724,BARNUM & CELILLO ELECTRIC INC,Corporation,135 MAIN AVE,SACRAMENTO,CA,958382089,Sacramento,(916) 646 4661,08/03/1990,08/31/2028,C10 | C46 | D56,Workers' Compensation Insurance,NEW HAMPSHIRE INSURANCE COMPANY,04/01/2027,CSLBSearchData_163505900.xlsx
976962,BEACH CITIES SOLAR INC,Corporation,1147 W AMAR ST,SAN PEDRO,CA,90732,Los Angeles,(310) 977 6285,09/21/2012,09/30/2028,C46,Workers' Compensation Insurance,STATE COMPENSATION INSURANCE FUND,12/05/2026,CSLBSearchData_163412289.xlsx
1028222,BEAR SOLAR INC,Corporation,P O BOX 12,ORANGEVALE,CA,95662,Sacramento,(916) 963 0774,06/23/2017,06/30/2027,C46,Workers' Compensation Insurance,STATE COMPENSATION INSURANCE FUND,09/23/2026,CSLBSearchData_163505900.xlsx
1098465,BELLA SOL SYSTEMS LLC,Limited Liability,2144 GARDNER AVE,SANTA ROSA,CA,95407,Sonoma,(707) 332 4816,11/03/2022,11/30/2026,B | C46,Workers' Compensation Insurance,STATE COMPENSATION INSURANCE FUND,05/14/2027,CSLBSearchData_163528025.xlsx
963824,BELMONT ENERGY INC,Corporation,23291 PERALTA DR STE B2,LAGUNA HILLS,CA,92653,Orange,(949) 793 5544,07/29/2011,05/31/2027,C10 | C46,Workers' Compensation Insurance,STATE COMPENSATION INSURANCE FUND,02/27/2027,CSLBSearchData_163444973.xlsx
752692,BERGER POOL PLUMBING INC,Corporation,12817 BRANDFORD STREET,ARLETA,CA,91331,Los Angeles,(818) 899 9330,08/05/1998,08/31/2028,B | C27 | C36 | C46 | C53,Workers' Compensation Insurance,PIE INSURANCE COMPANY (THE),07/24/2027,CSLBSearchData_163412289.xlsx
833169,BERKLEY CONSTRUCTION INC,Corporation,1516 W REDWOOD ST #203,SAN DIEGO,CA,92101,San Diego,(619) 255 5975,02/27/2004,07/31/2028,B | C46,Workers' Compensation Insurance,INSURANCE COMPANY OF THE WEST,08/22/2026,CSLBSearchData_163505900.xlsx
691947,BERRY ROOFING INC,Corporation,3226 KLUK LN,RIVERSIDE,CA,92501,Riverside,(951) 905 5116,07/12/1994,11/30/2027,B | C-2 | C39 | C43 | C46,Workers' Compensation Insurance,OAK RIVER INSURANCE COMPANY,04/01/2027,CSLBSearchData_163505900.xlsx
880102,BEST TEC,Corporation,73850 DINAH SHORE DR UNIT 109,PALM DESERT,CA,92211,Riverside,(760) 328 0021,06/27/2006,06/30/2028,C-4 | C36 | C46,Workers' Compensation Insurance,SERVICE AMERICAN INDEMNITY COMPANY,09/01/2026,CSLBSearchData_163505900.xlsx
1113957,BESTCLASS ENERGY INC,Corporation,175 SAN REMO AVE,SAN JACINTO,CA,92582,Riverside,(951) 956 7077,12/14/2023,03/31/2028,C10 | C46,Workers' Compensation Insurance,STATE COMPENSATION INSURANCE FUND,10/14/2026,CSLBSearchData_163505900.xlsx
621790,BISHOP HEATING & AIR CONDITIONING INCORPORATED,Corporation,137 E SOUTH STREET,BISHOP,CA,93514,Inyo,(760) 873 3892,06/10/1991,06/30/2027,C16 | C20 | C36 | C38 | C43 | C46,Workers' Compensation Insurance,STATE COMPENSATION INSURANCE FUND,10/01/2026,CSLBSearchData_163412289.xlsx
824687,BK ENGINEERING CORPORATION,Corporation,11 REDONDO,LAGUNA NIGUEL,CA,92677,Orange,(949) 842 0072,09/19/2003,07/31/2028,A | B | C10 | C12 | C20 | C46 | C53,Workers' Compensation Insurance,STATE COMPENSATION INSURANCE FUND,06/15/2027,CSLBSearchData_163444973.xlsx
1134768,BLAKE ELECTRIC LLC,Limited Liability,20245 OAKWOOD ROAD,REDDING,CA,96003,Shasta,(530) 921 3856,03/21/2025,03/31/2027,C10 | C46,Workers' Compensation Insurance,PIE INSURANCE COMPANY (THE),10/01/2026,CSLBSearchData_163528025.xlsx
972683,BLAKE ROOFING INC,Corporation,1720 INDUSTRIAL AVE,NORCO,CA,92860,Riverside,(951) 340 2600,05/07/2012,05/31/2028,C39 | C43 | C46,Workers' Compensation Insurance,REDWOOD FIRE AND CASUALTY INSURANCE CO,04/23/2027,CSLBSearchData_163505900.xlsx
632049,BLUE SKY ENERGY,Corporation,1233 FRANKLIN STREET UNIT 104,SANTA MONICA,CA,90404,Los Angeles,(310) 422 2908,11/14/1991,11/30/2027,ASB | B | C10 | C46,Workers' Compensation Insurance,STARNET INSURANCE COMPANY,03/04/2027,CSLBSearchData_163412289.xlsx
905923,BLUELINE SOLAR POWER,Corporation,690 MARANATHA DRIVE,HOLLISTER,CA,95023,San Benito,(831) 801 0097,10/31/2007,10/31/2027,C46,Workers' Compensation Insurance,STATE COMPENSATION INSURANCE FUND,05/05/2027,CSLBSearchData_163505900.xlsx
1010480,BOOKOUT BRIAN,Sole Owner,P O BOX 1954,NEVADA CITY,CA,95959,Nevada,(530) 329 2464,01/21/2016,08/31/2026,C10 | C46,Workers' Compensation Insurance,STATE COMPENSATION INSURANCE FUND,11/10/2026,CSLBSearchData_163444973.xlsx
1017260,BRETT DOWIS,Sole Owner,25400 BELLVIEW ST,HEMET,CA,92544,Riverside,(951) 330 8405,08/16/2016,08/31/2026,B | C10 | C39 | C46,Workers' Compensation Insurance,PIE INSURANCE COMPANY (THE),03/16/2027,CSLBSearchData_163505900.xlsx
608848,BREWER REFRIGERATION HEATING AND AIRCONDITIONING INC,Corporation,937 GOLDEN GATE TERRACE,GRASS VALLEY,CA,95945,Nevada,(530) 272 6351,01/08/1991,01/31/2027,C20 | C38 | C46,Workers' Compensation Insurance,EVEREST PREMIER INSURANCE COMPANY,09/01/2026,CSLBSearchData_163444973.xlsx
1029267,BRIGHT LIFE REMODELING,Corporation,933 NEWHALL ST,COSTA MESA,CA,92627,Orange,(908) 489 3933,07/25/2017,07/31/2027,B | C39 | C46,Workers' Compensation Insurance,STATE COMPENSATION INSURANCE FUND,04/19/2027,CSLBSearchData_163444973.xlsx
1007552,BRIGHT SPOT SOLAR,Corporation,5628 BALDWIN AVE,TEMPLE CITY,CA,91780,Los Angeles,(626) 353 4787,09/22/2015,09/30/2027,B | C46,Workers' Compensation Insurance,STARSTONE NATIONAL INSURANCE COMPANY,08/12/2026,CSLBSearchData_163412289.xlsx
1055369,BRIGHTON SOLAR INC,Corporation,2701 COTTAGE WAY STE 11,SACRAMENTO,CA,95825,Sacramento,(916) 749 7711,07/01/2019,07/31/2027,C10 | C46,Workers' Compensation Insurance,ALLMERICA FINANCIAL BENEFIT INSURANCE COMPANY,12/13/2026,CSLBSearchData_163505900.xlsx
1081055,BROWER MECHANICAL CA LLC,Limited Liability,4060 ALVIS COURT,ROCKLIN,CA,95677,Placer,(916) 624 0808,09/10/2021,09/30/2027,B | C-2 | C10 | C20 | C36 | C46,Workers' Compensation Insurance,A I U INSURANCE COMPANY,04/28/2027,CSLBSearchData_163505900.xlsx
1066979,BRYTEMOVE ENERGY,Limited Liability,1451 EDINGER AVENUE UNIT D,TUSTIN,CA,92780,Orange,(844) 643 8432,07/15/2020,07/31/2028,B | C10 | C46,Workers' Compensation Insurance,MIDWEST EMPLOYERS CASUALTY COMPANY,07/01/2027,CSLBSearchData_163444973.xlsx
558980,"BUCKLEY HEAT & AIR, SOLAR",Corporation,5990 DEVECCHI AVENUE,CITRUS HEIGHTS,CA,95621,Sacramento,(916) 348 3181,03/03/1989,03/31/2027,C20 | C46,Workers' Compensation Insurance,TRUCK INSURANCE EXCHANGE,11/01/2026,CSLBSearchData_163505900.xlsx
1019515,BURTEK ENERGY LLC,Limited Liability,12335 BRIARDALE WAY,SAN DIEGO,CA,92128,San Diego,(619) 372 5287,10/19/2016,10/31/2026,A | B | C10 | C20 | C46,Workers' Compensation Insurance,STATE COMPENSATION INSURANCE FUND,08/15/2027,CSLBSearchData_163505900.xlsx
709658,C & C ROOFING,Sole Owner,1440 CAMPER VIEW RD SPC C29,SAN DIMAS,CA,91773,Los Angeles,(909) 241 0410,07/13/1995,07/31/2027,C39 | C46,Workers' Compensation Insurance,STATE COMPENSATION INSURANCE FUND,05/07/2027,CSLBSearchData_163412289.xlsx
780158,CACY ELECTRIC,Corporation,1269 GREEN FIELD DR,EL CAJON,CA,92021,San Diego,(619) 817 9200,06/12/2000,10/31/2027,A | B | C10 | C20 | C46,Workers' Compensation Insurance,EVEREST PREMIER INSURANCE COMPANY,06/20/2027,CSLBSearchData_163505900.xlsx
920596,CAL - PAC ROOFING,Corporation,1350 DEL AVENUE SUITE 01,CAMPBELL,CA,95008,Santa Clara,(408) 370 3332,08/11/2008,08/31/2028,B | C39 | C46,Workers' Compensation Insurance,STATE COMPENSATION INSURANCE FUND,07/01/2027,CSLBSearchData_163528025.xlsx
735061,CAL - PAC ROOFING OF SAN MATEO,Corporation,1122 E 5TH AVE,SAN MATEO,CA,94402,San Mateo,(650) 286 0450,04/17/1997,04/30/2027,C39 | C46,Workers' Compensation Insurance,STATE COMPENSATION INSURANCE FUND,10/01/2026,CSLBSearchData_163528025.xlsx
1092658,CAL CONTRACTOR SERVICES INC,Corporation,3980 SACO RD SUITE K,BAKERSFIELD,CA,93308,Kern,(661) 535 4004,06/13/2022,06/30/2028,B | C10 | C20 | C39 | C46,Workers' Compensation Insurance,STATE COMPENSATION INSURANCE FUND,08/04/2027,CSLBSearchData_163412289.xlsx
872310,CALCRAFT CORPORATION,Corporation,1426 SO WILLOW AVE,RIALTO,CA,92376,San Bernardino,(909) 879 2900,02/07/2006,02/29/2028,B | C10 | C33 | C43 | C45 | C46 | C51 | HAZ,Workers' Compensation Insurance,TRAVELERS PROPERTY CASUALTY COMPANY OF AMERICA,03/26/2027,CSLBSearchData_163505900.xlsx
748668,CALIFORNIA ARBORIST COMPLETE TREE CARE INC,Corporation,14068 LAMBERT ROAD,WHITTIER,CA,90605,Los Angeles,(562) 698 3280,04/29/1998,04/30/2028,C27 | C46 | C53 | D49,Workers' Compensation Insurance,SOUTHERN INSURANCE COMPANY,01/01/2027,CSLBSearchData_163412289.xlsx
1067305,CALIFORNIA BUILDERS,Corporation,P O BOX 778,CHICO,CA,95973,Butte,(530) 321 7921,07/27/2020,07/31/2028,B | C46,Workers' Compensation Insurance,STATE COMPENSATION INSURANCE FUND,07/07/2027,CSLBSearchData_163342171.xlsx
1015546,CALIFORNIA ENERGY SAVERS INC,Corporation,7211 HAVEN AVE SUITE E - 371,RANCHO CUCAMONGA,CA,91701,San Bernardino,(909) 944 5583,06/28/2016,12/31/2027,B | C46,Workers' Compensation Insurance,HARTFORD CASUALTY INSURANCE COMPANY,06/18/2027,CSLBSearchData_163505900.xlsx
980699,CALIFORNIA SOLAR INNOVATORS INC,Corporation,"580 N WILMA AVE,STE #H",RIPON,CA,95366,San Joaquin,(209) 253 0923,01/28/2013,01/31/2027,B | C10 | C46,Workers' Compensation Insurance,NATIONAL CASUALTY COMPANY,04/25/2027,CSLBSearchData_163505900.xlsx
1004246,CALIFORNIA SOLAR INTEGRATORS INC,Corporation,3574 RUFFIN RD,SAN DIEGO,CA,92123,San Diego,(800) 784 7612,06/05/2015,06/30/2027,B | C10 | C46,Workers' Compensation Insurance,SENTINEL INSURANCE COMPANY LTD,05/27/2027,CSLBSearchData_163505900.xlsx
1002971,CALIFORNIA SOLAR PARTNERS INC,Corporation,5236 WOODWELL COURT,ANTELOPE,CA,95843,Sacramento,(916) 834 7835,04/17/2015,04/30/2027,C46,Workers' Compensation Insurance,STATE COMPENSATION INSURANCE FUND,01/30/2027,CSLBSearchData_163505900.xlsx
1103250,CALIFORNIA SOLAR PROS INC,Corporation,3308 ORANGE GROVE AVE,NORTH HIGHLANDS,CA,95660,Sacramento,(916) 544 0312,04/04/2023,04/30/2027,C10 | C46,Workers' Compensation Insurance,STARNET INSURANCE COMPANY,02/10/2027,CSLBSearchData_163505900.xlsx
1106843,CALLAHAN SOLAR SERVICES,Corporation,10703 S HWY 3,CALLAHAN,CA,96014,Siskiyou,(530) 925 9902,07/03/2023,07/31/2027,C46,Workers' Compensation Insurance,STATE COMPENSATION INSURANCE FUND,06/30/2027,CSLBSearchData_163528025.xlsx
549715,CALPRO SOLAR,Sole Owner,PO BOX 155,BRENTWOOD,CA,94513,Contra Costa,(925) 420 1006,11/30/1988,02/29/2028,C39 | C46,Workers' Compensation Insurance,STATE COMPENSATION INSURANCE FUND,02/26/2027,CSLBSearchData_163342171.xlsx
989905,CANADAY ELECTRIC,Sole Owner,P O BOX 2001,MORRO BAY,CA,93443,San Luis Obispo,(805) 975 7739,01/15/2014,01/31/2028,C10 | C46,Workers' Compensation Insurance,STATE COMPENSATION INSURANCE FUND,06/29/2027,CSLBSearchData_163505900.xlsx
1070873,CANCINO TONY,Sole Owner,212 S KRAEMER BLVD UNIT 808,PLACENTIA,CA,92870,Orange,(714) 631 6376,11/12/2020,11/30/2026,C46,Workers' Compensation Insurance,STATE COMPENSATION INSURANCE FUND,06/19/2027,CSLBSearchData_163444973.xlsx
824635,CAPITAL AIRE SYSTEMS,Corporation,3948 DUROCK ROAD,SHINGLE SPRINGS,CA,95682,El Dorado,(530) 626 0948,09/19/2003,07/31/2027,B | C10 | C20 | C46,Workers' Compensation Insurance,STATE COMPENSATION INSURANCE FUND,11/01/2026,CSLBSearchData_163342171.xlsx
423462,CARNAHAN ELECTRIC LTD,Corporation,6125 ENTEPRISE DR STE 9,DIAMOND SPRINGS,CA,95619,El Dorado,(530) 642 2476,06/03/1982,06/30/2027,C10 | C46,Workers' Compensation Insurance,EMPLOYERS PREFERRED INSURANCE COMPANY,05/01/2027,CSLBSearchData_163342171.xlsx
873578,CASTLE ROCK DESIGN AND DEVELOPMENT INC,Corporation,1185 OBRIEN DRIVE,MENLO PARK,CA,94025,San Mateo,(650) 327 3200,03/01/2006,03/31/2028,B | C-8 | C10 | C17 | C20 | C39 | C46,Workers' Compensation Insurance,STATE COMPENSATION INSURANCE FUND,01/01/2027,CSLBSearchData_163528025.xlsx
968426,CASTLEBERRY HOME IMPROVEMENTS INC,Corporation,5925 LEWIS AVE,LONG BEACH,CA,90805,Los Angeles,(310) 291 3807,12/14/2011,03/31/2028,B | C46,Workers' Compensation Insurance,STATE COMPENSATION INSURANCE FUND,04/08/2027,CSLBSearchData_163412289.xlsx
1043973,CASTONE ROOFING AND CONSTRUCTION INC,Corporation,1113 DAYTON AVE #8,CLOVIS,CA,93612,Fresno,(559) 840 5178,09/06/2018,09/30/2026,B | C39 | C46,Workers' Compensation Insurance,STATE COMPENSATION INSURANCE FUND,01/29/2027,CSLBSearchData_163342171.xlsx
928270,CENTRAL VALLEY RETAIL & SECURITY SOLUTIONS,Corporation,"1945 N FINE AVE,SUITE 110",FRESNO,CA,93727,Fresno,(559) 230 2827,02/02/2009,02/28/2027,C-7 | C46,Workers' Compensation Insurance,HARTFORD CASUALTY INSURANCE COMPANY,09/17/2026,CSLBSearchData_163342171.xlsx
1086347,CERTIFIED SOLAR PRO,Corporation,999 CORPORATE DRIVE STE 100,LADERA RANCH,CA,92694,Orange,(949) 872 5658,01/20/2022,01/31/2028,C46,Workers' Compensation Insurance,STATE COMPENSATION INSURANCE FUND,01/27/2027,CSLBSearchData_163444973.xlsx
720966,CHAVEZ GLENN CONSTRUCTION,Sole Owner,76621 RANCHITA CANYON RD,SAN MIGUEL,CA,93451,San Luis Obispo,(714) 308 3879,04/05/1996,04/30/2028,A | B | C36 | C46,Workers' Compensation Insurance,EMPLOYERS COMPENSATION INSURANCE COMPANY,02/01/2027,CSLBSearchData_163505900.xlsx
1062535,CHICO SOLAR WORKS,Corporation,3030 THORNTREE DR #2,CHICO,CA,95973,Butte,(530) 892 2385,01/22/2020,01/31/2028,C46,Workers' Compensation Insurance,NATIONAL CASUALTY COMPANY,09/01/2026,CSLBSearchData_163342171.xlsx
512482,CIENAGA SERVICES INC,Corporation,P O BOX 2035,PISMO BEACH,CA,93448,San Luis Obispo,(805) 481 5310,06/16/1987,07/31/2027,C10 | C20 | C36 | C46,Workers' Compensation Insurance,STATE COMPENSATION INSURANCE FUND,01/01/2027,CSLBSearchData_163505900.xlsx
976065,CINNAMON ENERGY SYSTEMS INC,Corporation,809 UNIVERSITY AVE,LOS GATOS,CA,95032,Santa Clara,(408) 883 7000,08/24/2012,08/31/2028,B | C10 | C20 | C46,Workers' Compensation Insurance,STATE COMPENSATION INSURANCE FUND,04/16/2027,CSLBSearchData_163528025.xlsx
701434,CIS ROOFING,Corporation,23052 ALICIA PKWY H374,MISSION VIEJO,CA,92692,Orange,(714) 867 9178,01/18/1995,01/31/2027,C39 | C46,Workers' Compensation Insurance,BERKSHIRE HATHAWAY HOMESTATE INSURANCE COMPANY,01/01/2027,CSLBSearchData_163444973.xlsx
647149,CITADEL ROOFING AND SOLAR,Corporation,761 EUBANKS DR,VACAVILLE,CA,95688,Solano,(707) 446 5500,06/09/1992,07/31/2027,B | C-2 | C10 | C39 | C46,Workers' Compensation Insurance,ARCH INDEMNITY INSURANCE COMPANY,06/01/2027,CSLBSearchData_163528025.xlsx
924297,CLEAN POWER GROUP INC,Corporation,19209 PARTHENIA ST UNIT A,NORTHRIDGE,CA,91324,Los Angeles,(818) 741 8341,10/28/2008,02/28/2027,B | C10 | C20 | C39 | C46,Workers' Compensation Insurance,STATE COMPENSATION INSURANCE FUND,05/07/2027,CSLBSearchData_163412289.xlsx
1054822,CLEAN POWER SOLAR,Sole Owner,17305 SANTA ROSA MINE RD,PERRIS,CA,92570,Riverside,(909) 602 7329,06/18/2019,06/30/2027,C46,Workers' Compensation Insurance,PIE INSURANCE COMPANY (THE),02/13/2027,CSLBSearchData_163505900.xlsx
910460,CLEANTECH ENERGY SOLUTIONS INC,Corporation,3784 MISSION AVENUE #148-337,OCEANSIDE,CA,92058,San Diego,(760) 744 1001,02/08/2008,02/29/2028,C46,Workers' Compensation Insurance,STATE COMPENSATION INSURANCE FUND,02/01/2027,CSLBSearchData_163505900.xlsx
1038414,COACHELLA VALLEY SOLAR INC,Corporation,53839 SLATE DRIVE,COACHELLA,CA,92236,Riverside,(760) 391 1001,04/20/2018,04/30/2028,C46,Workers' Compensation Insurance,STATE COMPENSATION INSURANCE FUND,11/21/2026,CSLBSearchData_163505900.xlsx
820697,COBALT POWER SYSTEMS INC,Corporation,2557 WYANDOTTE ST,MOUNTAIN VIEW,CA,94043,Santa Clara,(650) 938 9574,06/12/2003,06/30/2027,C46,Workers' Compensation Insurance,CYPRESS INSURANCE COMPANY,10/01/2026,CSLBSearchData_163528025.xlsx
1108780,CODE 4 ROOFING SPECIALIST LLC,Limited Liability,340 E 25TH ST,UPLAND,CA,91784,San Bernardino,(626) 824 1843,08/15/2023,02/29/2028,B | C39 | C46,Workers' Compensation Insurance,MIDWEST EMPLOYERS CASUALTY COMPANY,08/03/2027,CSLBSearchData_163505900.xlsx
768923,COMFORT DYNAMICS INC,Corporation,823 ESTABROOK STREET,SAN LEANDRO,CA,94577,Alameda,(510) 352 8501,09/17/1999,09/30/2027,C20 | C36 | C46,Workers' Compensation Insurance,EMPLOYERS PREFERRED INSURANCE COMPANY,02/19/2027,CSLBSearchData_163342171.xlsx
858776,COMFORT ENERGY INC,Corporation,1465 N MILPITAS BLVD,MILPITAS,CA,95035,Santa Clara,(408) 263 3100,05/14/2005,01/31/2028,C-4 | C10 | C20 | C46,Workers' Compensation Insurance,TECHNOLOGY INSURANCE COMPANY INC,04/01/2027,CSLBSearchData_163528025.xlsx
552144,COMFORT SYSTEMS CONSTRUCTION INC,Corporation,1520 W EL CAMINO AVE 249,SACRAMENTO,CA,95833,Sacramento,(916) 929 1170,12/28/1988,05/31/2028,B | C10 | C20 | C46,Workers' Compensation Insurance,NORGUARD INSURANCE COMPANY,02/15/2027,CSLBSearchData_163505900.xlsx
1108378,COMPETITIVE CHOICE SOLAR,Sole Owner,6652 RYAN PARK CT,BAKERSFIELD,CA,93311,Kern,(661) 742 0240,08/08/2023,08/31/2027,B | C46,Workers' Compensation Insurance,STATE COMPENSATION INSURANCE FUND,01/01/2027,CSLBSearchData_163412289.xlsx
1114705,CONNOR ENERGY SERVICES,Corporation,13590 FALLHAVEN ROAD,SAN DIEGO,CA,92129,San Diego,(858) 337 4022,01/08/2024,01/31/2028,C46,Workers' Compensation Insurance,STATE COMPENSATION INSURANCE FUND,01/03/2027,CSLBSearchData_163505900.xlsx
1010440,CONTROLLED ENVIRONMENT HVAC INC,Corporation,1904 BROADVIEW DRIVE,GLENDALE,CA,91208,Los Angeles,(818) 541 0920,01/20/2016,01/31/2028,C20 | C46,Workers' Compensation Insurance,NATIONAL CASUALTY COMPANY,08/01/2027,CSLBSearchData_163412289.xlsx
996520,COOL EARTH SOLAR DEVELOPMENT LLC,Limited Liability,3542 S HIGHWAY 99 SUITE B,STOCKTON,CA,95215,San Joaquin,(925) 223 8547,09/08/2014,09/30/2026,C10 | C46,Workers' Compensation Insurance,STATE COMPENSATION INSURANCE FUND,04/30/2027,CSLBSearchData_163505900.xlsx
1019424,CORDA SOLAR LLC,Limited Liability,59 SILVERBIRCH LANE,DANVILLE,CA,94506,Contra Costa,(925) 725 6622,10/17/2016,10/31/2026,C10 | C46,Workers' Compensation Insurance,STATE COMPENSATION INSURANCE FUND,04/19/2027,CSLBSearchData_163342171.xlsx
1042269,CORE ENERGY GROUP INC,Corporation,28 N 1ST STREET SUITE 804,SAN JOSE,CA,95113,Santa Clara,(408) 767 1213,07/25/2018,07/31/2028,C46,Workers' Compensation Insurance,MIDWEST EMPLOYERS CASUALTY COMPANY,07/01/2027,CSLBSearchData_163528025.xlsx
749743,CORNERSTONE TECHNOLOGIES INC,Corporation,100 OCEANGATE SUITE 520,LONG BEACH,CA,90802,Los Angeles,(562) 494 9465,05/20/1998,05/31/2028,A | C46 | HAZ,Workers' Compensation Insurance,STATE COMPENSATION INSURANCE FUND,09/01/2026,CSLBSearchData_163412289.xlsx
1062520,CORONEL SOLAR,Sole Owner,2605 CEANOTHUS AVE,CHICO,CA,95973,Butte,(530) 513 3137,01/21/2020,01/31/2028,C46,Workers' Compensation Insurance,STATE COMPENSATION INSURANCE FUND,09/26/2026,CSLBSearchData_163342171.xlsx
831831,COSMIC SOLAR INC,Corporation,943 POINSETTIN AVE #401,VISTA,CA,92081,San Diego,(760) 749 1111,02/04/2004,03/31/2027,B | C10 | C39 | C46,Workers' Compensation Insurance,STATE COMPENSATION INSURANCE FUND,03/01/2027,CSLBSearchData_163505900.xlsx
1046094,COURVILLE COLTON,Sole Owner,23629 BADGER CREEK LANE,MENIFEE,CA,92587,Riverside,(951) 453 5286,10/24/2018,10/31/2026,C46,Workers' Compensation Insurance,STATE COMPENSATION INSURANCE FUND,12/19/2026,CSLBSearchData_163505900.xlsx
174637,CUPERTINO ELECTRIC INC,Corporation,1132 NORTH 7TH STREET,SAN JOSE,CA,95112,Santa Clara,(408) 808 8000,04/21/1958,08/31/2028,A | B | C10 | C46,Workers' Compensation Insurance,OLD REPUBLIC INSURANCE COMPANY,06/01/2027,CSLBSearchData_163528025.xlsx
1045016,CURRENT HOME SOLAR,Corporation,7100 W FLORIDA AVE,HEMET,CA,92545,Riverside,(951) 215 6799,09/28/2018,09/30/2026,B | C10 | C20 | C39 | C46,Workers' Compensation Insurance,ZURICH AMERICAN INSURANCE COMPANY,10/01/2026,CSLBSearchData_163505900.xlsx
1010027,CURTISS SOLAR ENERGY GROUP,Corporation,930 THOMAS AVE #12,SAN DIEGO,CA,92109,San Diego,(619) 743 9661,12/29/2015,12/31/2027,C10 | C46,Workers' Compensation Insurance,MIDWEST EMPLOYERS CASUALTY COMPANY,02/21/2027,CSLBSearchData_163505900.xlsx
1112748,D A C ENTERPRISES LLC,Limited Liability,4005 SKYLINE RD,CARLSBAD,CA,92008,San Diego,(760) 822 8011,11/15/2023,11/30/2027,B | C46,Workers' Compensation Insurance,STATE COMPENSATION INSURANCE FUND,11/03/2026,CSLBSearchData_163505900.xlsx
928315,D G HEATING AND AIR CONDITIONING,Sole Owner,1040 COMMERCIAL ST STE 104,SAN JOSE,CA,95112,Santa Clara,(408) 201 9411,02/03/2009,02/28/2027,C20 | C46,Workers' Compensation Insurance,TECHNOLOGY INSURANCE COMPANY INC,07/16/2026,CSLBSearchData_163528025.xlsx
1035345,D G HEATING AND AIR CONDITIONING INC,Corporation,1040 COMMERCIAL ST STE 104,SAN JOSE,CA,95112,Santa Clara,(408) 201 9411,01/30/2018,01/31/2028,C10 | C20 | C46,Workers' Compensation Insurance,INDEMNITY INSURANCE COMPANY OF NORTH AMERICA,10/01/2026,CSLBSearchData_163528025.xlsx
728118,D K ENVIRONMENTAL,Corporation,3527 MT DIABLO BLVD #306,LAFAYETTE,CA,94549,Contra Costa,(925) 930 8600,09/27/1996,08/31/2027,A | B | C27 | C46 | D12 | D34,Workers' Compensation Insurance,STATE COMPENSATION INSURANCE FUND,09/05/2026,CSLBSearchData_163342171.xlsx
861505,D S C M INC,Corporation,745 ALEGRE RD,EL CAJON,CA,92019,San Diego,(619) 987 0029,07/19/2005,07/31/2027,A | B | C46,Workers' Compensation Insurance,STATE COMPENSATION INSURANCE FUND,08/01/2027,CSLBSearchData_163505900.xlsx
1145139,D3 ENERGY LLC,Limited Liability,3130 TICE CREEK WAY,SACRAMENTO,CA,95833,Sacramento,(919) 306 7931,10/17/2025,10/31/2027,B | C10 | C46,Workers' Compensation Insurance,NATIONAL CASUALTY COMPANY,09/19/2026,CSLBSearchData_163505900.xlsx
552769,DANLIN CORPORATION,Corporation,1372 SEACOAST DR #A,IMPERIAL BEACH,CA,91932,San Diego,(415) 462 4742,01/05/1989,05/31/2027,B | C33 | C46,Workers' Compensation Insurance,STATE COMPENSATION INSURANCE FUND,05/13/2027,CSLBSearchData_163505900.xlsx
987896,DAY ONE SOLAR INC,Corporation,387 CORAL ST,SANTA CRUZ,CA,95060,Santa Cruz,(831) 687 8097,10/23/2013,10/31/2027,B | C10 | C46,Workers' Compensation Insurance,CAROLINA CASUALTY INSURANCE COMPANY,11/02/2026,CSLBSearchData_163528025.xlsx
903293,DAYLIGHT SOLAR ENERGY CORP,Corporation,3281 E GUASTI RD STE 700,ONTARIO,CA,91761,San Bernardino,(626) 826 3832,09/11/2007,12/31/2027,B | C10 | C46,Workers' Compensation Insurance,PIE INSURANCE COMPANY (THE),04/15/2027,CSLBSearchData_163505900.xlsx
1069859,DAYSTAR SOLAR,Limited Liability,4366 MALANA WAY,RANCHO CORDOVA,CA,95742,Sacramento,(510) 367 7632,10/14/2020,10/31/2026,C46,Workers' Compensation Insurance,STATE COMPENSATION INSURANCE FUND,04/11/2027,CSLBSearchData_163505900.xlsx
683104,DEHARO CONSTRUCTION INC,Corporation,6411 BRISA ST,LIVERMORE,CA,94550,Alameda,(925) 606 8634,12/29/1993,04/30/2028,B | C46,Workers' Compensation Insurance,EVEREST PREMIER INSURANCE COMPANY,06/27/2027,CSLBSearchData_163342171.xlsx
1131922,DEL SUR ENERGY,Corporation,15912 HOPPER LANE,SAN DIEGO,CA,92127,San Diego,(858) 382 4867,01/21/2025,01/31/2027,B | C10 | C46,Workers' Compensation Insurance,EMPLOYERS COMPENSATION INSURANCE COMPANY,01/01/2027,CSLBSearchData_163505900.xlsx
1064475,DESERT CLEAN ENERGY,Corporation,16250 ROCKY GLEN RD,PERRIS,CA,92570,Riverside,(951) 901 0653,03/18/2020,10/31/2026,C46,Workers' Compensation Insurance,STATE COMPENSATION INSURANCE FUND,07/15/2026,CSLBSearchData_163505900.xlsx
454228,DIABLO SOLAR SERVICES INC,Corporation,1990 OLIVERA ROAD SUITE A,CONCORD,CA,94520,Contra Costa,(925) 313 0600,03/29/1984,03/31/2028,C10 | C46,Workers' Compensation Insurance,CAROLINA CASUALTY INSURANCE COMPANY,03/01/2027,CSLBSearchData_163342171.xlsx
1076337,DIAMOND SOLAR SOLUTIONS INC,Corporation,P O BOX 1913,DIAMOND SPRINGS,CA,95619,El Dorado,(530) 363 8112,05/28/2021,04/30/2028,C10 | C46,Workers' Compensation Insurance,STATE COMPENSATION INSURANCE FUND,06/16/2027,CSLBSearchData_163342171.xlsx
1086821,DISCOUNTED SOLAR,Sole Owner,7841 HIGHWAY 3,HAYFORK,CA,96041,Trinity,(805) 888 9394,02/01/2022,02/29/2028,C46,Workers' Compensation Insurance,STATE COMPENSATION INSURANCE FUND,07/01/2027,CSLBSearchData_163547774.xlsx
867376,DOLLENS ELECTRIC INC,Corporation,3591 PINE RIDGE WAY,SAN JOSE,CA,95127,Santa Clara,(408) 929 6100,11/09/2005,11/30/2027,B | C10 | C46,Workers' Compensation Insurance,HARTFORD CASUALTY INSURANCE COMPANY,10/10/2026,CSLBSearchData_163528025.xlsx
504407,DUCHARME CONSTRUCTION,Sole Owner,P O BOX 2651,SAN ANSELMO,CA,94979,Marin,(415) 420 9150,01/22/1987,01/31/2027,B | C10 | C46,Workers' Compensation Insurance,STATE COMPENSATION INSURANCE FUND,10/12/2026,CSLBSearchData_163444973.xlsx
1006299,DYNAMIC SOLAR,Sole Owner,944 WINDSONG CT,DIAMOND BAR,CA,91765,Los Angeles,(909) 573 6919,08/11/2015,08/31/2027,C10 | C46,Workers' Compensation Insurance,STATE COMPENSATION INSURANCE FUND,03/18/2027,CSLBSearchData_163412289.xlsx
794674,E L B A C,Sole Owner,"420 N MCKINLEY STREET,111-510",CORONA,CA,92879,Riverside,(855) 884 6782,05/03/2001,05/31/2027,C-7 | C39 | C46,Workers' Compensation Insurance,STARNET INSURANCE COMPANY,06/28/2027,CSLBSearchData_163505900.xlsx
865616,E P I CONSTRUCTION INC,Corporation,12345 VENTURA BLVD SUITE H,STUDIO CITY,CA,91604,Los Angeles,(818) 760 9100,10/11/2005,10/31/2027,B | C46,Workers' Compensation Insurance,STARSTONE NATIONAL INSURANCE COMPANY,12/31/2026,CSLBSearchData_163412289.xlsx
668002,EAGLE AIR,Corporation,5542 BRISA ST,LIVERMORE,CA,94550,Alameda,(925) 443 2665,03/24/1993,03/31/2027,C20 | C46,Workers' Compensation Insurance,EVEREST PREMIER INSURANCE COMPANY,02/01/2027,CSLBSearchData_163342171.xlsx
822408,EAGLE MOUNTAIN PLUMBING & MECHANICAL LLC,Limited Liability,210 VISTA GRANDE GLEN,ESCONDIDO,CA,92025,San Diego,(760) 690 3690,08/01/2003,11/30/2026,C20 | C36 | C46,Workers' Compensation Insurance,STATE COMPENSATION INSURANCE FUND,08/15/2027,CSLBSearchData_163505900.xlsx
1003783,EARTH ELECTRIC INCORPORATED,Corporation,1821 S BASCOM AVE #172,CAMPBELL,CA,95008,Santa Clara,(408) 609 0888,05/18/2015,05/31/2027,C10 | C46,Workers' Compensation Insurance,MIDWEST EMPLOYERS CASUALTY COMPANY,04/01/2027,CSLBSearchData_163528025.xlsx
810369,EARTH STAR ELECTRIC,Sole Owner,170 MALET ST,SONOMA,CA,95476,Sonoma,(707) 933 1510,07/08/2002,07/31/2028,C10 | C46,Workers' Compensation Insurance,STATE COMPENSATION INSURANCE FUND,12/01/2026,CSLBSearchData_163528025.xlsx
1064003,EARTHQUAKE PROTECTION SYSTEMS,Corporation,451 AZUAR DRIVE BLDG 759,VALLEJO,CA,94592,Solano,(707) 644 5993,03/05/2020,03/31/2028,B | C46,Workers' Compensation Insurance,OAK RIVER INSURANCE COMPANY,06/08/2027,CSLBSearchData_163528025.xlsx
1014830,ECLECTRIC SOLAR,Sole Owner,45 NORTHBROOK WAY,WILLITS,CA,95490,Mendocino,(707) 354 3473,06/03/2016,06/30/2028,C46,Workers' Compensation Insurance,EMPLOYERS PREFERRED INSURANCE COMPANY,05/07/2027,CSLBSearchData_163444973.xlsx
445220,ECONO AIR,Corporation,1921 PETRA LANE,PLACENTIA,CA,92870,Orange,(800) 503 2666,08/23/1983,02/29/2028,C-2 | C10 | C20 | C36 | C46,Workers' Compensation Insurance,OAK RIVER INSURANCE COMPANY,04/07/2027,CSLBSearchData_163444973.xlsx
1029435,ECOPOWER SOLAR,Limited Liability,41340 PEAR ST SUITE 3,MURRIETA,CA,92562,Riverside,(760) 687 5686,07/28/2017,09/30/2027,C46 | C51,Workers' Compensation Insurance,STATE COMPENSATION INSURANCE FUND,01/03/2027,CSLBSearchData_163505900.xlsx
1045300,ECOSOLAR USA ELECTRICAL LLC,Limited Liability,13902 HARBOR BLVD UNIT2A,GARDEN GROVE,CA,92843,Orange,(714) 265 9077,10/08/2018,10/31/2026,C10 | C46,Workers' Compensation Insurance,EMPLOYERS PREFERRED INSURANCE COMPANY,06/02/2027,CSLBSearchData_163444973.xlsx
1113934,EL-FI HOMES LLC,Limited Liability,273 SANTA BARBARA,IRVINE,CA,92606,Orange,(949) 919 6364,12/14/2023,12/31/2027,C10 | C20 | C46,Workers' Compensation Insurance,PIE INSURANCE COMPANY (THE),11/20/2026,CSLBSearchData_163444973.xlsx
1072844,ELBAC SOLAR,Corporation,420 N MCKINLEY ST 111-510,CORONA,CA,92879,Riverside,(562) 572 3629,01/20/2021,01/31/2027,C46,Workers' Compensation Insurance,STARNET INSURANCE COMPANY,06/28/2027,CSLBSearchData_163505900.xlsx
871218,ELEMENT ELECTRIC INC,Corporation,P O BOX 1055,DIXON,CA,95620,Solano,(707) 693 1651,01/20/2006,01/31/2028,C10 | C46,Workers' Compensation Insurance,STATE COMPENSATION INSURANCE FUND,07/01/2027,CSLBSearchData_163528025.xlsx
946630,ELEMENT POWER SYSTEMS INC,Corporation,3550 OAK HILL LN,CLAYTON,CA,94517,Contra Costa,(925) 513 1772,05/01/2010,05/31/2027,C10 | C46,Workers' Compensation Insurance,EMPLOYERS PREFERRED INSURANCE COMPANY,09/08/2026,CSLBSearchData_163342171.xlsx
1048261,ELH INC,Corporation,34135 CAMERON DRIVE,HEMET,CA,92544,Riverside,(951) 692 4332,12/24/2018,12/31/2026,B | C46,Workers' Compensation Insurance,INSURANCE COMPANY OF THE WEST,04/08/2027,CSLBSearchData_163505900.xlsx
1133927,ELITE SOLAR,Corporation,1234 S MONTEBELLO BLVD,MONTEBELLO,CA,90640,Los Angeles,(323) 899 9236,03/04/2025,03/31/2027,C46,Workers' Compensation Insurance,STATE COMPENSATION INSURANCE FUND,01/07/2027,CSLBSearchData_163412289.xlsx
1051137,ELWAY CONSTRUCTION,Sole Owner,PO BOX 156,RIO DELL,CA,95562,Humboldt,(707) 601 1350,03/11/2019,03/31/2027,B | C46,Workers' Compensation Insurance,,,CSLBSearchData_163412289.xlsx
990593,ENABLE ENERGY,Corporation,1101 NATIONAL DRIVE STE B,SACRAMENTO,CA,95834,Sacramento,(916) 240 2809,02/13/2014,02/29/2028,B | C13 | C46,Workers' Compensation Insurance,HARTFORD CASUALTY INSURANCE COMPANY,03/01/2027,CSLBSearchData_163505900.xlsx
1103108,ENCHARGE ENERGY,Corporation,4300 RESNICK CT UNIT 105,BAKERSFIELD,CA,93313,Kern,(661) 282 8544,03/29/2023,10/31/2026,C10 | C46,Workers' Compensation Insurance,STARSTONE NATIONAL INSURANCE COMPANY,10/16/2026,CSLBSearchData_163412289.xlsx
736839,ENERGY +,Sole Owner,39450 3RD ST E #131,PALMDALE,CA,93550,Los Angeles,(661) 718 2070,06/05/1997,06/30/2027,C10 | C20 | C38 | C46,Workers' Compensation Insurance,STATE COMPENSATION INSURANCE FUND,03/02/2027,CSLBSearchData_163412289.xlsx
472363,ENERGY HOUSE,Corporation,122 E BULLARD,FRESNO,CA,93710,Fresno,(559) 432 1500,04/22/1985,04/30/2028,B | C46 | D34,Workers' Compensation Insurance,EMPLOYERS COMPENSATION INSURANCE COMPANY,11/01/2026,CSLBSearchData_163342171.xlsx
1158542,ENERGY SOLUTIONS CORP INC,Corporation,50 MOUNTAIRE PL,CLAYTON,CA,94517,Contra Costa,(925) 494 4188,07/24/2026,07/31/2028,B | C10 | C20 | C46,Workers' Compensation Insurance,STATE COMPENSATION INSURANCE FUND,06/09/2027,CSLBSearchData_163342171.xlsx
1101197,ENERGY SOLUTIONS HEATING AIR & SOLAR INC,Corporation,3732 BIG SPRINGS RD,LAKE ALMANOR,CA,96137,Lassen,(530) 816 1600,02/07/2023,02/28/2027,B | C20 | C36 | C46,Workers' Compensation Insurance,STATE COMPENSATION INSURANCE FUND,01/23/2027,CSLBSearchData_163412289.xlsx
1139308,ENERVATION HEATING & AIR CONDITIONING INC,Corporation,"BOX 418,2063 MAIN STREET",OAKLEY,CA,94561,Contra Costa,(925) 783 6494,06/23/2025,06/30/2027,C20 | C46,Workers' Compensation Insurance,CONTINENTAL CASUALTY COMPANY,06/21/2027,CSLBSearchData_163342171.xlsx
967408,ENETECH INCORPORATED,Corporation,420 W LAMBERT RD #K,BREA,CA,92821,Orange,(714) 255 2939,11/04/2011,08/31/2027,B | C20 | C36 | C38 | C46,Workers' Compensation Insurance,PREFERRED EMPLOYERS INSURANCE COMPANY,04/01/2027,CSLBSearchData_163444973.xlsx
1146208,ENPHASE ENERGY INC,Corporation,47281 BAYSIDE PKWY,FREMONT,CA,94538,Alameda,(877) 797 4743,11/13/2025,11/30/2027,C10 | C46,Workers' Compensation Insurance,NATIONAL CASUALTY COMPANY,08/17/2026,CSLBSearchData_163342171.xlsx
1151729,ESCALONA RENEWABLES,Sole Owner,1895 AVENIDA DEL ORO #4022,OCEANSIDE,CA,92056,San Diego,(951) 756 4533,03/10/2026,03/31/2028,C46,Workers' Compensation Insurance,STATE COMPENSATION INSURANCE FUND,07/11/2027,CSLBSearchData_163505900.xlsx
1045040,ESSEX SOLAR HEATING AND AIR INC,Corporation,P O BOX 493668,REDDING,CA,960493668,Shasta,(530) 244 0993,10/01/2018,05/31/2027,C20 | C46,Workers' Compensation Insurance,STATE FARM FIRE AND CASUALTY COMPANY,02/16/2027,CSLBSearchData_163528025.xlsx
773601,EURO CAL CONSTRUCTION INC,Corporation,P O BOX 2099,SEAL BEACH,CA,90740,Orange,(714) 892 6644,01/14/2000,12/31/2027,B | C46,Workers' Compensation Insurance,STATE COMPENSATION INSURANCE FUND,05/02/2027,CSLBSearchData_163444973.xlsx
1104064,EVEREST ELECTRICAL USA INC,Corporation,28655 DEER SPRINGS DR,SANTA CLARITA,CA,91390,Los Angeles,(661) 666 0104,04/27/2023,04/30/2027,C10 | C46,Workers' Compensation Insurance,BERKSHIRE HATHAWAY DIRECT INSURANCE COMPANY,11/25/2026,CSLBSearchData_163412289.xlsx
1102899,EVERGREEN SOLAR,Corporation,11278 LOS ALAMITOS BLVD 707,LOS ALAMITOS,CA,90720,Orange,(714) 722 0468,03/24/2023,03/31/2027,C46,Workers' Compensation Insurance,CAROLINA CASUALTY INSURANCE COMPANY,03/20/2027,CSLBSearchData_163444973.xlsx
1103998,EVERGREEN SOLAR,Corporation,19799 HIRSCH COURT,ANDERSON,CA,96007,Shasta,(530) 223 3251,04/26/2023,04/30/2027,C46,Workers' Compensation Insurance,STATE COMPENSATION INSURANCE FUND,10/01/2026,CSLBSearchData_163528025.xlsx
1115612,EXPERT HVAC SERVICE INC,Corporation,19531 GRAY FOX RD,WALNUT,CA,91789,Los Angeles,(626) 537 5916,01/29/2024,01/31/2028,B | C20 | C36 | C46,Workers' Compensation Insurance,STATE COMPENSATION INSURANCE FUND,03/28/2027,CSLBSearchData_163412289.xlsx
1017331,EXTREME SOLAR SOLUTIONS,Corporation,2315 ALABAMA ST,ATWATER,CA,95301,Merced,(209) 489 0297,08/17/2016,08/31/2028,C46,Workers' Compensation Insurance,SIRIUSPOINT AMERICA INSURANCE COMPANY,09/05/2026,CSLBSearchData_163444973.xlsx
347708,FARIS CONSTRUCTION COMPANY,Corporation,2180 EL CAMINO REAL STE 400,OCEANSIDE,CA,92054,San Diego,(760) 433 4500,11/21/1977,03/31/2027,A | B | C-8 | C46,Workers' Compensation Insurance,STATE COMPENSATION INSURANCE FUND,07/12/2027,CSLBSearchData_163505900.xlsx
807511,FEATHER RIVER AIRE AND SOLAR,Corporation,3268 ESPLANADE STE A,CHICO,CA,95973,Butte,(530) 891 6787,05/02/2002,04/30/2027,B | C10 | C20 | C46,Workers' Compensation Insurance,ZURICH AMERICAN INSURANCE COMPANY,10/01/2026,CSLBSearchData_163342171.xlsx
156017,FIDELITY ROOF COMPANY,Corporation,1075 40TH STREET,OAKLAND,CA,94608,Alameda,(510) 547 6330,09/30/1955,05/31/2027,ASB | B | C39 | C43 | C46,Workers' Compensation Insurance,UNITED FIRE & CASUALTY COMPANY,11/01/2026,CSLBSearchData_163342171.xlsx
831636,FIELD OF DREAMS LANDSCAPING AND CONCRETE,Sole Owner,65 WASHINGTON ST PMB 168,SANTA CLARA,CA,95050,Santa Clara,(408) 472 2018,01/30/2004,01/31/2028,B | C-8 | C20 | C27 | C36 | C46 | C57,Workers' Compensation Insurance,WESCO INSURANCE COMPANY,04/24/2027,CSLBSearchData_163528025.xlsx
886679,FIRE PROTECTION AND LIFE SAFETY INC,Corporation,1743 GLENDON AVE #101,LOS ANGELES,CA,90024,Los Angeles,(310) 923 6798,11/02/2006,07/31/2027,C16 | C46,Workers' Compensation Insurance,PIE CASUALTY INSURANCE COMPNAY,10/27/2026,CSLBSearchData_163412289.xlsx
1139737,FIRST CLASS ROOFING,Sole Owner,3530 SWEETWATER WAY,LEMON GROVE,CA,91945,San Diego,(619) 724 2237,07/01/2025,07/31/2027,C39 | C46,Workers' Compensation Insurance,STATE COMPENSATION INSURANCE FUND,06/21/2027,CSLBSearchData_163505900.xlsx
1013243,FIRST EDISON,Corporation,4695 CHABOT DR STE 200,PLEASANTON,CA,94588,Alameda,(888) 309 8766,04/25/2016,04/30/2028,B | C10 | C46,Workers' Compensation Insurance,STATE COMPENSATION INSURANCE FUND,04/04/2027,CSLBSearchData_163342171.xlsx
1039876,FIRST RESPONSE SOLAR INC,Corporation,708 HWY 116 N 428,SEBASTOPOL,CA,95472,Sonoma,(707) 480 0213,05/29/2018,05/31/2028,C10 | C46,Workers' Compensation Insurance,CAROLINA CASUALTY INSURANCE COMPANY,07/18/2027,CSLBSearchData_163528025.xlsx
631964,FISHER ELECTRIC INC,Corporation,35 BUTTERMILK LANE,SCOTTS VALLEY,CA,95066,Santa Cruz,(831) 345 7463,11/14/1991,04/30/2028,C10 | C46,Workers' Compensation Insurance,STARSTONE NATIONAL INSURANCE COMPANY,06/01/2027,CSLBSearchData_163528025.xlsx
873535,FIVE STAR SOLAR,Corporation,8698 ELK GROVE BLVD STE 1-181,ELK GROVE,CA,956243300,Sacramento,(916) 581 6715,02/28/2006,05/31/2028,B | C46,Workers' Compensation Insurance,STATE COMPENSATION INSURANCE FUND,04/14/2027,CSLBSearchData_163505900.xlsx
990072,FLEX SOLAR,Corporation,987 ELLEN LN,EL CAJON,CA,92019,San Diego,(619) 980 6158,01/23/2014,06/30/2027,C46,Workers' Compensation Insurance,STATE COMPENSATION INSURANCE FUND,07/25/2027,CSLBSearchData_163505900.xlsx
501585,FORSTER HEATING AIR CONDITIONING & SHEET METAL,Corporation,9410 CRATER HILL ROAD,AUBURN,CA,95603,Placer,(530) 888 1163,11/19/1986,11/30/2026,C20 | C43 | C46,Workers' Compensation Insurance,BENCHMARK INSURANCE COMPANY,01/01/2027,CSLBSearchData_163505900.xlsx
784864,FREEDOM HEATING INC,Corporation,1939 FREEDOM BLVD,FREEDOM,CA,95019,Santa Cruz,(831) 724 8900,09/21/2000,09/30/2028,C20 | C43 | C46,Workers' Compensation Insurance,EVEREST PREMIER INSURANCE COMPANY,03/17/2027,CSLBSearchData_163528025.xlsx
1020722,FREEDOM SOLAR,Corporation,306 W EINORTE PKWY STE N 407,ESCONDIDO,CA,92026,San Diego,(760) 975 6671,11/14/2016,11/30/2026,B | C10 | C46,Workers' Compensation Insurance,STATE COMPENSATION INSURANCE FUND,02/14/2027,CSLBSearchData_163505900.xlsx
1077999,FRESCHI AIR SYSTEMS LLC,Limited Liability,2440 SPRIG COURT,CONCORD,CA,94520,Contra Costa,(469) 724 7648,07/12/2021,07/31/2027,B | C20 | C36 | C46,Workers' Compensation Insurance,ACE AMERICAN INSURANCE COMPANY,06/30/2027,CSLBSearchData_163342171.xlsx
859046,FRESH COAT,Corporation,P O BOX 212,VOLCANO,CA,95689,Amador,(209) 660 9020,05/18/2005,05/31/2027,B | C33 | C46,Workers' Compensation Insurance,EMPLOYERS COMPENSATION INSURANCE COMPANY,04/23/2027,CSLBSearchData_163342171.xlsx
1054022,FUSED ELECTRIC,Limited Liability,825 DICKSON ST,MARINA DEL REY,CA,90292,Los Angeles,(424) 353 9997,05/28/2019,05/31/2027,C10 | C46,Workers' Compensation Insurance,STATE COMPENSATION INSURANCE FUND,03/03/2027,CSLBSearchData_163412289.xlsx
463720,FUTURE ENERGY SAVERS,Corporation,P O BOX 87,WILTON,CA,95693,Sacramento,(800) 985 0733,10/04/1984,10/31/2026,B | C10 | C17 | C20 | C46,Workers' Compensation Insurance,REDWOOD FIRE AND CASUALTY INSURANCE CO,07/01/2027,CSLBSearchData_163505900.xlsx
984739,G O P ELECTRIC INC,Corporation,17414 KINGSBURY ST,GRANADA HILLS,CA,91344,Los Angeles,(818) 335 2563,06/25/2013,06/30/2027,B | C10 | C46,Workers' Compensation Insurance,MID-CENTURY INSURANCE COMPANY,10/02/2026,CSLBSearchData_163412289.xlsx
496735,G W RICHARDSON HEATING & AIR CONDITIONING INC,Corporation,28231 AVE CROCKER UNIT 100,VALENCIA,CA,91355,Los Angeles,(661) 295 0115,08/14/1986,01/31/2028,C20 | C46,Workers' Compensation Insurance,UNITED FIRE & CASUALTY COMPANY,10/01/2026,CSLBSearchData_163412289.xlsx
661450,GALAXY PLUMBING & SOLAR SYSTEMS INC,Corporation,224 N PARK VIEW DRIVE,AGOURA,CA,91301,Los Angeles,(818) 612 8772,12/21/1992,12/31/2026,C20 | C36 | C46,Workers' Compensation Insurance,STATE COMPENSATION INSURANCE FUND,09/25/2026,CSLBSearchData_163412289.xlsx
992073,GALLEGOS BRAD STEVEN,Sole Owner,28435 SANDHURST WAY,ESCONDIDO,CA,92026,San Diego,(760) 975 5897,04/12/2014,04/30/2028,C20 | C46,Workers' Compensation Insurance,AMERICAN CASUALTY COMPANY OF READING PA,02/26/2027,CSLBSearchData_163505900.xlsx
692839,GARVEY ROOFING COMPANY INCORPORATED,Corporation,710 E FOOTHILL BLVD,MONROVIA,CA,91016,Los Angeles,(626) 358 9208,07/27/1994,04/30/2027,B | C-2 | C39 | C46,Workers' Compensation Insurance,NATIONAL CASUALTY COMPANY,11/30/2026,CSLBSearchData_163412289.xlsx
1071057,GCI ROOFING,Corporation,P O BOX 461451,ESCONDIDO,CA,92046,San Diego,(760) 676 9449,11/18/2020,04/30/2027,B-2 | C39 | C43 | C46,Workers' Compensation Insurance,STATE COMPENSATION INSURANCE FUND,04/10/2027,CSLBSearchData_163505900.xlsx
1157686,GLE SOLAR,Corporation,31111 RD 72,VISALIA,CA,93291,Tulare,(208) 995 6877,07/08/2026,07/31/2028,C46,Workers' Compensation Insurance,STATE COMPENSATION INSURANCE FUND,12/16/2026,CSLBSearchData_163547774.xlsx
1120463,GOAT SOLAR INC,Corporation,72188 DESERT INC,RANCHO MIRAGE,CA,92270,Riverside,(760) 641 7431,05/07/2024,05/31/2028,C10 | C46,Workers' Compensation Insurance,STARNET INSURANCE COMPANY,05/24/2027,CSLBSearchData_163505900.xlsx
1064369,GOGREEN BUILDERS LLC,Limited Liability,15335 MORRISON ST 130,SHERMAN OAKS,CA,91403,Los Angeles,(818) 443 6678,03/16/2020,03/31/2028,B | C39 | C46,Workers' Compensation Insurance,STATE COMPENSATION INSURANCE FUND,05/28/2027,CSLBSearchData_163412289.xlsx
612405,GOLD RIVER MECHANICAL INC,Corporation,6271 ANGELO COURT,LOOMIS,CA,95650,Placer,(916) 652 6105,02/10/1991,02/28/2027,C20 | C46,Workers' Compensation Insurance,MID-CENTURY INSURANCE COMPANY,06/01/2027,CSLBSearchData_163505900.xlsx
1032117,GOMAXXX INC,Corporation,5000 E 2ND ST STE L,BENICIA,CA,94510,Solano,(707) 782 6611,10/25/2017,10/31/2027,C10 | C46,Workers' Compensation Insurance,STATE COMPENSATION INSURANCE FUND,01/01/2027,CSLBSearchData_163528025.xlsx
1102888,GOOD APOLLO SOLAR INC,Corporation,1024 E VASSAR AVE,FRESNO,CA,93704,Fresno,(559) 373 1648,03/24/2023,03/31/2027,C46,Workers' Compensation Insurance,STATE COMPENSATION INSURANCE FUND,10/10/2026,CSLBSearchData_163342171.xlsx
1010200,GRAHAM SOLAR SYSTEMS INC,Corporation,9051 CHERRY AVE,ORANGEVALE,CA,95662,Sacramento,(916) 296 9884,01/08/2016,11/30/2026,B | C10 | C46,Workers' Compensation Insurance,STATE COMPENSATION INSURANCE FUND,09/25/2026,CSLBSearchData_163505900.xlsx
543093,GRASS VALLEY AIR CONDITIONING INC,Corporation,12805 LOMA RICA DR,GRASS VALLEY,CA,95945,Nevada,(530) 272 8171,10/03/1988,10/31/2026,C10 | C20 | C36 | C43 | C46,Workers' Compensation Insurance,OAK RIVER INSURANCE COMPANY,10/01/2026,CSLBSearchData_163444973.xlsx
1127392,GREEN ADDITIONS INC,Corporation,21255 BURBANK BLVD STE 120,LOS ANGELES,CA,91367,Los Angeles,(818) 697 1776,10/04/2024,10/31/2026,C46,Workers' Compensation Insurance,STATE COMPENSATION INSURANCE FUND,11/22/2026,CSLBSearchData_163412289.xlsx
916517,GREEN AIR HEATING AND AIR CONDITIONING INC,Corporation,3953 INDUSTRIAL WAY B,CONCORD,CA,94520,Contra Costa,(925) 284 7336,06/02/2008,06/30/2028,B | C10 | C20 | C46,Workers' Compensation Insurance,STARNET INSURANCE COMPANY,11/11/2026,CSLBSearchData_163342171.xlsx
938682,GREEN HILL SOLAR INC,Corporation,7020 MIDDLESBURY RIDGE CIR,WEST HILLS,CA,91307,Los Angeles,(310) 667 1154,10/12/2009,10/31/2027,B | C39 | C46,Workers' Compensation Insurance,STATE COMPENSATION INSURANCE FUND,03/01/2027,CSLBSearchData_163412289.xlsx
1075546,GREEN LINE SOLAR & ENERGY STORAGE,Corporation,120 4TH ST 2640,PETALUMA,CA,94952,Sonoma,(415) 495 4950,05/06/2021,05/31/2027,C46,Workers' Compensation Insurance,STATE COMPENSATION INSURANCE FUND,08/12/2027,CSLBSearchData_163528025.xlsx
1128206,GREEN POWER DIRECT SOLAR,Sole Owner,440 N BARRANCA AVE # 5688,COVINA,CA,91723,Los Angeles,(626) 524 6296,10/25/2024,10/31/2026,B | C46,Workers' Compensation Insurance,STATE COMPENSATION INSURANCE FUND,03/17/2027,CSLBSearchData_163412289.xlsx
961800,GREEN STOCK SOLAR,Corporation,PO BOX 3205,NAPA,CA,94558,Napa,(925) 998 8929,06/07/2011,07/31/2027,C46,Workers' Compensation Insurance,STATE COMPENSATION INSURANCE FUND,02/14/2027,CSLBSearchData_163444973.xlsx
1026278,GREEN UNIVERSE INC,Corporation,"17216 SATICOY STREET,#359",VAN NUYS,CA,91406,Los Angeles,(844) 686 4837,04/28/2017,04/30/2027,ASB | B | C21 | C46,Workers' Compensation Insurance,HARTFORD CASUALTY INSURANCE COMPANY,05/17/2027,CSLBSearchData_163412289.xlsx
1047548,GREENCAT INC,Corporation,26501 RIO VISTA DR,HEMET,CA,92544,Riverside,(208) 360 3011,12/05/2018,12/31/2026,B | C-2 | C10 | C17 | C20 | C36 | C46 | D65,Workers' Compensation Insurance,EVEREST NATIONAL INSURANCE COMPANY,01/01/2027,CSLBSearchData_163505900.xlsx
908145,GREENVOX CORPORATION,Corporation,"3017 NORTH SAN FERNANDO BLVD,UNIT D",BURBANK,CA,91504,Los Angeles,(747) 895 8888,12/18/2007,12/31/2027,C20 | C46,Workers' Compensation Insurance,STATE COMPENSATION INSURANCE FUND,05/23/2027,CSLBSearchData_163412289.xlsx
954140,GREENWIRED INC,Corporation,PO BOX 1686,REDWAY,CA,95560,Humboldt,(707) 923 2001,11/02/2010,11/30/2026,C10 | C20 | C46,Workers' Compensation Insurance,STATE COMPENSATION INSURANCE FUND,08/27/2026,CSLBSearchData_163412289.xlsx
858319,GREER'S BANNER AIR OF BAKERSFIELD INC,Corporation,4115 BUCK OWENS BLVD #B,BAKERSFIELD,CA,93308,Kern,(661) 322 5858,05/03/2005,05/31/2027,B | C20 | C43 | C46,Workers' Compensation Insurance,OAK RIVER INSURANCE COMPANY,04/01/2027,CSLBSearchData_163412289.xlsx
365955,GREINER HEATING AIR AND ELECTRIC INC,Corporation,8235 PEDRICK RD,DIXON,CA,95620,Solano,(707) 678 1784,11/20/1978,05/31/2028,C-2 | C10 | C20 | C36 | C46,Workers' Compensation Insurance,TRAVELERS PROPERTY CASUALTY COMPANY OF AMERICA,10/01/2026,CSLBSearchData_163528025.xlsx
867533,GRID ALTERNATIVES,Corporation,1171 OCEAN AVE,OAKLAND,CA,94608,Alameda,(510) 731 1310,11/14/2005,11/30/2027,B | C10 | C46,Workers' Compensation Insurance,HARTFORD FIRE INSURANCE COMPANY,04/01/2027,CSLBSearchData_163342171.xlsx
1024264,GSE SOLAR SYSTEMS INC,Corporation,P O BOX 156,ADELANTO,CA,92301,San Bernardino,(760) 246 7733,03/03/2017,03/31/2027,C46,Workers' Compensation Insurance,STATE COMPENSATION INSURANCE FUND,08/12/2027,CSLBSearchData_163505900.xlsx
1117117,GU DEVELOPMENT INC,Corporation,4678 FRONTENAC PARK CT,FREMONT,CA,94538,Alameda,(650) 587 8648,02/27/2024,02/29/2028,B | C10 | C46,Workers' Compensation Insurance,STATE COMPENSATION INSURANCE FUND,06/22/2027,CSLBSearchData_163342171.xlsx
997054,GUYOU CONSTRUCTION INC,Corporation,9880 INDIANA AVENUE SUITE 2,RIVERSIDE,CA,92503,Riverside,(866) 464 8968,09/23/2014,09/30/2028,B | C10 | C20 | C39 | C46,Workers' Compensation Insurance,BERKSHIRE HATHAWAY HOMESTATE INSURANCE COMPANY,04/04/2027,CSLBSearchData_163505900.xlsx
1024165,H C I SOLAR,Corporation,"2121 N CALIFORNIA BLVD,SUITE 290",WALNUT CREEK,CA,94596,Contra Costa,(415) 910 6808,02/28/2017,08/31/2027,C10 | C46,Workers' Compensation Insurance,STARNET INSURANCE COMPANY,08/08/2026,CSLBSearchData_163342171.xlsx
822005,H M W DEVELOPMENT INC,Corporation,30 LAUREL HILL COURT,SAN MATEO,CA,94402,San Mateo,(415) 806 8992,07/21/2003,07/31/2027,A | B | C-7 | C10 | C46,Workers' Compensation Insurance,STATE COMPENSATION INSURANCE FUND,11/25/2026,CSLBSearchData_163528025.xlsx
918651,H R C ROOFING AND SOLAR INC,Corporation,27365 INDUSTRIAL BLVD UNIT D,HAYWARD,CA,94545,Alameda,(855) 827 8957,07/03/2008,05/31/2028,B | C39 | C46 | D41,Workers' Compensation Insurance,STATE COMPENSATION INSURANCE FUND,06/21/2027,CSLBSearchData_163342171.xlsx
810016,HAMMER MECHANICAL INC,Corporation,1611 S MELROSE DR STE A286,VISTA,CA,92081,San Diego,(760) 597 9282,06/29/2002,06/30/2028,C20 | C46,Workers' Compensation Insurance,HARTFORD UNDERWRITERS INSURANCE COMPANY,12/01/2026,CSLBSearchData_163505900.xlsx
1071940,HAMODOT ISAAC,Sole Owner,2131 CENTURY PARK LANE 416,LOS ANGELES,CA,90067,Los Angeles,(714) 244 9812,12/14/2020,12/31/2026,B | C46,Workers' Compensation Insurance,STATE COMPENSATION INSURANCE FUND,07/24/2027,CSLBSearchData_163412289.xlsx
434631,HANLEY CONSTRUCTION,Corporation,P O BOX 808,STOCKTON,CA,95201,San Joaquin,(209) 462 2446,02/07/1983,02/28/2027,B | C-8 | C10 | C46 | D28,Workers' Compensation Insurance,STATE COMPENSATION INSURANCE FUND,10/01/2026,CSLBSearchData_163505900.xlsx
734617,HARAN CONTRACTING,Sole Owner,11795 PAREY AVE,RED BLUFF,CA,96080,Tehama,(530) 356 7109,04/04/1997,04/30/2027,B | C10 | C46,Workers' Compensation Insurance,STATE COMPENSATION INSURANCE FUND,03/05/2027,CSLBSearchData_163547774.xlsx
814866,HAVEN-ELECTRIC INC,Corporation,P O BOX 1352,BLUE LAKE,CA,95525,Humboldt,(707) 502 5454,11/15/2002,11/30/2027,B | C10 | C20 | C39 | C46,Workers' Compensation Insurance,STATE COMPENSATION INSURANCE FUND,04/03/2027,CSLBSearchData_163412289.xlsx
606836,HAWES HEATING & AIR CONDITIONING,Sole Owner,39764 SHARON AVENUE,DAVIS,CA,95616,Yolo,(707) 429 1116,11/20/1990,11/30/2026,C20 | C46,Workers' Compensation Insurance,TECHNOLOGY INSURANCE COMPANY INC,03/06/2027,CSLBSearchData_163547774.xlsx
1115237,HELIOS CONSTRUCTION SERVICES,Limited Liability,11485 COLONY ROAD,GALT,CA,95632,Sacramento,(209) 327 5579,01/22/2024,01/31/2028,B | C10 | C39 | C46,Workers' Compensation Insurance,STATE COMPENSATION INSURANCE FUND,02/20/2027,CSLBSearchData_163505900.xlsx
855174,HENRY MECHANICAL,Corporation,7656 BELL RD,WINDSOR,CA,95492,Sonoma,(707) 838 3311,02/28/2005,02/28/2027,C10 | C20 | C36 | C43 | C46,Workers' Compensation Insurance,OAK RIVER INSURANCE COMPANY,01/27/2027,CSLBSearchData_163528025.xlsx
1130591,HHS SOLAR CA LLC,Limited Liability,1121 STIKER AVE STE 150,SACRAMENTO,CA,93065,Sacramento,(818) 254 8209,12/17/2024,12/31/2026,B | C10 | C17 | C33 | C39 | C46,Workers' Compensation Insurance,STATE COMPENSATION INSURANCE FUND,12/11/2026,CSLBSearchData_163505900.xlsx
949189,HIGH DEFINITION SOLAR CONSTRUCTION,Corporation,1190 BURNETT AVE SUITE F,CONCORD,CA,94520,Contra Costa,(925) 566 8282,06/24/2010,06/30/2028,B | C39 | C46,Workers' Compensation Insurance,EMPLOYERS PREFERRED INSURANCE COMPANY,02/05/2027,CSLBSearchData_163342171.xlsx
907086,HIGH POINT SOLAR,Sole Owner,PO BOX 100 PMB 104,MAMMOTH LAKES,CA,93546,Mono,(760) 914 2555,11/27/2007,11/30/2027,B | C10 | C46,Workers' Compensation Insurance,EMPLOYERS PREFERRED INSURANCE COMPANY,03/21/2027,CSLBSearchData_163444973.xlsx
960376,HIGHLIGHT SOLAR INC A CALIFORNIA CORPORATION,Corporation,3554 PARKLAND AVE,SAN JOSE,CA,95117,Santa Clara,(408) 489 9273,04/27/2011,04/30/2027,B | C10 | C46,Workers' Compensation Insurance,EMPLOYERS PREFERRED INSURANCE COMPANY,10/01/2026,CSLBSearchData_163528025.xlsx
846105,HODNE ROOFING & SOLAR,Corporation,18261 FIELDBURY LANE,HUNTINGTON BEACH,CA,92648,Orange,(310) 326 5992,09/09/2004,09/30/2026,B | C39 | C46,Workers' Compensation Insurance,STATE COMPENSATION INSURANCE FUND,10/01/2026,CSLBSearchData_163444973.xlsx
1008036,HOME BUILT ENERGY INC,Corporation,746 E PALM DRIVE,HANFORD,CA,93230,Kings,(559) 573 8988,10/09/2015,06/30/2028,B | C20 | C46,Workers' Compensation Insurance,STATE COMPENSATION INSURANCE FUND,09/07/2026,CSLBSearchData_163412289.xlsx
1050229,HOME PRO ROOFING AND SOLAR,Corporation,100 S MURPHY AVE SUITE 200,SUNNYVALE,CA,94086,Santa Clara,(800) 650 3134,02/14/2019,02/28/2027,B | C39 | C46,Workers' Compensation Insurance,STATE COMPENSATION INSURANCE FUND,02/07/2027,CSLBSearchData_163528025.xlsx
1053003,HOMEXPERTS INC,Corporation,"1320 WILLOW PASS RD,SUITE 600",CONCORD,CA,94520,Contra Costa,(833) 699 7378,04/30/2019,04/30/2027,B | C39 | C46,Workers' Compensation Insurance,STATE COMPENSATION INSURANCE FUND,05/03/2027,CSLBSearchData_163342171.xlsx
942829,HONEYS AIR & SOLAR,Corporation,501 BITRITTO WAY,MODESTO,CA,95356,Stanislaus,(209) 523 2345,01/29/2010,01/31/2028,C10 | C17 | C20 | C36 | C46,Workers' Compensation Insurance,ZURICH AMERICAN INSURANCE COMPANY,10/01/2026,CSLBSearchData_163528025.xlsx
949707,HOOKED ON SOLAR INC,Corporation,2571 WARREN DRIVE,ROCKLIN,CA,95677,Placer,(855) 466 5332,07/08/2010,06/30/2027,B | C10 | C46,Workers' Compensation Insurance,STATE COMPENSATION INSURANCE FUND,06/04/2027,CSLBSearchData_163505900.xlsx
987927,HORIZON ENERGY SYSTEMS LLC,Limited Liability,5024 ENGLE ROAD,CARMICHAEL,CA,95608,Sacramento,(833) 667 4324,10/23/2013,07/31/2027,B | C10 | C46,Workers' Compensation Insurance,STATE COMPENSATION INSURANCE FUND,11/01/2026,CSLBSearchData_163505900.xlsx
940550,HOT PURPLE ENERGY,Corporation,P O BOX 261,PALM SPRINGS,CA,92263,Riverside,(760) 898 3939,12/01/2009,12/31/2027,B | C46,Workers' Compensation Insurance,OAK RIVER INSURANCE COMPANY,05/01/2027,CSLBSearchData_163505900.xlsx
898737,HOWE ELECTRIC CONSTRUCTION INC,Corporation,4682 E OLIVE AVENUE,FRESNO,CA,93702,Fresno,(559) 255 8992,06/18/2007,06/30/2027,B | C10 | C46,Workers' Compensation Insurance,CONTINENTAL INSURANCE COMPANY (THE),11/01/2026,CSLBSearchData_163342171.xlsx
1142194,HP ELECTRICAL LLC,Limited Liability,10315 COMSTOCK LANE,AUBURN,CA,95603,Placer,(470) 504 4045,08/19/2025,08/31/2027,B | C10 | C46,Workers' Compensation Insurance,PIE INSURANCE COMPANY (THE),11/12/2026,CSLBSearchData_163505900.xlsx
1048126,HPM SOLAR INC,Corporation,1081 W 9TH ST,UPLAND,CA,91786,San Bernardino,(909) 297 3284,12/19/2018,12/31/2026,C46,Workers' Compensation Insurance,STATE COMPENSATION INSURANCE FUND,12/01/2026,CSLBSearchData_163505900.xlsx
793014,HPS PLUMBING SERVICES,Corporation,3100 E BELLE TERRACE,BAKERSFIELD,CA,93307,Kern,(661) 397 2121,03/27/2001,03/31/2027,A | B | C-2 | C-4 | C10 | C16 | C20 | C34 | C36 | C42 | C43 | C46,Workers' Compensation Insurance,ZURICH AMERICAN INSURANCE COMPANY,07/01/2027,CSLBSearchData_163412289.xlsx
975784,HRC HOME IMPROVEMENT INC,Corporation,"27365 INDUTRIAL BLVD,UNIT D",HAYWARD,CA,94545,Alameda,(855) 827 8957,08/14/2012,08/31/2026,B | C39 | C46,Workers' Compensation Insurance,STATE COMPENSATION INSURANCE FUND,06/21/2027,CSLBSearchData_163342171.xlsx
352336,HUDSPETH CONSTRUCTION INC,Corporation,817 S BOLLINGER CT,VISALIA,CA,93277,Tulare,(559) 625 1371,02/06/1978,07/31/2028,A | B | C-8 | C46,Workers' Compensation Insurance,EVEREST PREMIER INSURANCE COMPANY,02/01/2027,CSLBSearchData_163547774.xlsx
1028965,I LOVE MY SOLAR INC,Corporation,1550 CARBONDALE ROAD,IONE,CA,95640,Amador,(877) 607 6527,07/14/2017,08/31/2027,B | C10 | C39 | C46,Workers' Compensation Insurance,STATE COMPENSATION INSURANCE FUND,07/12/2027,CSLBSearchData_163342171.xlsx
937645,ILLUMINATE SOLAR COMPANY,Corporation,155 LAKEWOOD RD,WALNUT CREEK,CA,94598,Contra Costa,(925) 324 7176,09/10/2009,06/30/2027,B | C39 | C46,Workers' Compensation Insurance,STATE COMPENSATION INSURANCE FUND,11/11/2026,CSLBSearchData_163342171.xlsx
1125951,IMPACT SOLAR ENERGY LLC,Limited Liability,25 SHELL BARK,IRVINE,CA,92618,Orange,(949) 344 5640,09/04/2024,09/30/2028,B | C10 | C46,Workers' Compensation Insurance,STATE COMPENSATION INSURANCE FUND,09/18/2026,CSLBSearchData_163444973.xlsx
1086834,INDIGO SOLAR,Sole Owner,26820 CRILLY RD,CORONA,CA,92883,Riverside,(951) 427 4527,02/01/2022,02/29/2028,C46,Workers' Compensation Insurance,PIE INSURANCE COMPANY (THE),11/22/2026,CSLBSearchData_163505900.xlsx
1008917,INFINITE SOLAR INC,Corporation,1111 DORIS AVE,OXNARD,CA,93030,Ventura,(805) 807 5550,11/12/2015,08/31/2028,C46,Workers' Compensation Insurance,STATE COMPENSATION INSURANCE FUND,12/17/2026,CSLBSearchData_163547774.xlsx
992065,INFINITY ELECTRIC & GENERATORS,Corporation,9076 LYNDORA STREET,DOWNEY,CA,90242,Los Angeles,(323) 382 4271,04/12/2014,03/31/2028,C10 | C46,Workers' Compensation Insurance,PIE INSURANCE COMPANY (THE),06/01/2027,CSLBSearchData_163412289.xlsx
698270,INSTALLATION OF DATA & TELECOMMUNICATIONS,Partnership,517 JACOBY ST STE C,SAN RAFAEL,CA,94901,Marin,(415) 226 0020,11/01/1994,11/30/2026,C-7 | C46,Workers' Compensation Insurance,HARTFORD CASUALTY INSURANCE COMPANY,04/20/2027,CSLBSearchData_163444973.xlsx
750325,"INTEGRITY HEATING, AIR & SOLAR",Corporation,5213 INDUSTRIAL WAY,ANDERSON,CA,96007,Shasta,(530) 365 9100,06/05/1998,09/30/2026,C20 | C46,Workers' Compensation Insurance,STATE COMPENSATION INSURANCE FUND,07/01/2027,CSLBSearchData_163528025.xlsx
522166,INTERSTATE ROOFING AND SOLAR,Corporation,10401 PEARMAIN STREET,OAKLAND,CA,94603,Alameda,(510) 639 0833,12/29/1987,12/31/2027,C39 | C46,Workers' Compensation Insurance,STATE COMPENSATION INSURANCE FUND,01/01/2027,CSLBSearchData_163342171.xlsx
868592,ITECH SOLUTION,Sole Owner,P O BOX 270040,SAN JOSE,CA,95127,Santa Clara,(408) 832 8150,12/03/2005,12/31/2027,A | B | C-7 | C-8 | C10 | C12 | C27 | C46 | D28,Workers' Compensation Insurance,ALLMERICA FINANCIAL BENEFIT INSURANCE COMPANY,04/02/2027,CSLBSearchData_163528025.xlsx
1107914,J AIRCON INC,Corporation,21023 STODDARD WELLS RD,WALNUT,CA,91789,Los Angeles,(626) 890 9109,07/31/2023,07/31/2027,B | C20 | C36 | C46,Workers' Compensation Insurance,NATIONAL FIRE INSURANCE COMPANY OF HARTFORD,07/25/2026,CSLBSearchData_163412289.xlsx
911492,J K B ENERGY,Corporation,P O BOX 2998,TURLOCK,CA,95381,Stanislaus,(209) 632 2647,02/28/2008,02/29/2028,B | C46,Workers' Compensation Insurance,STATE COMPENSATION INSURANCE FUND,12/31/2026,CSLBSearchData_163528025.xlsx
991112,J K B ENERGY CORPORATION,Corporation,PO BOX 2998,TURLOCK,CA,95381,Stanislaus,(209) 632 2647,03/07/2014,03/31/2028,B | C46,Workers' Compensation Insurance,STATE COMPENSATION INSURANCE FUND,12/31/2026,CSLBSearchData_163528025.xlsx
1055529,J N BUILDS INC,Corporation,1514 CURTIS AVE,MANHATTAN BEACH,CA,90266,Los Angeles,(310) 426 8055,07/05/2019,07/31/2027,A | B | C46 | C51,Workers' Compensation Insurance,OMAHA NATIONAL CASUALTY COMPANY,07/05/2027,CSLBSearchData_163412289.xlsx
865672,J Q S CONSTRUCTION SERVICES,Sole Owner,12962 FENTON AVENUE,SYLMAR,CA,91342,Los Angeles,(818) 613 7221,10/12/2005,10/31/2027,B | C46,Workers' Compensation Insurance,STATE COMPENSATION INSURANCE FUND,07/18/2027,CSLBSearchData_163412289.xlsx
401802,J R PUTMAN INC,Corporation,11330 SUNRISE PARK DR STE A,RANCHO CORDOVA,CA,95742,Sacramento,(916) 638 2442,03/30/1981,09/30/2026,B | C-2 | C20 | C36 | C46,Workers' Compensation Insurance,INDEMNITY INSURANCE COMPANY OF NORTH AMERICA,10/01/2026,CSLBSearchData_163505900.xlsx
815888,J T ELECTRIC INC,Corporation,7500 MONTEREY ST #3,GILROY,CA,95020,Santa Clara,(408) 426 1867,12/16/2002,09/30/2027,C10 | C46,Workers' Compensation Insurance,HARTFORD CASUALTY INSURANCE COMPANY,12/01/2026,CSLBSearchData_163528025.xlsx
1064241,JC SOLAR ENTERPRISES INC,Corporation,4545 INDUSTRIAL ST #5P,SIMI VALLEY,CA,93063,Ventura,(805) 864 9052,03/12/2020,01/31/2028,C46,Workers' Compensation Insurance,STATE COMPENSATION INSURANCE FUND,08/12/2027,CSLBSearchData_163547774.xlsx
909002,JEBL ENGINEERING & CONSTRUCTION INC,Corporation,3629 LAWNWOOD DR,SAN LUIS OBISPO,CA,93401,San Luis Obispo,(805) 215 2556,01/11/2008,09/30/2027,A | B | C10 | C46,Workers' Compensation Insurance,STATE COMPENSATION INSURANCE FUND,01/04/2027,CSLBSearchData_163505900.xlsx
939675,JEFF PERIERA HOME ENERGY INC,Corporation,3724 ALKEN STREET,BAKERSFIELD,CA,93308,Kern,(661) 454 5568,10/31/2009,01/31/2027,C10 | C46,Workers' Compensation Insurance,STATE COMPENSATION INSURANCE FUND,01/24/2027,CSLBSearchData_163412289.xlsx
708935,JONAS ENERGY SOLUTIONS,Corporation,PO BOX 277,LOWER LAKE,CA,95457,Lake,(707) 994 5911,06/27/1995,06/30/2027,C10 | C20 | C46,Workers' Compensation Insurance,PIE INSURANCE COMPANY (THE),08/19/2027,CSLBSearchData_163412289.xlsx
874560,JOVIC CONSTRUCTION INC,Corporation,291 E FRANKLIN AVE,POMONA,CA,91766,Los Angeles,(760) 641 1624,03/18/2006,09/30/2027,B | C46,Workers' Compensation Insurance,STATE COMPENSATION INSURANCE FUND,12/04/2026,CSLBSearchData_163412289.xlsx
1082343,JP SOLAR SERVICES INC,Corporation,5307 FLEMING RD,ATWATER,CA,95301,Merced,(209) 445 0705,10/11/2021,09/30/2027,C46,Workers' Compensation Insurance,STATE COMPENSATION INSURANCE FUND,04/07/2027,CSLBSearchData_163444973.xlsx
720646,KEN'S SOLAR SERVICE,Sole Owner,5779 WINFIELD BLVD UNIT A-8,SAN JOSE,CA,95123,Santa Clara,(408) 559 8111,04/01/1996,04/30/2028,C46,Workers' Compensation Insurance,STATE COMPENSATION INSURANCE FUND,02/01/2027,CSLBSearchData_163528025.xlsx
787317,KERN MECHANICAL INC,Corporation,2830 FAIRHAVEN DRIVE,BAKERSFIELD,CA,93308,Kern,(661) 324 0214,11/14/2000,10/13/2026,B | C20 | C43 | C46,Workers' Compensation Insurance,OAK RIVER INSURANCE COMPANY,07/02/2027,CSLBSearchData_163412289.xlsx
1119258,KING ELECTRIC AND SOLAR INC,Corporation,P O BOX 3167,AUBURN,CA,95604,Placer,(916) 597 0971,04/12/2024,04/30/2028,C10 | C46,Workers' Compensation Insurance,EMPLOYERS COMPENSATION INSURANCE COMPANY,04/28/2027,CSLBSearchData_163505900.xlsx
1028324,KINGDOM SOLAR INC,Corporation,"2003 PREISKER LN,STE A",SANTA MARIA,CA,93454,Santa Barbara,(925) 481 8903,06/26/2017,10/31/2027,C10 | C39 | C46,Workers' Compensation Insurance,STATE COMPENSATION INSURANCE FUND,09/08/2026,CSLBSearchData_163528025.xlsx
1042456,KLEIN CONSTRUCTION INC,Corporation,12442 LA MAIDA STREET,VALLEY VILLAGE,CA,91607,Los Angeles,(323) 653 5085,07/30/2018,07/31/2028,B | C10 | C15 | C16 | C20 | C36 | C46 | C53 | D28,Workers' Compensation Insurance,STATE FARM FIRE AND CASUALTY COMPANY,01/01/2027,CSLBSearchData_163412289.xlsx
775849,KS ELECTRIC,Corporation,40380 BRICKYARD DR,MADERA,CA,93636,Madera,(559) 658 2525,03/06/2000,01/31/2027,B | C10 | C46,Workers' Compensation Insurance,STARNET INSURANCE COMPANY,01/20/2027,CSLBSearchData_163412289.xlsx
1158273,KX CONSTRUCTION LLC,Limited Liability,1034 STOCKTON ST APT 6,SAN FRANCISCO,CA,94108,San Francisco,(415) 860 7881,07/20/2026,07/31/2028,B | C10 | C20 | C36 | C46,Workers' Compensation Insurance,EMPLOYERS COMPENSATION INSURANCE COMPANY,06/18/2027,CSLBSearchData_163505900.xlsx
1115117,L J HEATING AND AIR CONDITIONING INC,Corporation,P O BOX 828,MARYSVILLE,CA,95901,Yuba,(530) 301 9632,01/17/2024,01/31/2028,C20 | C46,Workers' Compensation Insurance,AMTRUST INSURANCE COMPANY,01/05/2027,CSLBSearchData_163547774.xlsx
983334,L T S SOLAR ENERGY,Sole Owner,18827 RANGELAND ROAD,RAMONA,CA,92065,San Diego,(760) 505 6822,04/30/2013,04/30/2027,C46,Workers' Compensation Insurance,STATE COMPENSATION INSURANCE FUND,12/31/2026,CSLBSearchData_163505900.xlsx
1112295,LA CRESTA HOLDINGS INC,Corporation,"23811 WASHINGTON AVE,STE C 110 - 232",MURRIETA,CA,92562,Riverside,(951) 837 1209,11/03/2023,11/30/2027,A | B | C10 | C39 | C46,Workers' Compensation Insurance,EVEREST PREMIER INSURANCE COMPANY,11/01/2026,CSLBSearchData_163505900.xlsx
627629,LAKESHORE ELECTRIC & ENGINEERING COMPANY INC,Corporation,44 N JACKSON AVE F - 26,SAN JOSE,CA,95116,Santa Clara,(408) 506 4143,09/05/1991,09/30/2027,A | C10 | C46,Workers' Compensation Insurance,TECHNOLOGY INSURANCE COMPANY INC,11/01/2026,CSLBSearchData_163528025.xlsx
1006199,LANDSCAPE & TREE COMPANY,Corporation,9340 VIKING PLACE,ROSEVILLE,CA,95747,Placer,(916) 246 9987,08/06/2015,08/31/2027,B | C27 | C39 | C46 | C53 | D49 | D59,Workers' Compensation Insurance,SUNZ INSURANCE COMPANY,01/01/2027,CSLBSearchData_163505900.xlsx
669156,LANDSCAPE ARTISTRY INCORPORATED,Corporation,1155 CAMINO DEL MAR #555,DEL MAR,CA,92014,San Diego,(858) 483 5030,04/13/1993,12/31/2026,B | C27 | C46 | C53,Workers' Compensation Insurance,TECHNOLOGY INSURANCE COMPANY INC,03/01/2027,CSLBSearchData_163505900.xlsx
514239,LAREY V O,Sole Owner,1742 PINE STREET,HUNTINGTON BEACH,CA,92646,Orange,(714) 305 4955,07/15/1987,07/31/2027,B | C39 | C46,Workers' Compensation Insurance,STATE COMPENSATION INSURANCE FUND,11/23/2026,CSLBSearchData_163444973.xlsx
721329,LE HEATING & AIR CONDITIONING,Sole Owner,3016 NIEMAN BLVD,SAN JOSE,CA,95148,Santa Clara,(408) 591 8561,04/12/1996,04/30/2028,C20 | C46,Workers' Compensation Insurance,HARTFORD CASUALTY INSURANCE COMPANY,09/22/2026,CSLBSearchData_163528025.xlsx
296899,LENZI CONSTRUCTION,Sole Owner,PO BOX 343,VICTOR,CA,95253,San Joaquin,(209) 224 5950,08/02/1974,09/30/2027,B | C46,Workers' Compensation Insurance,ZURICH AMERICAN INSURANCE COMPANY,08/24/2026,CSLBSearchData_163505900.xlsx
1007527,LENZI INCORPORATED,Corporation,P O BOX 343,VICTOR,CA,95253,San Joaquin,(209) 224 5950,09/22/2015,09/30/2027,B | C-8 | C21 | C46,Workers' Compensation Insurance,ZURICH AMERICAN INSURANCE COMPANY,08/24/2026,CSLBSearchData_163505900.xlsx
773026,LGM CONSTRUCTION,Corporation,PO BOX 338,JACKSON,CA,95642,Amador,(209) 223 3583,12/29/1999,12/31/2027,A | B | C46,Workers' Compensation Insurance,STARNET INSURANCE COMPANY,05/07/2027,CSLBSearchData_163342171.xlsx
978938,LIM SOLUTIONS INC,Corporation,16352 SPARTAN,HUNTINGTON BEACH,CA,92649,Orange,(714) 875 2134,11/27/2012,11/30/2026,B | C20 | C36 | C46,Workers' Compensation Insurance,SEQUOIA INSURANCE COMPANY,09/08/2026,CSLBSearchData_163444973.xlsx
1033488,LOS ANGELES SOLAR PROS,Corporation,"5260 POMONA BLVD,UNIT 102",LOS ANGELES,CA,90022,Los Angeles,(323) 350 2138,12/01/2017,12/31/2027,C10 | C46,Workers' Compensation Insurance,STATE COMPENSATION INSURANCE FUND,07/07/2027,CSLBSearchData_163412289.xlsx
983600,LOTUS ENERGY,Sole Owner,PO BOX 15,COLOMA,CA,95613,El Dorado,(530) 409 8501,05/09/2013,05/31/2027,C10 | C46,Workers' Compensation Insurance,STATE COMPENSATION INSURANCE FUND,07/14/2027,CSLBSearchData_163342171.xlsx
1114147,LUMENEXX,Corporation,385 S LEMON AVENUE STE E-242,WALNUT,CA,91789,Los Angeles,(909) 530 0355,12/19/2023,12/31/2027,C46,Workers' Compensation Insurance,STATE COMPENSATION INSURANCE FUND,08/30/2026,CSLBSearchData_163412289.xlsx
845219,LUMINALT ENERGY CORPORATION,Corporation,10 CAROLINA STREET,SAN FRANCISCO,CA,94103,San Francisco,(415) 640 4000,08/23/2004,07/31/2028,B | C10 | C20 | C46,Workers' Compensation Insurance,REDWOOD FIRE AND CASUALTY INSURANCE CO,01/24/2027,CSLBSearchData_163505900.xlsx
939364,LUNDY SOLAR AND ROOFING COMPANY,Sole Owner,11501 DUBLIN BLVD SUITE 200,DUBLIN,CA,94568,Alameda,(408) 459 2273,10/26/2009,10/31/2027,B | C10 | C39 | C46,Workers' Compensation Insurance,STATE COMPENSATION INSURANCE FUND,12/01/2026,CSLBSearchData_163342171.xlsx
815891,M D ELECTRIC & SOLAR INC,Corporation,38191 OLD STAGE RD,GUALALA,CA,95445,Mendocino,(707) 884 1862,12/16/2002,08/31/2028,C10 | C46,Workers' Compensation Insurance,STATE COMPENSATION INSURANCE FUND,05/03/2027,CSLBSearchData_163444973.xlsx
440297,M S SHUFELBERGER CONSTRUCTION,Sole Owner,9580 CROSSROADS DR,REDDING,CA,96003,Shasta,(530) 221 8555,05/16/1983,05/31/2027,A | B | C46,Workers' Compensation Insurance,CLEAR SPRING PROPERTY AND CASUALTY COMPANY,10/01/2026,CSLBSearchData_163528025.xlsx
1000366,MAC GREINE ENERGY CORP,Corporation,1507 E MAPLE AVE UNIT B,EL SEGUNDO,CA,90245,Los Angeles,(310) 428 1749,01/20/2015,01/31/2027,C39 | C46,Workers' Compensation Insurance,MIDWEST EMPLOYERS CASUALTY COMPANY,03/11/2027,CSLBSearchData_163412289.xlsx
477233,MAC'S SOLAR,Corporation,162 VISTA DEL MAR,SANTA BARBARA,CA,93109,Santa Barbara,(805) 682 3386,07/25/1985,05/31/2028,C46,Workers' Compensation Insurance,STATE COMPENSATION INSURANCE FUND,01/01/2027,CSLBSearchData_163528025.xlsx
1025477,MAGIC SOLAR SAN DIEGO LLC,Limited Liability,4140 OCEANSIDE BLVD 159-1200,OCEANSIDE,CA,92056,San Diego,(619) 728 4928,04/05/2017,10/31/2027,C10 | C46,Workers' Compensation Insurance,STATE COMPENSATION INSURANCE FUND,04/01/2027,CSLBSearchData_163505900.xlsx
815323,MAGNOLIA HEATING & COOLING INC,Corporation,6990 JURUPA AVENUE,RIVERSIDE,CA,92504,Riverside,(951) 688 3524,11/26/2002,11/30/2026,C20 | C46,Workers' Compensation Insurance,NATIONWIDE GENERAL INSURANCE COMPANY,06/01/2027,CSLBSearchData_163505900.xlsx
799729,MAINTEL INC,Corporation,112 WEST 9TH STREET #410,LOS ANGELES,CA,90015,Los Angeles,(213) 627 4491,09/26/2001,09/30/2027,C-7 | C10 | C46,Workers' Compensation Insurance,STATE COMPENSATION INSURANCE FUND,11/24/2026,CSLBSearchData_163412289.xlsx
749299,MARIN MECHANICAL II INC,Corporation,3100 KERNER BLVD SUITE B-1,SAN RAFAEL,CA,94901,Marin,(415) 485 4472,05/12/1998,05/31/2028,A | B | C-4 | C36 | C46,Workers' Compensation Insurance,EVEREST PREMIER INSURANCE COMPANY,06/10/2027,CSLBSearchData_163444973.xlsx
701317,MARKS SOLAR INC,Corporation,1632 GARDEN ROAD,DURHAM,CA,95938,Butte,(530) 680 7331,01/13/1995,04/30/2027,B | C46,Workers' Compensation Insurance,STATE COMPENSATION INSURANCE FUND,01/25/2027,CSLBSearchData_163342171.xlsx
299990,MASELLIS ELECTRIC & SOLAR INC,Corporation,23845 E RIVER ROAD,ESCALON,CA,95320,San Joaquin,(209) 838 1368,11/20/1974,11/30/2026,C10 | C27 | C46,Workers' Compensation Insurance,STATE COMPENSATION INSURANCE FUND,10/01/2026,CSLBSearchData_163505900.xlsx
768926,MASTERS ELECTRIC,Corporation,6608 DOOLITTLE AVE,RIVERSIDE,CA,92503,Riverside,(951) 515 1290,09/17/1999,09/30/2027,B | C-7 | C10 | C46,Workers' Compensation Insurance,VALLEY FORGE INSURANCE COMPANY,10/18/2026,CSLBSearchData_163505900.xlsx
895469,MAXUM ENERGY INC,Corporation,2625 TOWNSGATE ROAD STE 330,WESTLAKE VILLAGE,CA,91361,Ventura,(818) 855 9203,04/28/2007,04/30/2027,C46,Workers' Compensation Insurance,STATE COMPENSATION INSURANCE FUND,05/19/2027,CSLBSearchData_163547774.xlsx
941211,MCCALMONT CORPORATION,Corporation,1624 DELL AVENUE,CAMPBELL,CA,95008,Santa Clara,(408) 871 9600,12/21/2009,12/31/2027,B | C10 | C46,Workers' Compensation Insurance,HARTFORD CASUALTY INSURANCE COMPANY,12/16/2026,CSLBSearchData_163528025.xlsx
965286,MCKEEVER ENERGY & ELECTRIC INC,Corporation,5000 WEST END RD 4,ARCATA,CA,95521,Humboldt,(707) 407 6990,09/07/2011,09/30/2027,A | C10 | C46,Workers' Compensation Insurance,,,CSLBSearchData_163412289.xlsx
1060850,MEASURE THE SUN INC,Corporation,11138 DEL AMO BLVD,LAKEWOOD,CA,90715,Los Angeles,(562) 999 1417,11/27/2019,12/31/2027,C10 | C46,Workers' Compensation Insurance,PIE INSURANCE COMPANY (THE),07/28/2027,CSLBSearchData_163412289.xlsx
663552,MECHANICAL GROUP,Limited Liability,625 S PALM ST STE H,LA HABRA,CA,90631,Orange,(562) 694 0110,01/25/1993,08/31/2027,C20 | C46,Workers' Compensation Insurance,XL SPECIALTY INSURANCE COMPANY,06/23/2027,CSLBSearchData_163444973.xlsx
996940,MECHPROS HEATING AND AIR CONDITIONING,Sole Owner,5702 MARSH DRIVE STE B,PACHECO,CA,94553,Contra Costa,(925) 665 9003,09/20/2014,09/30/2026,C20 | C46,Workers' Compensation Insurance,AMTRUST INSURANCE COMPANY,07/09/2027,CSLBSearchData_163342171.xlsx
584591,MEDINA'S HEATING AND AIR - CONDITIONING INC,Corporation,3025 W VALLEY BOULEVARD,ALHAMBRA,CA,91803,Los Angeles,(626) 289 9438,01/06/1990,07/31/2028,C10 | C20 | C38 | C43 | C46,Workers' Compensation Insurance,PIE INSURANCE COMPANY (THE),01/25/2027,CSLBSearchData_163412289.xlsx
777269,MEGA ELECTRIC & P V INC,Corporation,811 HARBOR ROAD,ALAMEDA,CA,94502,Alameda,(510) 504 9696,04/10/2000,04/30/2028,C10 | C46,Workers' Compensation Insurance,STATE COMPENSATION INSURANCE FUND,10/01/2026,CSLBSearchData_163342171.xlsx
1029183,MEI RENEWABLES INC,Corporation,382 TESCONI COURT,SANTA ROSA,CA,95401,Sonoma,(707) 791 2000,07/21/2017,07/31/2027,C46,Workers' Compensation Insurance,PRAETORIAN INSURANCE COMPANY,06/26/2027,CSLBSearchData_163528025.xlsx
949517,MERMAID POOLS,Sole Owner,4830 LIVE OAK CANYON ROAD,LA VERNE,CA,91750,Los Angeles,(800) 606 0406,06/30/2010,06/30/2028,C46 | C53,Workers' Compensation Insurance,HARTFORD CASUALTY INSURANCE COMPANY,10/16/2026,CSLBSearchData_163412289.xlsx
611215,MESA ENERGY SYSTEMS INC,Corporation,2 CROMWELL,IRVINE,CA,92618,Orange,(949) 460 0460,01/27/1991,01/31/2027,B | C-4 | C-7 | C10 | C20 | C36 | C38 | C46,Workers' Compensation Insurance,CONTINENTAL INSURANCE COMPANY (THE),10/01/2026,CSLBSearchData_163444973.xlsx
510978,MGP CONSTRUCTION,Sole Owner,P O BOX 355,UPLAND,CA,91785,San Bernardino,(909) 982 2364,05/19/1987,04/30/2027,A | B | C10 | C36 | C46,Workers' Compensation Insurance,STATE COMPENSATION INSURANCE FUND,05/01/2027,CSLBSearchData_163505900.xlsx
967354,MICHAEL & SUN SOLAR INC,Corporation,P O BOX 442,GRATON,CA,95444,Sonoma,(707) 494 7902,11/02/2011,11/30/2027,C10 | C46,Workers' Compensation Insurance,STATE COMPENSATION INSURANCE FUND,01/19/2027,CSLBSearchData_163528025.xlsx
835608,MICHAEL ROBERTS CONSTRUCTION INC,Corporation,1660 DELL AVENUE,CAMPBELL,CA,95008,Santa Clara,(408) 374 3662,04/07/2004,04/30/2028,A | B | C-5 | C-9 | C36 | C46 | HAZ,Workers' Compensation Insurance,SENTINEL INSURANCE COMPANY LTD,08/01/2027,CSLBSearchData_163528025.xlsx
370265,MID - STATE SOLAR,Corporation,450 GLASS LANE STE A-1,MODESTO,CA,95356,Stanislaus,(209) 551 7800,02/27/1979,02/28/2027,C36 | C46 | D35,Workers' Compensation Insurance,CONTINENTAL INDEMNITY COMPANY,01/01/2027,CSLBSearchData_163528025.xlsx
1086362,MID VALLEY POWER,Corporation,3111 STONE AVE,MODESTO,CA,95358,Stanislaus,(209) 554 5505,01/20/2022,01/31/2028,A | C10 | C46,Workers' Compensation Insurance,EMPLOYERS PREFERRED INSURANCE COMPANY,09/01/2026,CSLBSearchData_163528025.xlsx
413730,MIDNIGHT CRANE SERVICES,Corporation,2561 N PURDUE,FRESNO,CA,93727,Fresno,(559) 224 1726,11/04/1981,06/30/2027,C20 | C46,Workers' Compensation Insurance,INSURANCE COMPANY OF THE WEST,02/28/2027,CSLBSearchData_163342171.xlsx
731809,MIKE THE POOLMAN INC,Corporation,"705 EAST BIDWELL STREET,#2-299",FOLSOM,CA,95630,Sacramento,(916) 985 7665,01/28/1997,06/30/2028,C46 | C53,Workers' Compensation Insurance,NORGUARD INSURANCE COMPANY,10/27/2026,CSLBSearchData_163505900.xlsx
1007601,MODERNIZE CONSTRUCTION INC,Corporation,9477 GREENBACK LANE #112,FOLSOM,CA,95630,Sacramento,(916) 293 5900,09/23/2015,09/30/2027,B | C10 | C46,Workers' Compensation Insurance,STATE COMPENSATION INSURANCE FUND,08/13/2027,CSLBSearchData_163505900.xlsx
1158734,MOHR ENERGY INC,Corporation,P.O. BOX 424,CORONA,CA,92878,Riverside,(951) 532 7880,07/28/2026,07/31/2028,C46,Workers' Compensation Insurance,STATE COMPENSATION INSURANCE FUND,05/28/2027,CSLBSearchData_163505900.xlsx
594693,MOORE SOLAR AND GREEN CONTRUCTION,Sole Owner,3820 LOMITAS DRIVE,LOS ANGELES,CA,90032,Los Angeles,(323) 221 1260,05/24/1990,02/28/2027,B | C46,Workers' Compensation Insurance,STATE COMPENSATION INSURANCE FUND,01/09/2027,CSLBSearchData_163412289.xlsx
1075045,MORALES ELECTRIC,Sole Owner,11521 FREEMAN AVE,HAWTHORNE,CA,90250,Los Angeles,(310) 703 9066,04/22/2021,04/30/2027,C10 | C46,Workers' Compensation Insurance,EMPLOYERS PREFERRED INSURANCE COMPANY,03/23/2027,CSLBSearchData_163412289.xlsx
481394,MOUNTAIN AIRE HEATING & AIR CONDITIONING INC,Corporation,PO BOX 365,COARSEGOLD,CA,93614,Madera,(559) 683 2040,10/22/1985,12/31/2027,C10 | C20 | C46,Workers' Compensation Insurance,OAK RIVER INSURANCE COMPANY,01/01/2027,CSLBSearchData_163412289.xlsx
719709,MULTI POWER,Sole Owner,4281 W SHIELDS AVENUE,FRESNO,CA,93722,Fresno,(559) 790 1603,03/05/1996,03/31/2028,B | C10 | C46,Workers' Compensation Insurance,AMERICAN CASUALTY COMPANY OF READING PA,12/18/2026,CSLBSearchData_163342171.xlsx
1155461,MYCROGRID INCORPORATED,Corporation,41-555 COOK ST,PALM DESERT,CA,92211,Riverside,(760) 568 3413,05/19/2026,05/31/2028,B | C10 | C39 | C46,Workers' Compensation Insurance,STARNET INSURANCE COMPANY,05/13/2027,CSLBSearchData_163505900.xlsx
1009790,MYNT SYSTEMS INC,Corporation,111 MISSION STREET,SANTA CRUZ,CA,95060,Santa Cruz,(408) 426 5420,12/17/2015,12/31/2027,B | C10 | C46,Workers' Compensation Insurance,NATIONAL CASUALTY COMPANY,12/22/2026,CSLBSearchData_163528025.xlsx
761659,N V HEATHORN CO,Corporation,1980 OLIVERA RD STE C,CONCORD,CA,94520,Contra Costa,(510) 569 9100,04/15/1999,04/30/2027,A | B | C-2 | C-4 | C-7 | C10 | C16 | C20 | C21 | C34 | C36 | C38 | C39 | C42 | C43 | C46,Workers' Compensation Insurance,TRAVELERS PROPERTY CASUALTY COMPANY OF AMERICA,10/01/2026,CSLBSearchData_163342171.xlsx
517533,NATIONAL CONSTRUCTION COMPANY INC,Corporation,P O BOX 1472,EL CERRITO,CA,94530,Contra Costa,(510) 812 8292,09/11/1987,09/30/2026,B | C10 | C20 | C36 | C46,Workers' Compensation Insurance,STATE COMPENSATION INSURANCE FUND,11/25/2026,CSLBSearchData_163342171.xlsx
420919,NAYLOR MARK SOLAR SPECIALISTS,Sole Owner,7930 ARJONS DR SUITE C,SAN DIEGO,CA,92126,San Diego,(858) 695 9465,04/14/1982,04/30/2028,B | C46,Workers' Compensation Insurance,STATE COMPENSATION INSURANCE FUND,01/01/2027,CSLBSearchData_163505900.xlsx
1029842,NC SOLAR CONSTRUCTION INC,Corporation,6103 NORTHLAND RD,MANTECA,CA,95336,San Joaquin,(209) 340 9496,08/08/2017,08/31/2027,C46,Workers' Compensation Insurance,STATE COMPENSATION INSURANCE FUND,07/17/2027,CSLBSearchData_163505900.xlsx
779970,ND CONSTRUCTION COMPANY INC,Corporation,100 W BROADWAY SUITE 3000,LONG BEACH,CA,90802,Los Angeles,(562) 246 6190,06/07/2000,06/30/2028,A | B | C10 | C46,Workers' Compensation Insurance,STATE COMPENSATION INSURANCE FUND,01/01/2027,CSLBSearchData_163412289.xlsx
1076614,NEIGHBORHOOD SOLAR LLC,Limited Liability,30371 SENELA PL,TEMECULA,CA,92592,Riverside,(619) 333 0706,06/07/2021,06/30/2027,C10 | C46,Workers' Compensation Insurance,STATE COMPENSATION INSURANCE FUND,04/10/2027,CSLBSearchData_163505900.xlsx
1053851,NEOSUN,Corporation,135 N VICTORY BLVD SUITE 5,BURBANK,CA,91506,Los Angeles,(818) 296 8183,05/22/2019,05/31/2027,B | C10 | C46,Workers' Compensation Insurance,PIE INSURANCE COMPANY (THE),08/17/2027,CSLBSearchData_163412289.xlsx
812958,NEW DAY SOLAR,Corporation,30770 WEALTH ST,MURRIETA,CA,92563,Riverside,(855) 444 6329,09/24/2002,09/30/2027,C10 | C46,Workers' Compensation Insurance,BERKSHIRE HATHAWAY HOMESTATE INSURANCE COMPANY,09/01/2026,CSLBSearchData_163505900.xlsx
775687,NEXT LEVEL HOME PERFORMANCE,Corporation,5909 CERRITO DR,DIAMOND SPRINGS,CA,95619,El Dorado,(916) 851 9999,03/01/2000,06/30/2027,B | C10 | C17 | C20 | C27 | C46 | C53,Workers' Compensation Insurance,MIDWEST EMPLOYERS CASUALTY COMPANY,11/01/2026,CSLBSearchData_163342171.xlsx
1089797,NEXT WAVE ENERGY MONITORING INC,Corporation,1946 KELLOGG AVE,CARLSBAD,CA,92008,San Diego,(800) 644 0839,04/11/2022,04/30/2028,C10 | C46,Workers' Compensation Insurance,INSURANCE COMPANY OF THE WEST,05/18/2027,CSLBSearchData_163505900.xlsx
997733,NGUYEN T A CONSTRUCTION INC,Corporation,3060 INDUSTRY STREET STE 105,OCEANSIDE,CA,92054,San Diego,(619) 508 5207,10/18/2014,01/31/2028,B | C10 | C46,Workers' Compensation Insurance,STATE COMPENSATION INSURANCE FUND,10/01/2026,CSLBSearchData_163505900.xlsx
975779,NIPPON ENERGY INC,Corporation,28365 LA CALETA,MISSION VIEJO,CA,92692,Orange,(888) 273 0031,08/14/2012,08/31/2028,C10 | C46,Workers' Compensation Insurance,STATE COMPENSATION INSURANCE FUND,04/06/2027,CSLBSearchData_163444973.xlsx
649300,NORTH COAST SOLAR,Corporation,1468 FUNSTON DRIVE,SANTA ROSA,CA,95407,Sonoma,(707) 575 3999,07/07/1992,07/31/2028,B | C46,Workers' Compensation Insurance,STATE COMPENSATION INSURANCE FUND,08/09/2027,CSLBSearchData_163528025.xlsx
498434,NORTH COAST WATERWORKS INC,Corporation,7686 BELL RD,WINDSOR,CA,95492,Sonoma,(707) 578 3411,09/17/1986,09/30/2026,B | C46 | C55,Workers' Compensation Insurance,EMPLOYERS MUTUAL CASUALTY COMPANY,07/28/2027,CSLBSearchData_163528025.xlsx
1006316,NORTHSTAR SOLAR INC,Corporation,822 HARTZ WAY STE 240,DANVILLE,CA,94526,Contra Costa,(925) 400 7479,08/12/2015,01/31/2027,B | C33 | C46,Workers' Compensation Insurance,STATE COMPENSATION INSURANCE FUND,04/11/2027,CSLBSearchData_163342171.xlsx
963509,NPI CONCRETE,Corporation,15439 MONTE ST,SYLMAR,CA,91342,Los Angeles,(818) 367 9340,07/21/2011,06/30/2028,A | B | C-8 | C46 | C53,Workers' Compensation Insurance,ROCHDALE INSURANCE COMPANY,01/17/2027,CSLBSearchData_163412289.xlsx
1038061,OASIS AIR AND SOLAR,Corporation,1000 E TRUXTUN AVE STE A,BAKERSFIELD,CA,93305,Kern,(661) 322 2665,04/12/2018,04/30/2028,C-2 | C20 | C36 | C38 | C46,Workers' Compensation Insurance,OAK RIVER INSURANCE COMPANY,10/01/2026,CSLBSearchData_163412289.xlsx
981865,OCAL,Corporation,P O BOX 7445,SANTA ROSA,CA,95407,Sonoma,(707) 388 2001,03/09/2013,09/30/2026,B | C10 | C39 | C46,Workers' Compensation Insurance,STATE COMPENSATION INSURANCE FUND,11/22/2026,CSLBSearchData_163528025.xlsx
591549,OCCIDENTAL POWER SOLAR & COGEN,Corporation,5982 MISSION STREET,SAN FRANCISCO,CA,94112,San Francisco,(415) 681 8861,03/30/1990,06/30/2027,B | C10 | C46,Workers' Compensation Insurance,STATE COMPENSATION INSURANCE FUND,01/01/2027,CSLBSearchData_163505900.xlsx
1123087,OFF GRID SOLAR SOLUTIONS INC,Corporation,14291 FARAWAY PL,VALLEY CENTER,CA,92082,San Diego,(760) 604 7437,07/01/2024,07/31/2028,C46,Workers' Compensation Insurance,STATE COMPENSATION INSURANCE FUND,03/17/2027,CSLBSearchData_163505900.xlsx
1069206,OHM SOLAR SOLUTIONS,Corporation,1300 NORD AVE,CHICO,CA,95928,Butte,(530) 433 4609,09/25/2020,09/30/2028,C10 | C46,Workers' Compensation Insurance,CAROLINA CASUALTY INSURANCE COMPANY,10/21/2026,CSLBSearchData_163342171.xlsx
1128661,ON POINT COMMERCIAL SOLAR INC,Corporation,26074 AVENUE HALL UNIT 4,VALENCIA,CA,91355,Los Angeles,(661) 261 0600,11/04/2024,11/30/2026,B | C10 | C46,Workers' Compensation Insurance,CAROLINA CASUALTY INSURANCE COMPANY,10/15/2026,CSLBSearchData_163412289.xlsx
1096220,ONESUN LLC,Limited Liability,4545 WORTSER AVE,STUDIO CITY,CA,91604,Los Angeles,(818) 439 5714,09/07/2022,09/30/2028,C46,Workers' Compensation Insurance,STATE COMPENSATION INSURANCE FUND,02/17/2027,CSLBSearchData_163412289.xlsx
1142716,OPTERRA ENERGY SERVICES LLC,Limited Liability,35 NORTH LAKE AVE #980,PASADENA,CA,91101,Los Angeles,(626) 377 9038,08/27/2025,08/31/2027,A | B | C10 | C46,Workers' Compensation Insurance,ZURICH AMERICAN INSURANCE COMPANY,06/12/2027,CSLBSearchData_163412289.xlsx
1024381,OPTIMUM SOLAR POWER INC,Corporation,10000 INDIANA AVE STE #2,RIVERSIDE,CA,92503,Riverside,(951) 290 0446,03/07/2017,01/31/2028,A | C10 | C46,Workers' Compensation Insurance,EMPLOYERS ASSURANCE COMPANY,07/27/2027,CSLBSearchData_163505900.xlsx
985340,OPTION ONE SOLAR,Corporation,13581 JOHN GLENN ROAD STE A,APPLE VALLEY,CA,92308,San Bernardino,(760) 646 8444,07/22/2013,07/31/2027,C10 | C46,Workers' Compensation Insurance,A I U INSURANCE COMPANY,06/01/2027,CSLBSearchData_163505900.xlsx
801858,OPUS PACIFIC DEVELOPMENT INC,Corporation,30 LAUREL HILL COURT,SAN MATEO,CA,94402,San Mateo,(650) 788 5368,12/06/2001,07/31/2027,A | B | C-7 | C10 | C46,Workers' Compensation Insurance,STATE COMPENSATION INSURANCE FUND,11/25/2026,CSLBSearchData_163528025.xlsx
861315,OR - 5 GENERAL CONTRACTOR CORP,Corporation,23349 CANZONET STREET,WOODLAND HILLS,CA,91367,Los Angeles,(818) 468 3833,07/12/2005,05/31/2027,B | C15 | C20 | C46 | D06 | D38,Workers' Compensation Insurance,STATE COMPENSATION INSURANCE FUND,06/08/2027,CSLBSearchData_163412289.xlsx
522475,P S I,Sole Owner,1747 COLGATE DRIVE,THOUSAND OAKS,CA,91360,Ventura,(818) 618 2333,01/07/1988,01/31/2028,C13 | C46 | D34,Workers' Compensation Insurance,INSURANCE COMPANY OF THE WEST,01/01/2027,CSLBSearchData_163547774.xlsx
853463,PAB SOLAR AND AIR INC,Corporation,2519 HEBRON AVENUE,SAN JOSE,CA,95121,Santa Clara,(408) 876 0705,01/22/2005,04/30/2028,C20 | C46,Workers' Compensation Insurance,STATE COMPENSATION INSURANCE FUND,02/24/2027,CSLBSearchData_163528025.xlsx
544777,PACE SETTER PLUMBING CORPORATION,Corporation,44231 DIVISION ST_STE A,LANCASTER,CA,93535,Los Angeles,(661) 948 2448,10/18/1988,10/31/2026,A | ASB | B | C-2 | C-4 | C21 | C34 | C36 | C42 | C46 | C55 | HAZ,Workers' Compensation Insurance,WESCO INSURANCE COMPANY,07/01/2027,CSLBSearchData_163412289.xlsx
917409,PACIFIC BLUE SOLAR INC,Corporation,26915 1/2 FURNIVALL AVE,CANYON COUNTRY,CA,91351,Los Angeles,(661) 259 1004,06/11/2008,06/30/2028,C10 | C46,Workers' Compensation Insurance,STATE COMPENSATION INSURANCE FUND,01/01/2027,CSLBSearchData_163412289.xlsx
660149,PACIFIC LANDMARK INT.,Corporation,415 N TERMINAL ST,SANTA ANA,CA,92701,Orange,(714) 973 8060,12/03/1992,05/31/2028,B | C-6 | C15 | C36 | C46 | C54,Workers' Compensation Insurance,INSURANCE COMPANY OF THE WEST,11/18/2026,CSLBSearchData_163444973.xlsx
812149,PACIFIC SOLAR,Corporation,228 N FAIRFAX AVE SUITE 101,CLOVIS,CA,93612,Fresno,(559) 251 5592,08/30/2002,08/31/2026,B | C10 | C46,Workers' Compensation Insurance,STATE COMPENSATION INSURANCE FUND,08/01/2027,CSLBSearchData_163342171.xlsx
1004379,PACIFICSKY SOLAR LLC,Limited Liability,20640 BAHAMA ST UNIT B,CHATSWORTH,CA,91311,Los Angeles,(818) 223 8344,06/11/2015,06/30/2027,C10 | C46,Workers' Compensation Insurance,CAROLINA CASUALTY INSURANCE COMPANY,04/15/2027,CSLBSearchData_163412289.xlsx
1035963,PANEL THE PLANET,Corporation,25565 PALERMO WAY,YORBA LINDA,CA,92887,Orange,(424) 256 6912,02/15/2018,02/29/2028,C46,Workers' Compensation Insurance,STATE COMPENSATION INSURANCE FUND,12/29/2026,CSLBSearchData_163444973.xlsx
1025115,PARAGONSUN,Corporation,7545 IRVINE CENTER DR #200,IRVINE,CA,92618,Orange,(858) 386 0463,03/23/2017,03/31/2027,B | C10 | C46,Workers' Compensation Insurance,PIE INSURANCE COMPANY (THE),05/02/2027,CSLBSearchData_163444973.xlsx
1014673,PARTICIPANT ENERGY CALIFORNIA INC,Corporation,1791 SOLANO AVE,BERKELEY,CA,94707,Alameda,(310) 646 1202,05/27/2016,05/31/2028,C46,Workers' Compensation Insurance,STATE COMPENSATION INSURANCE FUND,02/05/2027,CSLBSearchData_163342171.xlsx
1131853,PELICAN CONSTRUCTION & ENERGY INC,Corporation,745 VISTA GRANDE WAY #315,OCEANSIDE,CA,92057,San Diego,(760) 571 3733,01/17/2025,01/31/2027,B | C46,Workers' Compensation Insurance,STATE COMPENSATION INSURANCE FUND,10/15/2026,CSLBSearchData_163505900.xlsx
798375,PENNIES A/C - SOLAR & CONSTRUCTION,Sole Owner,2851 WEST AVENUE L #215,LANCASTER,CA,93536,Los Angeles,(661) 951 3634,08/15/2001,08/31/2027,B | C20 | C46,Workers' Compensation Insurance,STATE COMPENSATION INSURANCE FUND,10/05/2026,CSLBSearchData_163412289.xlsx
789106,PERFORMANCE SOLAR INC,Corporation,480 CORPORATE DRIVE,ESCONDIDO,CA,92029,San Diego,(760) 594 0810,12/26/2000,12/31/2026,C46,Workers' Compensation Insurance,CAROLINA CASUALTY INSURANCE COMPANY,01/01/2027,CSLBSearchData_163505900.xlsx
988549,PERRYBUILT CONSTRUCTION INC,Corporation,P O BOX 125,SOQUEL,CA,95073,Santa Cruz,(831) 359 6891,11/19/2013,11/30/2027,B | C46,Workers' Compensation Insurance,STATE COMPENSATION INSURANCE FUND,12/29/2026,CSLBSearchData_163528025.xlsx
981354,PHOENIX ENERGY SOLUTIONS INC,Corporation,4962 ROCKING HORSE LN,SHINGLE SPRINGS,CA,95682,El Dorado,(916) 716 5650,02/26/2013,02/28/2027,B | C10 | C20 | C46,Workers' Compensation Insurance,CAROLINA CASUALTY INSURANCE COMPANY,05/24/2027,CSLBSearchData_163342171.xlsx
997464,PHOTOVOLTAICS CALIFORNIA,Corporation,22588 BYRON STREET,HAYWARD,CA,94541,Alameda,(510) 610 9590,10/08/2014,05/31/2027,C10 | C46,Workers' Compensation Insurance,ZURICH AMERICAN INSURANCE COMPANY,10/01/2026,CSLBSearchData_163342171.xlsx
1135215,PLACER SOLAR SOLUTIONS INC,Corporation,"2264 SIERRA MEADOWS DRIVE UNIT,B",ROCKLIN,CA,95677,Placer,(279) 244 7598,04/02/2025,04/30/2027,C10 | C46,Workers' Compensation Insurance,PIE INSURANCE COMPANY (THE),03/20/2027,CSLBSearchData_163505900.xlsx
938313,PLANET SOLAR INCORPORATED,Corporation,117 N SUNNYSIDE AVE,CLOVIS,CA,93611,Fresno,(559) 228 9245,09/29/2009,07/31/2028,B | C46,Workers' Compensation Insurance,STATE COMPENSATION INSURANCE FUND,07/01/2027,CSLBSearchData_163342171.xlsx
879366,POCO SOLAR ENERGY INC,Corporation,3345 KELLER STREET,SANTA CLARA,CA,95054,Santa Clara,(408) 970 0680,06/13/2006,06/30/2028,B | C46,Workers' Compensation Insurance,EVEREST PREMIER INSURANCE COMPANY,04/01/2027,CSLBSearchData_163528025.xlsx
978758,POWERAID,Corporation,1715 E WILSHIRE AVE 715,SANTA ANA,CA,92705,Orange,(949) 309 8572,11/16/2012,11/30/2026,C10 | C46,Workers' Compensation Insurance,REPUBLIC INDEMNITY COMPANY OF AMERICA,08/27/2026,CSLBSearchData_163444973.xlsx
1113642,POWERTREE SERVICES INC,Corporation,"360 LANGTON ST,SUITE A",SAN FRANCISCO,CA,94103,San Francisco,(415) 235 5094,12/07/2023,12/31/2027,B | C46,Workers' Compensation Insurance,STATE COMPENSATION INSURANCE FUND,02/01/2027,CSLBSearchData_163505900.xlsx
924885,"PR PLUMBING,HEATING AND AIR CONDITIONING INC",Corporation,P O BOX 2010,CLOVIS,CA,93613,Fresno,(559) 244 0440,11/14/2008,11/30/2026,B | C-2 | C20 | C36 | C46,Workers' Compensation Insurance,TRAVELERS PROPERTY CASUALTY COMPANY OF AMERICA,04/18/2027,CSLBSearchData_163342171.xlsx
428900,PRECISE AIR SYSTEMS INC,Corporation,P O BOX 39609,LOS ANGELES,CA,90039,Los Angeles,(818) 240 1737,10/06/1982,10/31/2026,C10 | C20 | C46,Workers' Compensation Insurance,PACIFIC COMPENSATION INSURANCE COMPANY,03/02/2027,CSLBSearchData_163412289.xlsx
534116,PRECISION ELECTRIC CO,Corporation,8137 WINTER GARDENS BLVD,LAKESIDE,CA,92040,San Diego,(619) 390 2991,07/07/1988,07/31/2028,A | B | C-7 | C10 | C46,Workers' Compensation Insurance,ZURICH AMERICAN INSURANCE COMPANY,07/01/2027,CSLBSearchData_163505900.xlsx
950065,PRECISION ELECTRIC SOLAR,Corporation,8137 WINTER GARDENS BLVD,LAKESIDE,CA,92040,San Diego,(619) 390 2991,07/16/2010,07/31/2028,A | B | C-7 | C10 | C46,Workers' Compensation Insurance,ZURICH AMERICAN INSURANCE COMPANY,07/01/2027,CSLBSearchData_163505900.xlsx
967732,PRIDE INDUSTRIES ONE INC,Corporation,PO BOX 1200,ROCKLIN,CA,95747,Placer,(800) 550 6005,11/16/2011,11/30/2027,A | B | C-4 | C-7 | C10 | C16 | C20 | C27 | C36 | C38 | C43 | C46,Workers' Compensation Insurance,HARTFORD CASUALTY INSURANCE COMPANY,07/01/2027,CSLBSearchData_163505900.xlsx
992887,PRIME ENC INC,Corporation,2629 W WOODLAND DR,ANAHEIM,CA,92801,Orange,(714) 502 4843,05/14/2014,05/31/2028,B | C20 | C36 | C39 | C46,Workers' Compensation Insurance,STATE COMPENSATION INSURANCE FUND,09/10/2026,CSLBSearchData_163444973.xlsx
1126479,PRISTINE SOLAR & ELECTRIC INC,Corporation,MM P O BOX 145,HANFORD,CA,93232,Kings,(559) 442 9233,09/16/2024,08/31/2027,C10 | C46,Workers' Compensation Insurance,STATE COMPENSATION INSURANCE FUND,01/10/2027,CSLBSearchData_163412289.xlsx
498775,PRO - AIR INC,Corporation,P O BOX 2106,CITRUS HEIGHTS,CA,95611,Sacramento,(916) 722 8300,09/25/1986,05/31/2027,B | C20 | C46,Workers' Compensation Insurance,HARTFORD CASUALTY INSURANCE COMPANY,06/24/2027,CSLBSearchData_163505900.xlsx
1107275,PSG ROOFING,Limited Liability,825 DICKSON STREET,MARINA DEL REY,CA,90292,Los Angeles,(424) 353 9997,07/14/2023,07/31/2027,C10 | C39 | C46,Workers' Compensation Insurance,STATE COMPENSATION INSURANCE FUND,03/12/2027,CSLBSearchData_163412289.xlsx
808734,PURE POWER SOLUTIONS,Corporation,1083 VINE ST #279,HEALDSBURG,CA,95448,Sonoma,(707) 433 6556,05/30/2002,09/30/2027,C10 | C46,Workers' Compensation Insurance,STATE COMPENSATION INSURANCE FUND,03/25/2027,CSLBSearchData_163528025.xlsx
963602,PURE PWR POOL SERVICE,Corporation,1317 SIMPSON WAY STE L,ESCONDIDO,CA,92029,San Diego,(760) 805 4135,07/25/2011,07/31/2027,C46 | D35,Workers' Compensation Insurance,MIDWEST EMPLOYERS CASUALTY COMPANY,08/02/2026,CSLBSearchData_163505900.xlsx
939143,PURE SOLAR POWER,Sole Owner,147 COOP COURT,ENCINITAS,CA,92024,San Diego,(760) 840 9984,10/23/2009,10/31/2027,B | C46,Workers' Compensation Insurance,STATE COMPENSATION INSURANCE FUND,11/07/2026,CSLBSearchData_163505900.xlsx
1149696,PV PLUS LLC,Limited Liability,15123 E COLLIER RD #2,ACAMPO,CA,95220,San Joaquin,(833) 378 7587,01/29/2026,01/31/2028,C10 | C46,Workers' Compensation Insurance,EMPLOYERS COMPENSATION INSURANCE COMPANY,09/29/2026,CSLBSearchData_163505900.xlsx
939078,PYCEM INC,Corporation,3065 BEYER BLVD STE B103,SAN DIEGO,CA,92154,San Diego,(619) 271 0110,10/22/2009,10/31/2026,C-7 | C10 | C46,Workers' Compensation Insurance,STATE COMPENSATION INSURANCE FUND,04/11/2027,CSLBSearchData_163505900.xlsx
1090641,QCELLS FOR NEW HOMES,Corporation,300 SPECTRUM CENTER DR #500,IRVINE,CA,92618,Orange,(760) 578 7215,04/25/2022,04/30/2028,C10 | C46,Workers' Compensation Insurance,STATE COMPENSATION INSURANCE FUND,04/08/2027,CSLBSearchData_163444973.xlsx
1144551,QMR INC,Corporation,1981 LIME AVE,MC KINLEYVILLE,CA,95519,Humboldt,(707) 481 7279,10/03/2025,10/31/2027,B | C10 | C46,Workers' Compensation Insurance,CONTINENTAL CASUALTY COMPANY,11/06/2026,CSLBSearchData_163412289.xlsx
959548,QUALITY HOME RENOVATORS INC,Corporation,5225 QUAKERTOWN AVE,WOODLAND HILLS,CA,91364,Los Angeles,(888) 916 9955,04/05/2011,04/30/2027,B | C17 | C33 | C39 | C46,Workers' Compensation Insurance,STATE COMPENSATION INSURANCE FUND,11/14/2026,CSLBSearchData_163412289.xlsx
954020,QUATTRO SOLAR INC,Corporation,25 HAMILTON DRIVE SUITE K,NOVATO,CA,94949,Marin,(415) 312 2661,10/29/2010,09/30/2028,C10 | C46,Workers' Compensation Insurance,STATE COMPENSATION INSURANCE FUND,07/09/2027,CSLBSearchData_163444973.xlsx
951053,R B H CONSTRUCTION INC,Corporation,2795 E BIDWELL STREET #100-190,FOLSOM,CA,95630,Sacramento,(916) 835 8642,08/11/2010,08/31/2028,A | B | C46 | HAZ,Workers' Compensation Insurance,STATE COMPENSATION INSURANCE FUND,09/18/2027,CSLBSearchData_163505900.xlsx
1055446,R C SOLAR,Sole Owner,5341 SIERRA VISTA AVE,RIVERSIDE,CA,92505,Riverside,(951) 858 0602,07/02/2019,07/31/2027,C46,Workers' Compensation Insurance,STATE COMPENSATION INSURANCE FUND,03/25/2027,CSLBSearchData_163505900.xlsx
503251,R T MAHER CONSTRUCTION,Sole Owner,3185 STRETCH ROAD,MERCED,CA,95340,Merced,(209) 384 1227,12/24/1986,11/30/2027,B | C10 | C46,Workers' Compensation Insurance,STAR INSURANCE COMPANY,01/01/2027,CSLBSearchData_163444973.xlsx
958638,R&R HORN CONTRACTORS INC,Corporation,P O BOX 6697,CHICO,CA,95927,Butte,(530) 342 8655,03/10/2011,03/31/2027,A | B | C13 | C46 | HAZ,Workers' Compensation Insurance,TRAVELERS PROPERTY CASUALTY COMPANY OF AMERICA,10/01/2026,CSLBSearchData_163342171.xlsx
1007610,RADIANT SOLAR TECHNOLOGY INC,Corporation,355 LUNZLER RANCH ROAD SUITE N,UKIAH,CA,95482,Mendocino,(707) 485 8359,09/23/2015,09/30/2027,B | C-4 | C10 | C36 | C46,Workers' Compensation Insurance,PIE INSURANCE COMPANY (THE),03/29/2027,CSLBSearchData_163444973.xlsx
1107898,RANGER ROOFING AND SOLAR,Corporation,"34077 PACIFIC COAST HIGHWAY,GH",MALIBU,CA,90265,Los Angeles,(213) 444 1514,07/31/2023,01/31/2027,B | C39 | C46,Workers' Compensation Insurance,STATE COMPENSATION INSURANCE FUND,08/14/2027,CSLBSearchData_163412289.xlsx
967900,RBT ELECTRIC INC,Corporation,2108 N ST STE 6169,SACRAMENTO,CA,95816,Sacramento,(800) 661 5006,11/22/2011,11/30/2027,A | B | C10 | C20 | C46,Workers' Compensation Insurance,REPUBLIC INDEMNITY COMPANY OF AMERICA,08/14/2027,CSLBSearchData_163505900.xlsx
1050161,RE-GEN ELECTRIC INC,Corporation,2659 N FOWLER AVE,FRESNO,CA,93727,Fresno,(559) 412 2464,02/13/2019,03/31/2028,B | C10 | C46,Workers' Compensation Insurance,SENTINEL INSURANCE COMPANY LTD,09/01/2026,CSLBSearchData_163342171.xlsx
1144151,REDDING ROOFING & SOLAR,Corporation,3030 THORNTREE DR SUITE 2,CHICO,CA,95973,Butte,(530) 895 9071,09/26/2025,09/30/2027,C39 | C46,Workers' Compensation Insurance,NATIONAL CASUALTY COMPANY,09/01/2026,CSLBSearchData_163342171.xlsx
697406,REFRESHED HEATING & COOLING,Sole Owner,4070 NELSON AVE SUITE G,CONCORD,CA,94520,Contra Costa,(925) 755 4440,10/17/1994,09/30/2027,C20 | C46,Workers' Compensation Insurance,HARTFORD CASUALTY INSURANCE COMPANY,02/06/2027,CSLBSearchData_163342171.xlsx
616351,REINEKE BUILDING,Corporation,P O BOX 2207,GRANITE BAY,CA,95746,Placer,(916) 343 3805,03/24/1991,07/31/2027,B | C10 | C36 | C39 | C46 | C51,Workers' Compensation Insurance,STATE COMPENSATION INSURANCE FUND,08/02/2027,CSLBSearchData_163505900.xlsx
944636,RENEWABLE SOLAR,Corporation,601 W GRANGEVILLE BLVD,HANFORD,CA,93220,Kings,(559) 410 8640,03/22/2010,11/30/2027,B | C10 | C46,Workers' Compensation Insurance,"NATIONAL UNION FIRE INSURANCE COMPANY OF PITTSBURGH, PA",03/01/2027,CSLBSearchData_163412289.xlsx
1083377,RENVO,Corporation,6326 MAIN AVE # 13,ORANGEVALE,CA,95662,Sacramento,(916) 900 6030,11/04/2021,11/30/2027,B | C10 | C46 | C54,Workers' Compensation Insurance,TECHNOLOGY INSURANCE COMPANY INC,11/21/2026,CSLBSearchData_163505900.xlsx
1068160,REVAMP SOLAR AND ROOFING LLC,Limited Liability,P O BOX 3,MAGALIA,CA,95954,Butte,(530) 282 2753,08/24/2020,03/31/2028,C10 | C39 | C46,Workers' Compensation Insurance,STATE COMPENSATION INSURANCE FUND,04/10/2027,CSLBSearchData_163342171.xlsx
1069078,REVAMP SOLAR CO,Corporation,216 E FOOTHILL BLVD,MONROVIA,CA,91016,Los Angeles,(323) 899 0507,09/23/2020,09/30/2028,B | C10 | C46,Workers' Compensation Insurance,PIE INSURANCE COMPANY (THE),08/12/2027,CSLBSearchData_163412289.xlsx
387219,REVCO SOLAR ENGINEERING INC,Corporation,26631 CABOT RD STE B,LAGUNA HILLS,CA,92653,Orange,(949) 367 0740,02/14/1980,02/29/2028,B | C10 | C46,Workers' Compensation Insurance,MIDWEST EMPLOYERS CASUALTY COMPANY,01/01/2027,CSLBSearchData_163444973.xlsx
1106092,REVEL SOLAR ENERGY,Corporation,3943 IRVINE STE 2055,IRVINE,CA,92602,Orange,(949) 281 7171,06/16/2023,06/30/2027,B | C10 | C46,Workers' Compensation Insurance,TRAVELERS INDEMNITY COMPANY (THE),06/08/2027,CSLBSearchData_163444973.xlsx
1135603,REVOLVING POWER SOLAR,Corporation,4112 35TH AVE,SACRAMENTO,CA,95824,Sacramento,(916) 318 6527,04/08/2025,04/30/2027,C10 | C46,Workers' Compensation Insurance,STATE COMPENSATION INSURANCE FUND,12/10/2026,CSLBSearchData_163505900.xlsx
987150,RF SOLAR & GREEN ENERGY INC,Corporation,P O BOX 2402,WEST COVINA,CA,91793,Los Angeles,(949) 520 2313,09/23/2013,09/30/2027,B | C10 | C20 | C36 | C46,Workers' Compensation Insurance,STATE COMPENSATION INSURANCE FUND,04/16/2027,CSLBSearchData_163412289.xlsx
702649,RICH AL C,Sole Owner,3301 ARYA WAY,CARMICHAEL,CA,95608,Sacramento,(916) 612 8418,02/14/1995,05/31/2027,C46,Workers' Compensation Insurance,BERKSHIRE HATHAWAY DIRECT INSURANCE COMPANY,05/25/2027,CSLBSearchData_163505900.xlsx
538702,RICK'S REFRIGERATION,Corporation,8615 LAUREL MIST COURT,GRANITE BAY,CA,95746,Placer,(916) 201 0808,08/19/1988,08/31/2028,C20 | C38 | C46,Workers' Compensation Insurance,AMERICAN CASUALTY COMPANY OF READING PA,02/04/2027,CSLBSearchData_163505900.xlsx
260176,RIDOUT ROOFING COMPANY INC,Corporation,621 WILLIAMS ST,SAN LEANDRO,CA,94577,Alameda,(510) 351 1922,10/30/1969,04/30/2027,C-2 | C39 | C46 | D24,Workers' Compensation Insurance,NATIONAL CASUALTY COMPANY,01/01/2027,CSLBSearchData_163342171.xlsx
791025,RIGHT NOW AIR,Corporation,821 EUBANKS DR STE C,VACAVILLE,CA,95688,Solano,(707) 447 3063,02/06/2001,12/31/2027,B | C20 | C46,Workers' Compensation Insurance,STATE COMPENSATION INSURANCE FUND,01/01/2027,CSLBSearchData_163528025.xlsx
1008581,RIOS SOLAR,Sole Owner,16620 ROAD 30 1/2,MADERA,CA,93636,Madera,(559) 285 5255,10/30/2015,10/31/2027,B | C10 | C46 | C54,Workers' Compensation Insurance,STATE COMPENSATION INSURANCE FUND,06/16/2027,CSLBSearchData_163412289.xlsx
1096492,RISE UP ROOFING AND CONSTRUCTION INC,Corporation,2182 S EL CAMINO REAL STE 202,OCEANSIDE,CA,92054,San Diego,(760) 802 2103,09/13/2022,09/30/2026,B | C39 | C46,Workers' Compensation Insurance,STATE COMPENSATION INSURANCE FUND,09/13/2026,CSLBSearchData_163505900.xlsx
1077450,RME INNOVATIONS INC,Corporation,3901 PELL CIRCLE STE B,SACRAMENTO,CA,95838,Sacramento,(916) 871 2992,06/25/2021,04/30/2027,C10 | C46,Workers' Compensation Insurance,PIE CASUALTY INSURANCE COMPNAY,08/19/2026,CSLBSearchData_163505900.xlsx
1132476,ROAM SOLAR ENERGY INC,Corporation,1701 FORTUNE DR UNIT M,SAN JOSE,CA,95131,Santa Clara,(408) 627 9802,02/03/2025,02/28/2027,C46,Workers' Compensation Insurance,STATE COMPENSATION INSURANCE FUND,01/01/2027,CSLBSearchData_163528025.xlsx
606942,ROBERT JAMES CORTEZ,Sole Owner,3155 GOLDEN CREST COMMON 2,LIVERMORE,CA,94551,Alameda,(925) 455 0720,11/21/1990,11/30/2026,C20 | C36 | C46,Workers' Compensation Insurance,HARTFORD CASUALTY INSURANCE COMPANY,04/10/2027,CSLBSearchData_163342171.xlsx
991938,ROCKIN ROOFERS,Corporation,1740 CORPORATE CIRCLE,PETALUMA,CA,94954,Sonoma,(707) 285 7037,04/08/2014,04/30/2028,B | C10 | C39 | C46,Workers' Compensation Insurance,STATE COMPENSATION INSURANCE FUND,05/05/2027,CSLBSearchData_163528025.xlsx
1050566,ROCKLIN SOLAR REPAIR,Limited Liability,6518 LONETREE BLVD #2050,ROCKLIN,CA,95765,Placer,(916) 741 0194,02/25/2019,02/28/2027,B | C46,Workers' Compensation Insurance,STATE COMPENSATION INSURANCE FUND,12/09/2026,CSLBSearchData_163505900.xlsx
592190,RODDICK R POOL CONSTRUCTION INC,Corporation,1270 GRAHAM HILL RD,SANTA CRUZ,CA,95060,Santa Cruz,(831) 588 9262,04/18/1990,05/31/2028,C46 | C53,Workers' Compensation Insurance,PIE INSURANCE COMPANY (THE),04/01/2027,CSLBSearchData_163528025.xlsx
1082435,ROI SOLAR INC,Corporation,2000 W TURNER RD,LODI,CA,95242,San Joaquin,(209) 600 4433,10/12/2021,08/31/2027,C10 | C46,Workers' Compensation Insurance,PIE INSURANCE COMPANY (THE),12/08/2026,CSLBSearchData_163505900.xlsx
1062195,ROOFXPERTS,Corporation,P O BOX 58,STANDARD,CA,95373,Tuolumne,(209) 770 7807,01/09/2020,01/31/2028,B | C10 | C39 | C46,Workers' Compensation Insurance,ACCREDITED SURETY AND CASUALTY COMPANY INC,01/21/2027,CSLBSearchData_163547774.xlsx
1041899,ROOZBEH INC,Corporation,P O BOX 218,BEVERLY HILLS,CA,90213,Los Angeles,(310) 717 0170,07/16/2018,01/31/2027,A | B | C46 | C53,Workers' Compensation Insurance,PIE INSURANCE COMPANY (THE),06/01/2027,CSLBSearchData_163412289.xlsx
1123304,ROWAN BUILT LLC,Limited Liability,16671 COUNTRY RANCH CT,VICTORVILLE,CA,92395,San Bernardino,(310) 625 2875,07/05/2024,07/31/2028,C46,Workers' Compensation Insurance,STATE COMPENSATION INSURANCE FUND,05/14/2027,CSLBSearchData_163505900.xlsx
510286,ROYAL AIRE INC,Corporation,2530 ZANELLA WAY STE A,CHICO,CA,95928,Butte,(530) 899 9999,05/07/1987,07/31/2028,B | C-2 | C10 | C20 | C36 | C46,Workers' Compensation Insurance,SUNZ INSURANCE COMPANY,01/01/2027,CSLBSearchData_163342171.xlsx
638729,ROYALTECH SERVICES,Sole Owner,1030 GREYCLIFF AVE,LA PUENTE,CA,91744,Los Angeles,(626) 333 0333,03/02/1992,03/31/2028,A | B | C-7 | C10 | C16 | C20 | C36 | C46,Workers' Compensation Insurance,WESCO INSURANCE COMPANY,05/19/2027,CSLBSearchData_163412289.xlsx
1129921,RUVA ELECTRIC,Corporation,105 KEARNEY STREET,CHULA VISTA,CA,91910,San Diego,(619) 581 0220,12/04/2024,12/31/2026,C10 | C46,Workers' Compensation Insurance,TECHNOLOGY INSURANCE COMPANY INC,09/30/2026,CSLBSearchData_163505900.xlsx
982533,SADLER SOLAR DEVELOPMENT,Sole Owner,30502 S COAST HWY B4,LAGUNA BEACH,CA,92651,Orange,(949) 584 4800,04/05/2013,04/30/2027,C46,Workers' Compensation Insurance,STATE COMPENSATION INSURANCE FUND,01/26/2027,CSLBSearchData_163444973.xlsx
1081457,SAFEHOME SOLAR,Corporation,P O BOX 3763,SOUTH PASADENA,CA,91031,Los Angeles,(213) 915 8007,09/20/2021,09/30/2027,B | C10 | C46,Workers' Compensation Insurance,STATE COMPENSATION INSURANCE FUND,09/01/2026,CSLBSearchData_163412289.xlsx
387886,SAFEWAY ELECTRIC,Corporation,3133 MISSION INN AVENUE,RIVERSIDE,CA,92507,Riverside,(909) 824 6075,03/11/1980,02/29/2028,B | C-7 | C10 | C46,Workers' Compensation Insurance,ZURICH AMERICAN INSURANCE COMPANY OF ILLINOIS,01/15/2027,CSLBSearchData_163505900.xlsx
959155,SAN DIEGO COUNTY SOLAR,Corporation,P O BOX 232593,ENCINITAS,CA,92023,San Diego,(760) 230 2220,03/23/2011,03/31/2027,C10 | C46,Workers' Compensation Insurance,PIE INSURANCE COMPANY (THE),04/01/2027,CSLBSearchData_163505900.xlsx
1046417,SANTA CRUZ RENEWABLES,Sole Owner,2630 ORCHARD STREET SPACE 22,SOQUEL,CA,95073,Santa Cruz,(530) 400 8593,11/02/2018,11/30/2026,C46,Workers' Compensation Insurance,STATE COMPENSATION INSURANCE FUND,12/11/2026,CSLBSearchData_163528025.xlsx
1059767,SARITA SOLAR INC,Corporation,12128 SIERRA ROJO ROAD,VALLEY CENTER,CA,92082,San Diego,(714) 616 4908,10/30/2019,10/31/2027,C46,Workers' Compensation Insurance,STATE COMPENSATION INSURANCE FUND,08/25/2026,CSLBSearchData_163505900.xlsx
1109286,SCHMITZ DOUGLAS G INC,Corporation,2945 OSTROM AVE,LONG BEACH,CA,90815,Los Angeles,(562) 357 2151,08/24/2023,08/31/2027,C20 | C46,Workers' Compensation Insurance,STATE COMPENSATION INSURANCE FUND,08/02/2027,CSLBSearchData_163412289.xlsx
380125,SCHOTT ROOFING INC,Corporation,729 OLIVE AVE,VISTA,CA,92083,San Diego,(760) 630 6450,08/13/1979,08/31/2027,B | C39 | C43 | C46,Workers' Compensation Insurance,CYPRESS INSURANCE COMPANY,01/01/2027,CSLBSearchData_163505900.xlsx
935649,SCOTT NICHOLAS JAMES,Sole Owner,1444 NORTH WHITNEY,FRESNO,CA,93703,Fresno,(559) 255 1644,07/21/2009,07/31/2027,C20 | C46,Workers' Compensation Insurance,AMERICAN ZURICH INSURANCE COMPANY,09/30/2026,CSLBSearchData_163342171.xlsx
869203,SCOTTY'S ENTERPRISES INC,Corporation,3655 CHUCKWAGON WAY #B,PLACERVILLE,CA,95667,El Dorado,(530) 644 2206,12/12/2005,04/30/2028,C20 | C46,Workers' Compensation Insurance,ELECTRIC INSURANCE COMPANY,01/01/2027,CSLBSearchData_163342171.xlsx
1036962,SCURFIELD ELECTRIC HEATING & SOLAR,Corporation,550 SOUTH G STREET #14,ARCATA,CA,95521,Humboldt,(707) 825 0759,03/19/2018,03/31/2028,C10 | C20 | C36 | C46,Workers' Compensation Insurance,STATE COMPENSATION INSURANCE FUND,01/01/2027,CSLBSearchData_163412289.xlsx
1127458,SDA CONSTRUCTION INC,Corporation,10901 GOSS ST,SUN VALLEY,CA,91352,Los Angeles,(818) 235 4549,10/08/2024,10/31/2026,B | C10 | C46,Workers' Compensation Insurance,TECHNOLOGY INSURANCE COMPANY INC,09/11/2026,CSLBSearchData_163412289.xlsx
900399,SEA BRIGHT SOLAR INC,Corporation,P O BOX 10231,SAN BERNARDINO,CA,92423,San Bernardino,(909) 335 0820,07/18/2007,07/31/2027,C46,Workers' Compensation Insurance,NATIONAL CASUALTY COMPANY,11/01/2026,CSLBSearchData_163505900.xlsx
1038751,SEABRIGHT SOLAR,Corporation,PO BOX 2064,APTOS,CA,95001,Santa Cruz,(831) 688 1338,04/30/2018,05/31/2028,C46,Workers' Compensation Insurance,HARTFORD CASUALTY INSURANCE COMPANY,04/11/2027,CSLBSearchData_163528025.xlsx
1083681,SEMPER AIR,Corporation,1805 JOHN TOWERS AVE,EL CAJON,CA,92020,San Diego,(619) 790 4485,11/12/2021,11/30/2027,B | C10 | C20 | C39 | C46,Workers' Compensation Insurance,PRAETORIAN INSURANCE COMPANY,10/10/2026,CSLBSearchData_163505900.xlsx
978152,SEMPER SOLARIS,Corporation,1805 JOHN TOWERS AVENUE,EL CAJON,CA,92020,San Diego,(619) 715 4054,10/26/2012,10/31/2026,B | C10 | C20 | C39 | C46,Workers' Compensation Insurance,PRAETORIAN INSURANCE COMPANY,10/10/2026,CSLBSearchData_163505900.xlsx
1018979,SENGOKU SOLAR LLC,Limited Liability,29733 NIGHTVIEW CIRCLE,TEMECULA,CA,92591,Riverside,(951) 541 4465,10/04/2016,10/31/2026,C10 | C46,Workers' Compensation Insurance,STATE COMPENSATION INSURANCE FUND,04/27/2027,CSLBSearchData_163505900.xlsx
1051281,SHADE POWER LLC,Limited Liability,100 S MURPHY AVENUE SUITE 200,SUNNYVALE,CA,94086,Santa Clara,(408) 780 0968,03/14/2019,03/31/2027,C46,Workers' Compensation Insurance,PIE INSURANCE COMPANY (THE),03/09/2027,CSLBSearchData_163528025.xlsx
968940,SHINE ON SOLAR & MAINTENANCE,Sole Owner,7924 ADRIAN DRIVE,ROHNERT PARK,CA,94928,Sonoma,(707) 593 9026,01/04/2012,03/31/2027,C46,Workers' Compensation Insurance,STATE COMPENSATION INSURANCE FUND,06/18/2027,CSLBSearchData_163528025.xlsx
709389,SHUFELBERGER CONSTRUCTION INC,Corporation,9580 CROSSROADS DR,REDDING,CA,96003,Shasta,(530) 221 8555,07/10/1995,07/31/2027,A | B | C46,Workers' Compensation Insurance,CLEAR SPRING PROPERTY AND CASUALTY COMPANY,10/01/2026,CSLBSearchData_163528025.xlsx
453302,SIERRA PACIFIC HOME & COMFORT INC,Corporation,2550 MERCANTILE DR SUITE D,RANCHO CORDOVA,CA,95742,Sacramento,(916) 638 0543,03/12/1984,03/31/2028,B | C10 | C20 | C36 | C46 | C53,Workers' Compensation Insurance,OLD REPUBLIC INSURANCE COMPANY,05/01/2027,CSLBSearchData_163505900.xlsx
360454,SIERRA SOLAR INC,Corporation,P O BOX 1464,MAMMOTH LAKES,CA,93546,Mono,(760) 937 0846,07/11/1978,12/31/2026,B | C10 | C46,Workers' Compensation Insurance,STATE COMPENSATION INSURANCE FUND,10/25/2026,CSLBSearchData_163444973.xlsx
826606,SIERRA VALLEY MECHANICAL,Corporation,11476 ELKS CIRCLE,RANCHO CORDOVA,CA,95742,Sacramento,(916) 635 3120,10/24/2003,10/31/2027,B | C10 | C17 | C20 | C46,Workers' Compensation Insurance,PRAETORIAN INSURANCE COMPANY,08/01/2027,CSLBSearchData_163505900.xlsx
997639,"SIG SOLAR, S.I.G.",Corporation,P O BOX 265,OAKDALE,CA,95361,Stanislaus,(209) 495 1126,10/16/2014,10/31/2026,C10 | C46,Workers' Compensation Insurance,NATIONAL CASUALTY COMPANY,04/02/2027,CSLBSearchData_163528025.xlsx
1001143,SILVERLINE SOLAR,Corporation,21410 CHASE ST #4,CANOGA PARK,CA,91304,Los Angeles,(855) 884 4790,02/13/2015,02/28/2027,B | C10 | C46,Workers' Compensation Insurance,STARSTONE NATIONAL INSURANCE COMPANY,08/15/2027,CSLBSearchData_163412289.xlsx
765156,SIMMITRI INC,Corporation,P O BOX 1778,MORGAN HILL,CA,95038,Santa Clara,(408) 779 3333,06/30/1999,06/30/2027,C-2 | C39 | C46 | D24,Workers' Compensation Insurance,INDEMNITY INSURANCE COMPANY OF NORTH AMERICA,10/01/2026,CSLBSearchData_163528025.xlsx
990055,SIMPLY SOLAR LLC,Limited Liability,10970 ARROW RT #106,RANCHO CUCAMONGA,CA,91730,San Bernardino,(310) 532 0995,01/22/2014,05/31/2028,C10 | C46,Workers' Compensation Insurance,MIDWEST EMPLOYERS CASUALTY COMPANY,04/28/2027,CSLBSearchData_163505900.xlsx
1091624,SIX RIVERS SOLAR LLC,Limited Liability,818 BROADWAY,EUREKA,CA,95501,Humboldt,(707) 443 5652,05/17/2022,05/31/2028,B | C10 | C46,Workers' Compensation Insurance,COMPWEST INSURANCE CO,01/01/2027,CSLBSearchData_163412289.xlsx
998255,SMART SOLAR CONSTRUCTION,Limited Liability,"9520 OWENSMOUTH AVE,UNIT 3",CHATSWORTH,CA,91311,Los Angeles,(818) 292 8065,10/30/2014,10/31/2026,C46,Workers' Compensation Insurance,STATE COMPENSATION INSURANCE FUND,06/11/2027,CSLBSearchData_163412289.xlsx
1141919,SMARTBUILT INC,Corporation,3606 LINDA VISTA AVE,NAPA,CA,94558,Napa,(707) 956 9199,08/12/2025,08/31/2027,B | C10 | C27 | C46,Workers' Compensation Insurance,STATE COMPENSATION INSURANCE FUND,08/09/2027,CSLBSearchData_163444973.xlsx
871200,SMITH ELECTRICAL CONTRACTORS INC,Corporation,206 GREENFIELD DR STE G,EL CAJON,CA,92020,San Diego,(619) 758 9829,01/19/2006,01/31/2028,C10 | C46,Workers' Compensation Insurance,STATE COMPENSATION INSURANCE FUND,10/23/2026,CSLBSearchData_163505900.xlsx
724082,SOCAL HYDRONICS & PHOENIX BUILD CONSORTIUM,Corporation,5308 DERRY AVENUE SUITE S,AGOURA HILLS,CA,91356,Los Angeles,(818) 699 6031,06/17/1996,10/31/2026,A | B | C16 | C20 | C36 | C46,Workers' Compensation Insurance,PIE INSURANCE COMPANY (THE),07/31/2026,CSLBSearchData_163412289.xlsx
1077212,SOL R US INCORPORATED,Corporation,4465 GRANITE DRIVE SUITE 1033,ROCKLIN,CA,95677,Placer,(916) 281 7200,06/22/2021,06/30/2027,C46,Workers' Compensation Insurance,CAROLINA CASUALTY INSURANCE COMPANY,07/08/2027,CSLBSearchData_163505900.xlsx
1072735,SOL-TEK SOLAR,Limited Liability,827 JEFFERSON AVE,CLOVIS,CA,93612,Fresno,(559) 455 1720,01/13/2021,01/31/2027,C10 | C46,Workers' Compensation Insurance,TRAVELERS PROPERTY CASUALTY COMPANY OF AMERICA,05/05/2027,CSLBSearchData_163342171.xlsx
953443,SOLA-LITE,Corporation,P O BOX 11571,PALM DESERT,CA,92255,Riverside,(760) 779 5591,10/13/2010,10/31/2026,B | C46,Workers' Compensation Insurance,STATE COMPENSATION INSURANCE FUND,08/14/2027,CSLBSearchData_163505900.xlsx
752181,SOLAR - TEC SYSTEMS INC,Corporation,39971 - A SILVER LANTERN,DANA POINT,CA,92629,Orange,(949) 603 6677,07/23/1998,09/30/2027,B | C46,Workers' Compensation Insurance,STATE COMPENSATION INSURANCE FUND,09/01/2026,CSLBSearchData_163444973.xlsx
1115785,SOLAR AND MORE INC,Corporation,16881 ROCKY GLENN RD,PERRIS,CA,92570,Riverside,(951) 720 1209,01/30/2024,01/31/2028,B | C39 | C46,Workers' Compensation Insurance,MIDWEST EMPLOYERS CASUALTY COMPANY,04/17/2027,CSLBSearchData_163505900.xlsx
872323,SOLAR CENTER,Limited Liability,2913 EL CAMINO REAL STE 512,TUSTIN,CA,92782,Orange,(949) 636 6991,02/07/2006,06/30/2028,B | C10 | C46,Workers' Compensation Insurance,STATE COMPENSATION INSURANCE FUND,07/07/2027,CSLBSearchData_163444973.xlsx
488066,SOLAR CENTER INC,Corporation,1185 O'BRIEN DRIVE,MENLO PARK,CA,94025,San Mateo,(650) 327 3200,03/06/1986,03/31/2028,B | C10 | C17 | C20 | C46 | D12,Workers' Compensation Insurance,STATE COMPENSATION INSURANCE FUND,01/01/2027,CSLBSearchData_163528025.xlsx
1051362,SOLAR CENTRAL INC,Corporation,72056 NORTH SHORE ST STE B,THOUSAND PALMS,CA,92276,Riverside,(760) 640 0000,03/15/2019,03/31/2027,C46,Workers' Compensation Insurance,STATE COMPENSATION INSURANCE FUND,03/18/2027,CSLBSearchData_163505900.xlsx
1007296,SOLAR CENTURY,Sole Owner,8780 SUNSET AVENUE,FAIR OAKS,CA,95628,Sacramento,(916) 505 3836,09/14/2015,09/30/2026,C46,Workers' Compensation Insurance,STATE COMPENSATION INSURANCE FUND,01/15/2027,CSLBSearchData_163505900.xlsx
683128,SOLAR CONTRACTOR THE,Corporation,309 RIVERSIDE RD,OAK VIEW,CA,93022,Ventura,(805) 649 8630,12/30/1993,07/31/2028,B | C46 | D03 | D34,Workers' Compensation Insurance,STATE COMPENSATION INSURANCE FUND,08/22/2027,CSLBSearchData_163547774.xlsx
1014977,SOLAR DISCOVERY INC,Corporation,8824 SHIRLEY AVE STE 10,NORTHRIDGE,CA,91324,Los Angeles,(818) 925 1252,06/08/2016,06/30/2028,B | C10 | C39 | C46,Workers' Compensation Insurance,STATE COMPENSATION INSURANCE FUND,04/02/2027,CSLBSearchData_163412289.xlsx
1040134,SOLAR HARMONICS INC,Corporation,2004 RIDDLING COURT,BRENTWOOD,CA,94513,Contra Costa,(925) 756 6944,06/04/2018,06/30/2028,C46,Workers' Compensation Insurance,STATE COMPENSATION INSURANCE FUND,11/03/2026,CSLBSearchData_163342171.xlsx
1050433,SOLAR MOTION,Corporation,528 PINE ST,APTOS,CA,95003,Santa Cruz,(831) 588 6991,02/21/2019,02/28/2027,B | C10 | C46,Workers' Compensation Insurance,STATE COMPENSATION INSURANCE FUND,09/13/2026,CSLBSearchData_163528025.xlsx
1021919,SOLAR NEGOTIATORS,Corporation,4603 W JENNIFER AVE,FRESNO,CA,93722,Fresno,(559) 447 1557,12/20/2016,12/31/2026,B | C10 | C39 | C46,Workers' Compensation Insurance,REDWOOD FIRE AND CASUALTY INSURANCE CO,06/19/2027,CSLBSearchData_163342171.xlsx
1084699,SOLAR NOW,Limited Liability,56624 TWENTYNINE PALMS HWY,YUCCA VALLEY,CA,92284,San Bernardino,(760) 228 3188,12/08/2021,06/30/2028,C46,Workers' Compensation Insurance,STATE COMPENSATION INSURANCE FUND,06/02/2027,CSLBSearchData_163505900.xlsx
1054153,SOLAR PANEL SOLUTIONS INC,Corporation,5479 DON JUAN CIRCLE,SAN JOSE,CA,95123,Santa Clara,(408) 666 0548,05/30/2019,05/31/2027,C46,Workers' Compensation Insurance,STATE COMPENSATION INSURANCE FUND,10/01/2026,CSLBSearchData_163528025.xlsx
924564,SOLAR POOL SERVICES INC,Corporation,16780 RABBIT SCRAMBLE TRL,RIVERSIDE,CA,92504,Riverside,(951) 276 8286,11/04/2008,11/30/2026,C46,Workers' Compensation Insurance,STATE COMPENSATION INSURANCE FUND,06/15/2027,CSLBSearchData_163505900.xlsx
947141,SOLAR POWER CONSTRUCTION & PLUMBING CO,Sole Owner,919 E PALM AVE,BURBANK,CA,91501,Los Angeles,(747) 272 2404,05/12/2010,05/31/2028,B | C10 | C36 | C46,Workers' Compensation Insurance,STATE COMPENSATION INSURANCE FUND,10/01/2026,CSLBSearchData_163412289.xlsx
1097059,SOLAR POWER FUND,Corporation,919 THE ALAMEDA,SAN JOSE,CA,95126,Santa Clara,(408) 350 7500,09/27/2022,09/30/2028,C46,Workers' Compensation Insurance,EMPLOYERS PREFERRED INSURANCE COMPANY,08/12/2026,CSLBSearchData_163528025.xlsx
1088859,SOLAR POWERGEN INC,Corporation,405 N KENTER AVENUE,LOS ANGELES,CA,90049,Los Angeles,(310) 717 1946,03/21/2022,03/31/2028,C46,Workers' Compensation Insurance,STATE COMPENSATION INSURANCE FUND,02/04/2027,CSLBSearchData_163412289.xlsx
913359,SOLAR PROJECTS UNLIMITED,Sole Owner,932 9TH ST,ARCATA,CA,95521,Humboldt,(707) 845 5685,04/03/2008,04/30/2028,C46,Workers' Compensation Insurance,PIE INSURANCE COMPANY (THE),10/01/2026,CSLBSearchData_163412289.xlsx
990943,SOLAR RENEWABLE ENERGY,Corporation,"770 SYCAMORE AVE, 122-112",VISTA,CA,92083,San Diego,(760) 805 4664,02/27/2014,06/30/2028,C10 | C46,Workers' Compensation Insurance,STATE COMPENSATION INSURANCE FUND,06/17/2027,CSLBSearchData_163505900.xlsx
1051284,SOLAR SERVICE PROFESSIONALS INC,Corporation,14431 VENTURA BLVD #174,SHERMAN OAKS,CA,91423,Los Angeles,(866) 765 7767,03/14/2019,12/31/2026,C10 | C39 | C46,Workers' Compensation Insurance,STATE COMPENSATION INSURANCE FUND,09/20/2026,CSLBSearchData_163412289.xlsx
580995,SOLAR SERVICES OF SAN DIEGO INC,Corporation,10020 PROSPECT AVE B-2,SANTEE,CA,92071,San Diego,(619) 258 0846,11/16/1989,07/31/2027,C46,Workers' Compensation Insurance,STATE COMPENSATION INSURANCE FUND,03/01/2027,CSLBSearchData_163505900.xlsx
925231,SOLAR SOURCE INC,Corporation,2954 E 14TH ST,LONG BEACH,CA,90804,Los Angeles,(562) 852 5626,11/21/2008,03/31/2027,C10 | C39 | C46,Workers' Compensation Insurance,STARNET INSURANCE COMPANY,09/24/2026,CSLBSearchData_163412289.xlsx
1040428,SOLAR SPECTROM INC,Corporation,"144 W LOS ANGELES AVE,STE 106-199",MOORPARK,CA,93021,Ventura,(805) 506 9084,06/08/2018,06/30/2028,C46,Workers' Compensation Insurance,STATE COMPENSATION INSURANCE FUND,09/25/2026,CSLBSearchData_163547774.xlsx
988146,SOLAR SYMPHONY CONSTRUCTION INC,Corporation,1291 PACIFIC OAKS PL STE 117,ESCONDIDO,CA,92029,San Diego,(760) 300 4141,10/31/2013,10/31/2027,B | C46,Workers' Compensation Insurance,STATE COMPENSATION INSURANCE FUND,12/01/2026,CSLBSearchData_163505900.xlsx
1106777,SOLAR TECH ENERGY SYSTEMS INC,Corporation,9410 BOND AVE,EL CAJON,CA,92021,San Diego,(619) 743 9193,06/30/2023,06/30/2027,C10 | C39 | C46,Workers' Compensation Insurance,QBE INSURANCE CORPORATION,11/01/2026,CSLBSearchData_163505900.xlsx
932914,SOLAR TECHNOLOGIES,Corporation,14 BETA CT,SAN RAMON,CA,94583,Contra Costa,(925) 791 6511,05/21/2009,05/31/2027,C10 | C46,Workers' Compensation Insurance,INDEMNITY INSURANCE COMPANY OF NORTH AMERICA,10/01/2026,CSLBSearchData_163342171.xlsx
393565,SOLAR UNLIMITED INC,Corporation,170 W LIVE OAK AVE,ARCADIA,CA,91007,Los Angeles,(626) 461 5777,09/26/1980,09/30/2026,C46,Workers' Compensation Insurance,STATE COMPENSATION INSURANCE FUND,03/01/2027,CSLBSearchData_163412289.xlsx
991559,SOLAR XPRESS INC,Corporation,3566 ADAMSVILLE AVENUE,CALABASAS,CA,91302,Los Angeles,(818) 209 8280,03/22/2014,03/31/2028,C46,Workers' Compensation Insurance,STATE COMPENSATION INSURANCE FUND,06/10/2027,CSLBSearchData_163412289.xlsx
1001001,SOLARCO ENERGY,Corporation,22982 LA CADENA DR STE 27,LAGUNA HILLS,CA,92653,Orange,(949) 482 2232,02/09/2015,07/31/2028,C10 | C46,Workers' Compensation Insurance,STATE COMPENSATION INSURANCE FUND,01/27/2027,CSLBSearchData_163444973.xlsx
1007852,SOLARCON INC,Corporation,5225 CANNON CREST DR #71821,RIVERSIDE,CA,92507,Riverside,(213) 703 5080,10/02/2015,10/31/2027,B | C10 | C17 | C20 | C38 | C46,Workers' Compensation Insurance,PIE INSURANCE COMPANY (THE),02/03/2027,CSLBSearchData_163505900.xlsx
497797,SOLARCRAFT SERVICES INC,Corporation,8 DIGITAL DR #101,NOVATO,CA,94949,Marin,(415) 382 7717,09/04/1986,09/30/2026,B | C10 | C46 | D35,Workers' Compensation Insurance,STATE COMPENSATION INSURANCE FUND,01/01/2027,CSLBSearchData_163444973.xlsx
971194,SOLARGRAHAM,Corporation,36504 RANCH HOUSE ST,MURRIETA,CA,92563,Riverside,(909) 749 0106,03/23/2012,12/31/2026,C10 | C46,Workers' Compensation Insurance,STATE COMPENSATION INSURANCE FUND,02/04/2027,CSLBSearchData_163505900.xlsx
970970,SOLARHUT LLC,Limited Liability,6590 COMMERCE WAY,DIAMOND SPRINGS,CA,95619,El Dorado,(530) 651 5111,03/16/2012,07/31/2028,C10 | C46,Workers' Compensation Insurance,EMPLOYERS COMPENSATION INSURANCE COMPANY,10/02/2026,CSLBSearchData_163342171.xlsx
972048,SOLARMAX RENEWABLE ENERGY PROVIDER INC,Corporation,3080 12TH STREET,RIVERSIDE,CA,92507,Riverside,(951) 300 0788,04/12/2012,04/30/2028,C10 | C46,Workers' Compensation Insurance,INDEMNITY INSURANCE COMPANY OF NORTH AMERICA,10/01/2026,CSLBSearchData_163505900.xlsx
561720,SOLARON,Corporation,3460 BUSINESS DR STE 100,SACRAMENTO,CA,95820,Sacramento,(916) 631 9293,03/23/1989,09/30/2027,C46 | C53,Workers' Compensation Insurance,STATE COMPENSATION INSURANCE FUND,01/01/2027,CSLBSearchData_163505900.xlsx
930425,SOLARPARK USA INC,Corporation,111 DEERWOOD RD STE 200,SAN RAMON,CA,94583,Contra Costa,(510) 483 7200,03/26/2009,03/31/2027,C10 | C46,Workers' Compensation Insurance,PIE INSURANCE COMPANY (THE),09/26/2026,CSLBSearchData_163342171.xlsx
391670,SOLARPONICS INC,Corporation,4700 EL CAMINO REAL,ATASCADERO,CA,93422,San Luis Obispo,(805) 466 5595,07/07/1980,07/31/2028,B | C10 | C20 | C36 | C46,Workers' Compensation Insurance,STARNET INSURANCE COMPANY,12/10/2026,CSLBSearchData_163505900.xlsx
656905,SOLARPORTS DEVELOPMENT,Corporation,115 INEZ PL,MILL VALLEY,CA,94941,Marin,(415) 888 4000,10/21/1992,10/31/2026,B | C46,Workers' Compensation Insurance,STATE COMPENSATION INSURANCE FUND,01/15/2027,CSLBSearchData_163444973.xlsx
932764,SOLARTRONICS USA,Corporation,1449 LINVILLE LANE,COLTON,CA,92324,San Bernardino,(909) 821 7580,05/18/2009,05/31/2027,C-7 | C10 | C46,Workers' Compensation Insurance,STATE COMPENSATION INSURANCE FUND,11/07/2026,CSLBSearchData_163505900.xlsx
678517,SOLEX,Sole Owner,P O BOX 411,CARMEL VALLEY,CA,93924,Monterey,(831) 333 1919,10/07/1993,10/31/2027,C46,Workers' Compensation Insurance,CAROLINA CASUALTY INSURANCE COMPANY,07/31/2027,CSLBSearchData_163444973.xlsx
973676,SOLGREEN DEVELOPMENT,Sole Owner,1515 EVANS AVE,POMONA,CA,91766,Los Angeles,(909) 751 5151,06/04/2012,06/30/2028,B | C10 | C46,Workers' Compensation Insurance,STATE COMPENSATION INSURANCE FUND,08/16/2027,CSLBSearchData_163412289.xlsx
982727,SOLINSURE,Sole Owner,1716 CHESTNUT STREET,BERKELEY,CA,94702,Alameda,(341) 333 0721,04/13/2013,04/30/2027,C46,Workers' Compensation Insurance,STATE COMPENSATION INSURANCE FUND,12/09/2026,CSLBSearchData_163342171.xlsx
1050892,SOLIRVINE LLC,Limited Liability,31 TISBURY WAY,LADERA RANCH,CA,92694,Orange,(925) 548 4924,03/04/2019,03/31/2027,C46,Workers' Compensation Insurance,PIE CASUALTY INSURANCE COMPNAY,12/17/2026,CSLBSearchData_163444973.xlsx
1033780,SOLTECH ENERGY INC,Corporation,1814 HAWTHORNE ST,SAN JACINTO,CA,92583,Riverside,(951) 349 8521,12/08/2017,04/30/2028,C46,Workers' Compensation Insurance,PIE CASUALTY INSURANCE COMPNAY,11/11/2026,CSLBSearchData_163505900.xlsx
1083907,SOLV ENERGY LLC,Limited Liability,16680 WEST BERNARDO DR,SAN DIEGO,CA,92127,San Diego,(858) 251 4888,11/19/2021,11/30/2027,A | B | C10 | C46,Workers' Compensation Insurance,TRAVELERS PROPERTY CASUALTY COMPANY OF AMERICA,05/01/2027,CSLBSearchData_163505900.xlsx
901436,SON LIGHT INC,Corporation,P O BOX 81796,BAKERSFIELD,CA,93380,Kern,(661) 393 5500,08/03/2007,08/31/2027,B | C10 | C46,Workers' Compensation Insurance,AMTRUST INSURANCE COMPANY,02/01/2027,CSLBSearchData_163412289.xlsx
1035189,SONOMARIN SOLAR INC,Corporation,675 IDYLBERY RD,SAN RAFAEL,CA,94903,Marin,(415) 985 5458,01/24/2018,01/31/2028,C10 | C46,Workers' Compensation Insurance,STATE COMPENSATION INSURANCE FUND,01/19/2027,CSLBSearchData_163444973.xlsx
805496,SOURCE SOLAR INC,Corporation,"310 N INDIAN HILL BLVD,#403",CLAREMONT,CA,91711,Los Angeles,(714) 715 5901,03/12/2002,06/30/2027,B | C-5 | C10 | C46,Workers' Compensation Insurance,STATE COMPENSATION INSURANCE FUND,09/25/2026,CSLBSearchData_163412289.xlsx
1055498,SOUTH SHORE ELECTRIC,Corporation,29336 TOURNAMENT,LAKE ELSINORE,CA,92530,Riverside,(951) 866 2828,07/03/2019,04/30/2027,B | C10 | C46,Workers' Compensation Insurance,STATE COMPENSATION INSURANCE FUND,04/13/2027,CSLBSearchData_163505900.xlsx
1022373,SOUTHBAY NRG,Corporation,10408 NEWHOME AVE,SUNLAND,CA,91040,Los Angeles,(323) 251 4382,01/09/2017,01/31/2027,B | C10 | C20 | C39 | C46,Workers' Compensation Insurance,STATE COMPENSATION INSURANCE FUND,07/04/2027,CSLBSearchData_163412289.xlsx
1062963,SRS ROOFING & SOLAR INC,Corporation,1271 WASHINGTON AVE #337,SAN LEANDRO,CA,94577,Alameda,(510) 600 2299,02/03/2020,02/29/2028,C-2 | C39 | C46 | D24,Workers' Compensation Insurance,NATIONAL CASUALTY COMPANY,01/01/2027,CSLBSearchData_163342171.xlsx
984910,STATEN SOLAR CORPORATION,Corporation,175 NORTECH PKWY,SAN JOSE,CA,95134,Santa Clara,(408) 780 2889,06/29/2013,06/30/2027,A | B | C10 | C46,Workers' Compensation Insurance,STATE COMPENSATION INSURANCE FUND,09/13/2026,CSLBSearchData_163528025.xlsx
769804,STEED JOHN HOMES,Sole Owner,"16252 CONSTRUCTION CIR EAST,STE C",IRVINE,CA,92606,Orange,(949) 697 5652,10/06/1999,10/31/2027,ASB | B | C-5 | C-6 | C-7 | C-8 | C-9 | C10 | C20 | C36 | C46 | C54,Workers' Compensation Insurance,BENCHMARK INSURANCE COMPANY,11/15/2026,CSLBSearchData_163444973.xlsx
975678,STJ ENERGY,Sole Owner,11344 COLOMA RD STE 542,GOLD RIVER,CA,95670,Sacramento,(916) 335 5678,08/08/2012,10/31/2027,C20 | C38 | C46,Workers' Compensation Insurance,STATE COMPENSATION INSURANCE FUND,07/01/2027,CSLBSearchData_163505900.xlsx
1131980,STRAIGHT LINE ROOFING & CONSTRUCTION LLC,Limited Liability,3811 DIVIDEND DR STE A,SHINGLE SPRINGS,CA,95682,El Dorado,(530) 672 9995,01/22/2025,01/31/2027,B | C-2 | C-5 | C17 | C33 | C39 | C43 | C46 | C47 | D24 | D39 | D41 | D63 | D65,Workers' Compensation Insurance,NATIONAL CASUALTY COMPANY,10/01/2026,CSLBSearchData_163342171.xlsx
939095,SULPIZIO STUART,Sole Owner,8512 BRIER DR,LOS ANGELES,CA,90046,Los Angeles,(818) 216 3613,10/22/2009,10/31/2027,B | C10 | C20 | C46,Workers' Compensation Insurance,PIE INSURANCE COMPANY (THE),12/06/2026,CSLBSearchData_163412289.xlsx
597784,SUN AMERICA SOLAR & CONSTRUCTION CO,Sole Owner,170 GREVEILLIA DR,PETALUMA,CA,94952,Sonoma,(707) 364 5915,07/06/1990,03/31/2028,B | C39 | C46,Workers' Compensation Insurance,STATE COMPENSATION INSURANCE FUND,01/22/2027,CSLBSearchData_163528025.xlsx
1074301,SUN DOLLAR SOLAR,Corporation,1440 BEAUMONT AVE #A2-345,BEAUMONT,CA,92223,Riverside,(951) 456 2016,03/26/2021,03/31/2027,B | C10 | C46,Workers' Compensation Insurance,STARSTONE NATIONAL INSURANCE COMPANY,02/03/2027,CSLBSearchData_163505900.xlsx
669250,SUN FIRST! INC,Corporation,136 MITCHELL BLVD,SAN RAFAEL,CA,94903,Marin,(415) 458 5870,04/14/1993,08/31/2027,B | C46,Workers' Compensation Insurance,CYPRESS INSURANCE COMPANY,10/01/2026,CSLBSearchData_163444973.xlsx
326203,SUN LIGHT & POWER,Corporation,1035 FOLGER AVE,BERKELEY,CA,94710,Alameda,(510) 845 2997,10/12/1976,07/31/2027,B | C10 | C46,Workers' Compensation Insurance,ZURICH AMERICAN INSURANCE COMPANY,10/01/2026,CSLBSearchData_163342171.xlsx
1131368,SUN LIGHT & POWER SOLUTIONS,Corporation,1035 FOLGER AVE,BERKELEY,CA,94710,Alameda,(510) 845 2997,01/07/2025,01/31/2027,B | C46,Workers' Compensation Insurance,ZURICH AMERICAN INSURANCE COMPANY,10/01/2026,CSLBSearchData_163342171.xlsx
952018,SUN MARSHALL SOLAR SERVICES,Sole Owner,1200 CRONIN DR,VALLEJO,CA,94589,Solano,(707) 319 5705,09/07/2010,09/30/2026,C46,Workers' Compensation Insurance,STATE COMPENSATION INSURANCE FUND,04/26/2027,CSLBSearchData_163528025.xlsx
990449,SUN METRICS,Sole Owner,430 D STREET,DAVIS,CA,95616,Yolo,(530) 564 5383,02/07/2014,02/29/2028,C46,Workers' Compensation Insurance,STATE COMPENSATION INSURANCE FUND,02/05/2027,CSLBSearchData_163547774.xlsx
759837,SUN POWER CONSTRUCTION INC,Corporation,P O BOX 101,TRUCKEE,CA,96160,Nevada,(530) 848 4027,03/02/1999,12/31/2027,C-4 | C46,Workers' Compensation Insurance,STATE COMPENSATION INSURANCE FUND,10/04/2026,CSLBSearchData_163444973.xlsx
655330,SUN POWERED SOLUTIONS INC,Corporation,2111 SWEETBRIER ST,PALMDALE,CA,93550,Los Angeles,(661) 274 8400,09/29/1992,08/31/2028,C20 | C46,Workers' Compensation Insurance,STATE COMPENSATION INSURANCE FUND,11/04/2026,CSLBSearchData_163412289.xlsx
1055560,SUN SOLAR ENERGY SOLUTIONS,Corporation,12625 JOMANI DR STE 101,BAKERSFIELD,CA,93312,Kern,(661) 379 7000,07/05/2019,07/31/2027,C46,Workers' Compensation Insurance,CYPRESS INSURANCE COMPANY,05/01/2027,CSLBSearchData_163412289.xlsx
1065395,SUN SOLAR ENERGY SOLUTIONS,Corporation,12625 JOMANI DR,BAKERSFIELD,CA,93312,Kern,(661) 379 7000,04/21/2020,04/30/2028,C10 | C46,Workers' Compensation Insurance,CYPRESS INSURANCE COMPANY,05/01/2027,CSLBSearchData_163412289.xlsx
989112,SUN-TRICITY SOLAR POWER,Sole Owner,660 EMERALD AVE,EL CAJON,CA,92020,San Diego,(619) 894 5042,12/14/2013,12/31/2027,C46,Workers' Compensation Insurance,STATE COMPENSATION INSURANCE FUND,11/26/2026,CSLBSearchData_163505900.xlsx
1154018,SUNBEAR ELECTRIC,Corporation,PO BOX 2231,WOODLAND,CA,95776,Yolo,(916) 798 2539,04/23/2026,04/30/2028,B | C10 | C46,Workers' Compensation Insurance,PIE INSURANCE COMPANY (THE),06/09/2027,CSLBSearchData_163547774.xlsx
1078460,SUNBOLT SOLAR,Corporation,198 E 13TH ST,ARCATA,CA,95521,Humboldt,(831) 247 9555,07/20/2021,07/31/2027,C10 | C46,Workers' Compensation Insurance,STATE COMPENSATION INSURANCE FUND,08/03/2027,CSLBSearchData_163412289.xlsx
749795,SUNCHASER INC,Corporation,10316 CHASECREEK LANE,LAKESIDE,CA,92040,San Diego,(760) 315 4597,05/21/1998,08/31/2027,C46,Workers' Compensation Insurance,STATE COMPENSATION INSURANCE FUND,08/26/2027,CSLBSearchData_163505900.xlsx
1015070,SUNDANCE SOLAR,Corporation,"3478 BUSKIRK AVE,SUITE #1000",PLEASANT HILL,CA,94523,Contra Costa,(707) 469 3870,06/10/2016,06/30/2028,C46,Workers' Compensation Insurance,STATE COMPENSATION INSURANCE FUND,08/08/2027,CSLBSearchData_163342171.xlsx
1061794,SUNERGY INC,Corporation,20311 HERMANA CIR,LAKE FOREST,CA,92630,Orange,(949) 758 0429,12/30/2019,12/31/2027,C10 | C46,Workers' Compensation Insurance,STATE COMPENSATION INSURANCE FUND,06/13/2027,CSLBSearchData_163444973.xlsx
1021907,SUNKO SOLAR,Sole Owner,6322 S HARCOURT DR,LOS ANGELES,CA,90043,Los Angeles,(888) 997 8656,12/19/2016,12/31/2026,C46,Workers' Compensation Insurance,STATE COMPENSATION INSURANCE FUND,11/25/2026,CSLBSearchData_163412289.xlsx
997589,SUNLIGHT SOLAR INC,Corporation,1300 N JOHNSON AVE SUITE 104,EL CAJON,CA,92020,San Diego,(619) 784 6990,10/14/2014,10/31/2026,B | C10 | C17 | C39 | C46,Workers' Compensation Insurance,TECHNOLOGY INSURANCE COMPANY INC,08/13/2027,CSLBSearchData_163505900.xlsx
1063414,"SUNLOGIX AC, HEATING , & SOLAR",Corporation,77824 WILDCAT DRIVE,PALM DESERT,CA,92211,Riverside,(760) 844 6507,02/18/2020,02/29/2028,B | C20 | C46,Workers' Compensation Insurance,STATE COMPENSATION INSURANCE FUND,02/18/2027,CSLBSearchData_163505900.xlsx
1039722,SUNMADE SMART ROOFING SOLAR & ELECTRIC,Corporation,4253 N VALENTINE AVE,FRESNO,CA,93722,Fresno,(559) 296 0040,05/23/2018,03/31/2027,C10 | C39 | C46,Workers' Compensation Insurance,STATE COMPENSATION INSURANCE FUND,04/30/2027,CSLBSearchData_163342171.xlsx
1076156,SUNNY CREEK SOLAR AND MAINTENANCE INC,Corporation,16789 GABLE DRIVE,ESPARTO,CA,95627,Yolo,(530) 650 9770,05/24/2021,01/31/2028,C10 | C46,Workers' Compensation Insurance,MIDWEST EMPLOYERS CASUALTY COMPANY,01/16/2027,CSLBSearchData_163547774.xlsx
1042628,SUNNY SOLAR POWER INC,Corporation,"175 WEST LEXINGTON AVENUE,SUITE F",EL CAJON,CA,92020,San Diego,(619) 961 9116,08/02/2018,07/31/2027,B | C10 | C46,Workers' Compensation Insurance,STATE COMPENSATION INSURANCE FUND,04/23/2027,CSLBSearchData_163505900.xlsx
990589,SUNNYCAL SOLAR INCORPORATED,Corporation,6452 HOGAN DAM ROAD,VALLEY SPRINGS,CA,95252,Calaveras,(209) 464 6100,02/13/2014,02/29/2028,B | C46,Workers' Compensation Insurance,MIDWEST EMPLOYERS CASUALTY COMPANY,02/08/2027,CSLBSearchData_163342171.xlsx
977486,SUNRISE ENERGY SOLUTIONS INC,Corporation,P O BOX 3070,GRANITE BAY,CA,95746,Placer,,10/02/2012,10/31/2026,B | C46,Workers' Compensation Insurance,EVEREST PREMIER INSURANCE COMPANY,12/11/2026,CSLBSearchData_163505900.xlsx
913485,SUNRISE SOLAR,Corporation,3195 FITZGERALD ROAD,RANCHO CORDOVA,CA,95742,Sacramento,(916) 635 3000,04/04/2008,04/30/2028,B | C39 | C46,Workers' Compensation Insurance,AMERICAN ZURICH INSURANCE COMPANY,03/01/2027,CSLBSearchData_163505900.xlsx
1031082,SUNRISE SOLAR,Corporation,40 MARIGOLD LANE,FORESTVILLE,CA,95436,Sonoma,(707) 584 6807,09/15/2017,09/30/2027,C46,Workers' Compensation Insurance,STATE COMPENSATION INSURANCE FUND,09/15/2026,CSLBSearchData_163528025.xlsx
970886,SUNRIVER SOLAR INC,Corporation,11880 LAKESHORE SOUTH,AUBURN,CA,95602,Placer,(916) 759 9513,03/14/2012,03/31/2028,B | C39 | C46,Workers' Compensation Insurance,STATE COMPENSATION INSURANCE FUND,11/04/2026,CSLBSearchData_163505900.xlsx
1044501,SUNSHINE PACIFIC GROUP AMERICA INC,Corporation,4195 CHINO HILLS PKWY STE 97,CHINO HILLS,CA,91709,San Bernardino,(909) 806 6027,09/18/2018,09/30/2026,B | C15 | C20 | C46 | HAZ,Workers' Compensation Insurance,TECHNOLOGY INSURANCE COMPANY INC,05/15/2027,CSLBSearchData_163505900.xlsx
961108,SUNSTALL INC,Corporation,"384 BEL MARIN KEYS BLVD STE,230",NOVATO,CA,94949,Marin,(415) 707 0305,05/17/2011,05/31/2027,B | C10 | C46,Workers' Compensation Insurance,FLORISTS MUTUAL INSURANCE COMPANY,08/15/2027,CSLBSearchData_163444973.xlsx
338647,SUNTEGRITY SOLAR,Corporation,122 CALISTOGA RD # 574,SANTA ROSA,CA,95409,Sonoma,(707) 623 1464,07/01/1977,07/31/2028,B | C10 | C46,Workers' Compensation Insurance,STATE COMPENSATION INSURANCE FUND,10/01/2026,CSLBSearchData_163528025.xlsx
940158,SUNTERRA CONSTRUCTION GROUP,Corporation,1120 JOSHUA WAY,VISTA,CA,92081,San Diego,(858) 630 8300,11/17/2009,11/30/2027,B | C10 | C46,Workers' Compensation Insurance,STATE COMPENSATION INSURANCE FUND,04/13/2027,CSLBSearchData_163505900.xlsx
859460,SUNTREK INDUSTRIES INC,Corporation,5 HOLLAND BLDG 215,IRVINE,CA,92618,Orange,(949) 348 9276,05/25/2005,05/31/2027,C10 | C46,Workers' Compensation Insurance,MIDWEST EMPLOYERS CASUALTY COMPANY,09/01/2026,CSLBSearchData_163444973.xlsx
369267,SUNTRICITY INC,Corporation,81776 CONTENTO STREET,LA QUINTA,CA,92253,Riverside,(310) 459 7062,02/07/1979,01/31/2028,B | C10 | C46,Workers' Compensation Insurance,EMPLOYERS PREFERRED INSURANCE COMPANY,09/30/2026,CSLBSearchData_163505900.xlsx
1058411,SUNVAULT,Corporation,33360 SANDPIPER PL,FREMONT,CA,94555,Alameda,(240) 515 5671,09/23/2019,09/30/2027,C46,Workers' Compensation Insurance,STATE COMPENSATION INSURANCE FUND,12/01/2026,CSLBSearchData_163342171.xlsx
1116133,SUNWISE SOLAR SOLUTIONS,Limited Liability,140 TOWNE TERRACE #3,LOS GATOS,CA,95032,Santa Clara,(408) 614 8713,02/06/2024,02/29/2028,C10 | C46,Workers' Compensation Insurance,STATE COMPENSATION INSURANCE FUND,01/15/2027,CSLBSearchData_163528025.xlsx
920732,SUNWORK RENEWABLE ENERGY PROJECTS,Corporation,505 WALKER DRIVE 13,MOUNTAIN VIEW,CA,94043,Santa Clara,(650) 520 9918,08/13/2008,08/31/2028,C36 | C46,Workers' Compensation Insurance,STATE COMPENSATION INSURANCE FUND,01/28/2027,CSLBSearchData_163528025.xlsx
1076925,SUPREME SOLAR & ELECTRIC,Limited Liability,4277 W RICHERT AVE #109,FRESNO,CA,93722,Fresno,(559) 940 0905,06/15/2021,06/30/2027,C10 | C46,Workers' Compensation Insurance,MIDWEST EMPLOYERS CASUALTY COMPANY,06/11/2027,CSLBSearchData_163342171.xlsx
1069368,SUTTON ROOFING,Sole Owner,43980 MAHLON VAIL RD 704,TEMECULA,CA,92592,Riverside,(951) 313 9241,09/30/2020,09/30/2028,C39 | C46,Workers' Compensation Insurance,STATE COMPENSATION INSURANCE FUND,06/01/2027,CSLBSearchData_163505900.xlsx
1005845,SWG ENERGY INC,Corporation,7040 AVENIDA ENCINAS #104-648,CARLSBAD,CA,92011,San Diego,(214) 870 4332,07/24/2015,07/31/2027,C46,Workers' Compensation Insurance,STATE COMPENSATION INSURANCE FUND,04/03/2027,CSLBSearchData_163505900.xlsx
717212,SWIFT CERTIFIED MECHANICAL,Sole Owner,4425-C TREAT BLVD #336,CONCORD,CA,94521,Contra Costa,(925) 827 5561,01/09/1996,03/31/2028,C20 | C36 | C38 | C46,Workers' Compensation Insurance,STATE COMPENSATION INSURANCE FUND,08/01/2027,CSLBSearchData_163342171.xlsx
933858,SWSG INC,Corporation,1217 OWOSSO AVE,HERMOSA BEACH,CA,90254,Los Angeles,(517) 490 6184,06/11/2009,02/29/2028,B | C46,Workers' Compensation Insurance,STATE COMPENSATION INSURANCE FUND,09/18/2027,CSLBSearchData_163412289.xlsx
1107653,SYMMETRIC SOLAR ENERGY,Corporation,3020 BRIDGEWAY 325,SAUSALITO,CA,94965,Marin,(415) 257 3060,07/25/2023,07/31/2027,C46,Workers' Compensation Insurance,STATE COMPENSATION INSURANCE FUND,10/18/2026,CSLBSearchData_163444973.xlsx
1109123,SYNERGY 768 ELECTRIC LLC,Limited Liability,9000 BRENTWOOD BLVD SUITE A,BRENTWOOD,CA,94513,Contra Costa,(925) 308 9177,08/22/2023,08/31/2027,B | C10 | C46,Workers' Compensation Insurance,SECURITY NATIONAL INSURANCE COMPANY,06/23/2027,CSLBSearchData_163342171.xlsx
994847,SYNERGY 768 INC,Corporation,9000 BRENTWOOD BLVD STE A,BRENTWOOD,CA,94513,Contra Costa,(925) 308 9177,07/19/2014,07/31/2028,B | C10 | C46,Workers' Compensation Insurance,CAROLINA CASUALTY INSURANCE COMPANY,08/18/2026,CSLBSearchData_163342171.xlsx
835016,SYNERGY COMPANIES,Corporation,5141 MAPLEWOOD CIR,OCEANSIDE,CA,92056,San Diego,(951) 259 8800,03/29/2004,03/31/2028,ASB | B | C-2 | C10 | C17 | C20 | C36 | C46,Workers' Compensation Insurance,ZURICH AMERICAN INSURANCE COMPANY,04/01/2027,CSLBSearchData_163505900.xlsx
945168,SYNERGY EE INC,Corporation,P O BOX 130955,CARLSBAD,CA,92013,San Diego,(510) 754 3687,04/05/2010,04/30/2028,ASB | B | C-2 | C10 | C17 | C20 | C22 | C36 | C46,Workers' Compensation Insurance,STATE COMPENSATION INSURANCE FUND,01/08/2027,CSLBSearchData_163505900.xlsx
913951,SYNERGY SOLAR & ELECTRICAL SYSTEMS INC,Corporation,708 HWY 116 N #134,SEBASTOPOL,CA,95472,Sonoma,(707) 823 8003,04/14/2008,04/30/2028,C10 | C46,Workers' Compensation Insurance,STATE COMPENSATION INSURANCE FUND,07/01/2027,CSLBSearchData_163528025.xlsx
793124,T & K CONSTRUCTION,Corporation,17660 NEW HOPE STREET B,FOUNTAIN VALLEY,CA,92708,Orange,(714) 697 9627,03/29/2001,03/31/2027,B | C10 | C15 | C39 | C46,Workers' Compensation Insurance,STATE COMPENSATION INSURANCE FUND,10/01/2026,CSLBSearchData_163444973.xlsx
664428,T MARSHALL ELECTRIC,Corporation,6533 SIERRA LANE,DUBLIN,CA,94568,Alameda,(925) 734 9999,02/09/1993,02/28/2027,C10 | C46,Workers' Compensation Insurance,EVEREST PREMIER INSURANCE COMPANY,10/01/2026,CSLBSearchData_163342171.xlsx
1081160,T-REX SOLAR INC,Corporation,10360 CAREY DR,GRASS VALLEY,CA,95945,Nevada,(530) 838 5358,09/14/2021,09/30/2027,C46,Workers' Compensation Insurance,PIE INSURANCE COMPANY (THE),12/01/2026,CSLBSearchData_163444973.xlsx
1105231,TAHOE SOLAR INC,Corporation,1251 MT SHASTA CIRCLE,SOUTH LAKE TAHOE,CA,96150,El Dorado,(530) 318 0729,05/24/2023,05/31/2027,C10 | C46,Workers' Compensation Insurance,EVEREST NATIONAL INSURANCE COMPANY,07/15/2027,CSLBSearchData_163342171.xlsx
975545,TAYLOR ENERGY SYSTEMS INC,Corporation,7171 EVAN AVENUE,SEBASTOPOL,CA,95472,Sonoma,(707) 494 6053,08/03/2012,08/31/2028,C10 | C46,Workers' Compensation Insurance,STATE COMPENSATION INSURANCE FUND,08/27/2027,CSLBSearchData_163528025.xlsx
836664,TECHNION CONTRACTORS T C I INC,Corporation,7618 JELLICO AVENUE,NORTHRIDGE,CA,91325,Los Angeles,(818) 345 0540,04/22/2004,04/30/2028,A | B | C-7 | C10 | C46 | D34,Workers' Compensation Insurance,INSURANCE COMPANY OF THE WEST,04/01/2027,CSLBSearchData_163412289.xlsx
1051985,TEICHERT SOLAR,Corporation,PO BOX 255767,SACRAMENTO,CA,95865,Sacramento,(916) 484 3011,04/04/2019,04/30/2027,A | B | C10 | C31 | C46 | HAZ,Workers' Compensation Insurance,TRAVELERS PROPERTY CASUALTY COMPANY OF AMERICA,03/31/2027,CSLBSearchData_163505900.xlsx
1092568,TENCO SOLAR INC,Corporation,8141 E KAISER AVE SUITE 106,ANAHEIM,CA,92808,Orange,(888) 507 6937,06/09/2022,06/30/2028,C10 | C46,Workers' Compensation Insurance,STATE COMPENSATION INSURANCE FUND,05/05/2027,CSLBSearchData_163444973.xlsx
909722,TERRAMAR POOL CONSTRUCTION,Sole Owner,993 SOUTH SANTA FE AVE #263,VISTA,CA,92083,San Diego,(760) 685 5989,01/29/2008,01/31/2028,C36 | C46 | C53,Workers' Compensation Insurance,SECURITY NATIONAL INSURANCE COMPANY,05/09/2027,CSLBSearchData_163505900.xlsx
1151024,TERRASUN ENERGY SERVICES LLC,Limited Liability,3563 LANDCO DR STE A,BAKERSFIELD,CA,93308,Kern,(512) 401 5084,02/25/2026,02/29/2028,C46,Workers' Compensation Insurance,STATE COMPENSATION INSURANCE FUND,08/09/2027,CSLBSearchData_163412289.xlsx
888104,TESLA ENERGY OPERATIONS INC,Corporation,901 PAGE AVE,FREMONT,CA,94538,Alameda,(844) 837 5201,12/07/2006,12/31/2026,B | C10 | C39 | C46,Workers' Compensation Insurance,ZURICH AMERICAN INSURANCE COMPANY,10/31/2026,CSLBSearchData_163342171.xlsx
790691,"THE CREST CONSTRUCTION COMPANY, INC",Corporation,P O BOX 231172,ENCINITAS,CA,92023,San Diego,(760) 889 0382,01/30/2001,04/30/2028,B | C46 | C53,Workers' Compensation Insurance,BENCHMARK INSURANCE COMPANY,02/26/2027,CSLBSearchData_163505900.xlsx
1131926,THE SOLAR TECH CORP,Corporation,1404 W COMMONWEALTH AVE,FULLERTON,CA,92833,Orange,(562) 607 3256,01/21/2025,01/31/2027,C10 | C46,Workers' Compensation Insurance,CONTINENTAL CASUALTY COMPANY,05/22/2027,CSLBSearchData_163444973.xlsx
469936,THE STANLEY LOUIS COMPANY,Corporation,2230 AMAPOLA CT SUITE 6,TORRANCE,CA,90501,Los Angeles,(310) 412 0332,02/25/1985,01/31/2027,C-4 | C36 | C46,Workers' Compensation Insurance,WESCO INSURANCE COMPANY,01/01/2027,CSLBSearchData_163412289.xlsx
513115,"THE WHITE GLOVE GUYS, PLUMBING DRAINS HEATING AIR CONDITIONING",Corporation,4870 VIEWRIDGE AVE,SAN DIEGO,CA,92123,San Diego,(707) 243 2250,06/24/1987,06/30/2027,B | C10 | C20 | C36 | C46,Workers' Compensation Insurance,SAFETY NATIONAL CASUALTY CORPORATION,08/01/2027,CSLBSearchData_163505900.xlsx
776172,THOMAS J IVY,Sole Owner,347 SOUTH CHURCH ST,GRASS VALLEY,CA,95945,Nevada,(530) 263 7838,03/15/2000,05/31/2028,B | C36 | C46,Workers' Compensation Insurance,AMERICAN CASUALTY COMPANY OF READING PA,04/05/2027,CSLBSearchData_163444973.xlsx
922761,THORNTON'S GAS SERVICE,Corporation,2041 WATTS AVE,NICOLAUS,CA,95659,Sutter,(530) 656 2485,09/24/2008,09/30/2028,C20 | C36 | C46,Workers' Compensation Insurance,STATE COMPENSATION INSURANCE FUND,10/01/2026,CSLBSearchData_163547774.xlsx
688058,THORSEN'S-NORQUIST INC,Corporation,PO BOX 2310,TURLOCK,CA,95380,Stanislaus,(209) 632 3194,04/26/1994,04/30/2028,B | C-2 | C-4 | C16 | C20 | C36 | C42 | C43 | C46,Workers' Compensation Insurance,AMERICAN CASUALTY COMPANY OF READING PA,06/01/2027,CSLBSearchData_163528025.xlsx
1085628,THRIVING SOLAR SOLUTIONS INC,Corporation,"2010 CROW CANYON PLAZA,SUITE 100",SAN RAMON,CA,94584,Contra Costa,(925) 487 5539,01/05/2022,01/31/2028,C46,Workers' Compensation Insurance,STATE COMPENSATION INSURANCE FUND,12/05/2026,CSLBSearchData_163342171.xlsx
781374,TIMELESS DEVELOPMENT,Corporation,7676 MIRAMAR ROAD,SAN DIEGO,CA,92126,San Diego,(858) 536 1048,07/10/2000,07/31/2028,A | B | C-6 | C10 | C29 | C33 | C36 | C46 | C54 | HAZ,Workers' Compensation Insurance,OAK RIVER INSURANCE COMPANY,10/19/2026,CSLBSearchData_163505900.xlsx
1152671,TOUGH SOLAR,Sole Owner,68418 DESCANSO CIRCLE,CATHEDRAL CITY,CA,90262,Riverside,(562) 391 5909,03/26/2026,03/31/2028,C46,Workers' Compensation Insurance,EMPLOYERS COMPENSATION INSURANCE COMPANY,05/13/2027,CSLBSearchData_163505900.xlsx
1109302,TOWNSEND SOLAR AND POOLS INC,Corporation,836 NANCY DR,RIPON,CA,95366,San Joaquin,(209) 652 0921,08/25/2023,08/31/2027,C46 | C53,Workers' Compensation Insurance,STATE COMPENSATION INSURANCE FUND,04/09/2027,CSLBSearchData_163505900.xlsx
1066318,TRANE U S INC,Corporation,3253 E IMPERIAL HWY,BREA,CA,92821,Orange,(888) 973 9005,06/16/2020,06/30/2028,A | B | C-4 | C10 | C20 | C36 | C38 | C46,Workers' Compensation Insurance,TRAVELERS PROPERTY CASUALTY COMPANY OF AMERICA,04/17/2027,CSLBSearchData_163444973.xlsx
996593,TREEPUBLIC SOLAR,Corporation,3521 JACK NORTHROP AVE,HAWTHORNE,CA,90250,Los Angeles,(800) 701 8073,09/10/2014,04/30/2028,C10 | C46,Workers' Compensation Insurance,STATE COMPENSATION INSURANCE FUND,06/14/2027,CSLBSearchData_163412289.xlsx
947751,TRIANGLE MANUFACTURING INC,Corporation,3726 PARK PLACE,MONTROSE,CA,910201623,Los Angeles,(818) 301 7777,05/26/2010,05/31/2028,A | C10 | C46 | HAZ,Workers' Compensation Insurance,STATE COMPENSATION INSURANCE FUND,03/20/2027,CSLBSearchData_163412289.xlsx
853740,TRINITY POWER,Corporation,3604 W GETTYSBURG AVE,FRESNO,CA,93722,Fresno,(559) 761 1000,01/27/2005,03/31/2027,B | C10 | C46,Workers' Compensation Insurance,STATE COMPENSATION INSURANCE FUND,07/01/2027,CSLBSearchData_163342171.xlsx
1068141,TRUE SOLAR & ELECTRIC INC,Corporation,12521 W JENSEN AVE,KERMAN,CA,93630,Fresno,(559) 755 7769,08/21/2020,08/31/2026,B | C10 | C46,Workers' Compensation Insurance,STATE COMPENSATION INSURANCE FUND,01/18/2027,CSLBSearchData_163342171.xlsx
970591,TRUEPOWER SOLAR,Corporation,2510 SUPPLY ST,POMONA,CA,91767,Los Angeles,(714) 676 8888,03/05/2012,03/31/2028,B | C46,Workers' Compensation Insurance,STATE COMPENSATION INSURANCE FUND,12/02/2026,CSLBSearchData_163412289.xlsx
1078990,TRULYSUN ENERGY CORPORATION,Corporation,278 MIRAMAR AVE,SAN FRANCISCO,CA,94112,San Francisco,(415) 684 0900,07/29/2021,07/31/2027,C10 | C46,Workers' Compensation Insurance,TECHNOLOGY INSURANCE COMPANY INC,10/16/2026,CSLBSearchData_163505900.xlsx
978493,UNIQUE SOLAR,Sole Owner,822 ARCHER ST,SAN DIEGO,CA,92109,San Diego,(858) 353 7478,11/03/2012,11/30/2026,C46,Workers' Compensation Insurance,STATE COMPENSATION INSURANCE FUND,08/15/2027,CSLBSearchData_163505900.xlsx
893826,URBAN DESIGN,Corporation,4742 SKYWAY ROAD,PARADISE,CA,95969,Butte,(530) 809 1079,04/04/2007,04/30/2027,B | C10 | C20 | C36 | C46,Workers' Compensation Insurance,STATE COMPENSATION INSURANCE FUND,09/02/2027,CSLBSearchData_163342171.xlsx
944115,URBAN ENERGY SOLAR INC,Corporation,10192 CONSTITUTION DR,HUNTINGTON BEACH,CA,92646,Orange,(562) 447 4971,03/04/2010,12/31/2027,C10 | C46,Workers' Compensation Insurance,STATE COMPENSATION INSURANCE FUND,06/01/2027,CSLBSearchData_163444973.xlsx
1143984,V & A SOLAR TECHNOLOGY INC,Corporation,13660 REDSTONE ST,LATHROP,CA,95330,San Joaquin,(510) 457 5979,09/23/2025,09/30/2027,C46,Workers' Compensation Insurance,STATE COMPENSATION INSURANCE FUND,09/27/2026,CSLBSearchData_163505900.xlsx
858197,VALLEY SOLAR INC,Corporation,9265 BEATTY DR,SACRAMENTO,CA,95826,Sacramento,(916) 254 5111,04/30/2005,09/30/2026,C10 | C46,Workers' Compensation Insurance,STATE COMPENSATION INSURANCE FUND,10/01/2026,CSLBSearchData_163505900.xlsx
1081676,VALLEY SOLAR SERVICE CORPORATION,Corporation,2045 NORTH FINE AVE,FRESNO,CA,93727,Fresno,(559) 252 3135,09/24/2021,09/30/2027,C46,Workers' Compensation Insurance,STATE COMPENSATION INSURANCE FUND,05/02/2027,CSLBSearchData_163342171.xlsx
874184,VALLEY WATER,Sole Owner,2045 N FINE AVE,FRESNO,CA,93727,Fresno,(559) 252 3135,03/09/2006,06/30/2027,C46 | C55,Workers' Compensation Insurance,STATE COMPENSATION INSURANCE FUND,05/02/2027,CSLBSearchData_163342171.xlsx
1000480,VAN LUND ROOFING AND SOLAR,Corporation,9360 7TH ST SUITE A,RANCHO CUCAMONGA,CA,91730,San Bernardino,(909) 605 3332,01/23/2015,01/31/2028,B | C39 | C46,Workers' Compensation Insurance,STATE COMPENSATION INSURANCE FUND,07/27/2027,CSLBSearchData_163505900.xlsx
608260,VASCO SOLAR,Corporation,17150 NEWHOPE ST 403,FOUNTAIN VALLEY,CA,92708,Orange,(714) 968 8845,12/19/1990,11/30/2027,C46,Workers' Compensation Insurance,MIDWEST EMPLOYERS CASUALTY COMPANY,07/01/2027,CSLBSearchData_163444973.xlsx
977386,VEGAS PACIFIC EXPRESS,Partnership,14531 AUTUMN PLACE,FONTANA,CA,92337,San Bernardino,(626) 297 3389,09/29/2012,05/31/2027,B | C20 | C46,Workers' Compensation Insurance,HARTFORD CASUALTY INSURANCE COMPANY,05/01/2027,CSLBSearchData_163505900.xlsx
1005557,VELOCITY SOLAR POWER INC,Corporation,5011 PEACH BLOSSOM LANE,OAKDALE,CA,95361,Stanislaus,(209) 613 0158,07/14/2015,07/31/2027,B | C46,Workers' Compensation Insurance,FARMERS INSURANCE EXCHANGE,10/29/2026,CSLBSearchData_163528025.xlsx
973895,VICTORY HEATING & AIR INC,Corporation,12277 APPLE VALLEY RD #131,APPLE VALLEY,CA,92308,San Bernardino,(760) 987 8436,06/11/2012,08/31/2027,C20 | C46,Workers' Compensation Insurance,STATE COMPENSATION INSURANCE FUND,11/18/2026,CSLBSearchData_163505900.xlsx
1144493,VIKING COOLING AND HEATING,Corporation,350 PAUMA PLACE,ESCONDIDO,CA,92029,San Diego,(619) 984 5464,10/02/2025,10/31/2027,C20 | C46,Workers' Compensation Insurance,PACIFIC COMPENSATION INSURANCE COMPANY,05/13/2027,CSLBSearchData_163505900.xlsx
481352,VINTAGE E & S INC,Corporation,49950 JEFFERSON STREET 130-388,INDIO,CA,92201,Riverside,(760) 775 0135,10/21/1985,08/31/2028,C10 | C46,Workers' Compensation Insurance,EMPLOYERS PREFERRED INSURANCE COMPANY,02/24/2027,CSLBSearchData_163505900.xlsx
1110302,VIVA ENERGY,Corporation,1163 MAIN STREET SUITE C,MORRO BAY,CA,93442,San Luis Obispo,(559) 917 5747,09/19/2023,09/30/2027,B | C46,Workers' Compensation Insurance,PIE CASUALTY INSURANCE COMPNAY,01/19/2027,CSLBSearchData_163505900.xlsx
1135786,VOLT HOME,Corporation,"901 W CIVIC CENTER DR,2ND FLOOR SUITE 200",SANTA ANA,CA,92703,Orange,(786) 876 8143,04/11/2025,04/30/2027,C46,Workers' Compensation Insurance,STATE COMPENSATION INSURANCE FUND,07/23/2027,CSLBSearchData_163444973.xlsx
1042043,VOLT MODERN ROOFING AND SOLAR,Corporation,P O BOX 2623,ROCKLIN,CA,95677,Placer,(916) 877 8658,07/19/2018,07/31/2028,C39 | C46,Workers' Compensation Insurance,STATE COMPENSATION INSURANCE FUND,07/18/2027,CSLBSearchData_163505900.xlsx
1073370,VOLTA HVAC,Corporation,420 CANYON WOODS PL F,SAN RAMON,CA,94582,Contra Costa,(925) 230 4045,02/16/2021,02/28/2027,C10 | C20 | C46,Workers' Compensation Insurance,PIE INSURANCE COMPANY (THE),02/19/2027,CSLBSearchData_163342171.xlsx
726486,VOLZ ELECTRIC,Sole Owner,1574 W BUFFINGTON STREET,UPLAND,CA,91784,San Bernardino,(909) 985 5107,08/20/1996,09/30/2027,C10 | C46,Workers' Compensation Insurance,TECHNOLOGY INSURANCE COMPANY INC,10/16/2026,CSLBSearchData_163505900.xlsx
1110946,WEST COAST CUSTOM SOLAR,Sole Owner,227 EAST TEHAMA STREET,ORLAND,CA,95963,Glenn,(530) 685 8196,10/04/2023,10/31/2027,C10 | C46,Workers' Compensation Insurance,STATE COMPENSATION INSURANCE FUND,01/01/2027,CSLBSearchData_163412289.xlsx
908549,WEST COAST SOLAR INC,Corporation,2041 EAST ST PMB 1162,CONCORD,CA,94520,Contra Costa,(925) 516 3900,12/28/2007,12/31/2027,C10 | C39 | C46,Workers' Compensation Insurance,INDEMNITY INSURANCE COMPANY OF NORTH AMERICA,10/01/2026,CSLBSearchData_163342171.xlsx
945067,WEST COAST TECH ELECTRIC,Corporation,P O BOX 487,ARROYO GRANDE,CA,93421,San Luis Obispo,(805) 473 9378,03/30/2010,03/31/2028,B | C10 | C46,Workers' Compensation Insurance,STATE COMPENSATION INSURANCE FUND,01/24/2027,CSLBSearchData_163505900.xlsx
918393,WEST PACIFIC ELECTRIC COMPANY CORPORATION,Corporation,PO BOX 760,PISMO BEACH,CA,93448,San Luis Obispo,(805) 709 1385,06/30/2008,10/31/2027,A | B | C10 | C46,Workers' Compensation Insurance,STATE COMPENSATION INSURANCE FUND,03/20/2027,CSLBSearchData_163505900.xlsx
963158,WESTCOAST SOLAR ENERGY,Corporation,2975 DUTTON AVENUE SUITE A,SANTA ROSA,CA,95407,Sonoma,(707) 664 6450,07/12/2011,07/31/2027,C10 | C46,Workers' Compensation Insurance,NATIONAL CASUALTY COMPANY,12/01/2026,CSLBSearchData_163528025.xlsx
1047833,WESTCOAST SOLAR PROFESSIONAL,Corporation,9218 VICTORIA AVE,RIVERSIDE,CA,92503,Riverside,(951) 729 6345,12/12/2018,05/31/2028,B | C10 | C46,Workers' Compensation Insurance,STATE COMPENSATION INSURANCE FUND,09/28/2026,CSLBSearchData_163505900.xlsx
739791,WESTECH SYSTEMS INC,Corporation,827 JEFFERSON AVE,CLOVIS,CA,93612,Fresno,(559) 455 1720,08/26/1997,08/31/2027,C10 | C46,Workers' Compensation Insurance,TRAVELERS PROPERTY CASUALTY COMPANY OF AMERICA,05/05/2027,CSLBSearchData_163342171.xlsx
962892,WESTERN SUN SYSTEMS INC,Corporation,316 MID VALLEY CTR 274,CARMEL,CA,93923,Monterey,(831) 624 3337,07/06/2011,07/31/2027,B | C10 | C46,Workers' Compensation Insurance,STATE COMPENSATION INSURANCE FUND,12/01/2026,CSLBSearchData_163444973.xlsx
965111,WESTHAVEN POWER,Corporation,800 NORHTGATE DR,YUBA CITY,CA,95991,Sutter,(530) 331 8483,08/31/2011,08/31/2027,B | C10 | C20 | C39 | C46,Workers' Compensation Insurance,MIDWEST EMPLOYERS CASUALTY COMPANY,01/01/2027,CSLBSearchData_163547774.xlsx
1127078,WICKS,Limited Liability,2170 HUTTON ROAD BLDG A,NIPOMO,CA,93444,San Luis Obispo,(805) 965 5122,09/27/2024,09/30/2026,C10 | C39 | C46 | D12,Workers' Compensation Insurance,PRAETORIAN INSURANCE COMPANY,09/25/2026,CSLBSearchData_163505900.xlsx
1101461,WIN-DOR LLC,Limited Liability,450 DELTA AVENUE,BREA,CA,92821,Orange,(714) 385 1202,02/14/2023,02/28/2027,B | C17 | C46,Workers' Compensation Insurance,SENTRY INSURANCE COMPANY,09/01/2026,CSLBSearchData_163444973.xlsx
688062,WINKLE R D COMPANY,Sole Owner,P O BOX 476,THOUSAND PALMS,CA,92276,Riverside,(760) 322 5144,04/26/1994,04/30/2028,C39 | C46,Workers' Compensation Insurance,STATE COMPENSATION INSURANCE FUND,01/01/2027,CSLBSearchData_163505900.xlsx
973766,WRIGHT BUILDING,Corporation,75130 MEDITERRANEAN ST C,PALM DESERT,CA,92211,Riverside,(760) 898 6788,06/06/2012,06/30/2028,B | C46,Workers' Compensation Insurance,STATE COMPENSATION INSURANCE FUND,12/01/2026,CSLBSearchData_163505900.xlsx
992157,XERO SOLAR,Corporation,358 CORAL CIRCLE,EL SEGUNDO,CA,90245,Los Angeles,(310) 376 8740,04/16/2014,04/30/2028,C10 | C46,Workers' Compensation Insurance,SENTINEL INSURANCE COMPANY LTD,07/01/2027,CSLBSearchData_163412289.xlsx
789630,YAMA CONSTRUCTION,Sole Owner,1079 HOLLISTER AVE,SAN FRANCISCO,CA,94124,San Francisco,(415) 573 8618,01/10/2001,01/31/2027,B | C-5 | C-6 | C10 | C20 | C33 | C36 | C39 | C46,Workers' Compensation Insurance,STATE COMPENSATION INSURANCE FUND,11/03/2026,CSLBSearchData_163505900.xlsx
1137277,ZENITH SOLAR INC,Corporation,10463 CHERRY BLOSSOM LANE,SAN DIEGO,CA,92127,San Diego,(619) 750 6173,05/09/2025,05/31/2027,C46,Workers' Compensation Insurance,PIE INSURANCE COMPANY (THE),04/16/2027,CSLBSearchData_163505900.xlsx
820063,ZERO ENERGY ASSOCIATES,Corporation,"851 HWY 116 S,SUITE 1",SEBASTOPOL,CA,95472,Sonoma,(707) 544 3900,05/27/2003,05/31/2027,B | C10 | C20 | C46,Workers' Compensation Insurance,CAROLINA CASUALTY INSURANCE COMPANY,02/03/2027,CSLBSearchData_163528025.xlsx
1063175,ZINC ROOFING INC,Corporation,5759 W SHAW AVE,FRESNO,CA,93722,Fresno,(559) 352 3140,02/10/2020,02/29/2028,B | C-7 | C20 | C39 | C46,Workers' Compensation Insurance,CYPRESS INSURANCE COMPANY,02/06/2027,CSLBSearchData_163342171.xlsx
