licenseNumber,businessName,businessType,address,city,state,zip,county,phone,issueDate,expirationDate,classifications,workersCompCoverageType,workersCompInsuranceCompany,workersCompPolicyExpiration,sourceFiles,serperQuery,candidateDomain,candidateUrl,candidateTitle,candidateSnippet,discoveryStatus,discoveryError
995321,180 ROOFING PROS,Corporation,334 WEST 3RD AVE,ESCONDIDO,CA,92025,San Diego,(760) 264 4003,08/01/2014,08/31/2026,B | C10 | C39 | C46,Workers' Compensation Insurance,STATE COMPENSATION INSURANCE FUND,07/29/2027,CSLBSearchData_163505900.xlsx,"""180 ROOFING PROS"" ""ESCONDIDO"" California solar contractor official website",180solarpower.com,https://180solarpower.com/,180 Solar Power: San Diego's Top Solar Company,"Roofing – 180 Roofing Pros · Solar/Battery Installation · Solar/Battery ... 334 West 3rd Ave Escondido, CA 92025. (760) 264-4012 · info@180solarpower.com ...",candidate_found,
1131393,1ST LIGHT SALES CORP,Corporation,1869 MOFFAT BLVD,MANTECA,CA,95336,San Joaquin,(209) 456 5415,01/07/2025,01/31/2027,B | C10 | C46,Workers' Compensation Insurance,NATIONAL FIRE INSURANCE COMPANY OF HARTFORD,06/01/2027,CSLBSearchData_163505900.xlsx,"""1ST LIGHT SALES CORP"" ""MANTECA"" California solar contractor official website",dnb.com,https://www.dnb.com/business-directory/company-profiles.1st_light_sales_corp.ad48d1331e078311f04af046d99b7695.html,"1st Light Sales Corp. Company Profile | Competitors, Financials & Contacts","Manteca/1st Light Sales Corp. 1st Light Sales Corp. Website · Get a D&B ... 1869 Moffat Blvd Manteca, CA, 95336-8944 United States. Phone: Website: www ...",candidate_found,
471898,A C & R SERVICE HEATING & COOLING INC,Corporation,P O BOX 804,UKIAH,CA,95482,Mendocino,(707) 462 2021,04/05/1985,08/31/2027,C20 | C46,Workers' Compensation Insurance,MIDWEST EMPLOYERS CASUALTY COMPANY,01/01/2027,CSLBSearchData_163444973.xlsx,"""A C & R SERVICE HEATING & COOLING INC"" ""UKIAH"" California solar contractor official website",ca.biznet-us.com,https://ca.biznet-us.com/firms/air_heaters_conditioners/p27/,Air Heaters & Conditioners,"... solar systems, solar electric systems, solar thermal. 539 S Main St Ukiah, CA 95482-4933; (707) 462-2021. Evans Mechanical. Information may not be reliable.",candidate_found,
950369,A F C PLUMBING AND SOLAR,Corporation,5407 WILLOW VIEW DR,CAMARILLO,CA,93012,Ventura,(805) 551 8618,07/23/2010,07/31/2028,C36 | C46,Workers' Compensation Insurance,STATE COMPENSATION INSURANCE FUND,01/01/2027,CSLBSearchData_163547774.xlsx,"""A F C PLUMBING AND SOLAR"" ""CAMARILLO"" California solar contractor official website",afcplumbingandsolar.com,https://afcplumbingandsolar.com/,AFC Plumbing & Solar - Call 805-876-3190 Today - Serving ...,"Camarillo, CA. Phone: 805-876-3190. Email: afcplumbing@gmail.com. Web: https://afcplumbingandsolar.com. Hotlinks. Contact Us · Solar ...",candidate_found,
974115,A P ELECTRICAL,Corporation,8484 SAN FERNANDO RD,SUN VALLEY,CA,91352,Los Angeles,(818) 317 8780,06/20/2012,06/30/2028,C10 | C39 | C46,Workers' Compensation Insurance,STATE COMPENSATION INSURANCE FUND,10/19/2026,CSLBSearchData_163412289.xlsx,"""A P ELECTRICAL"" ""SUN VALLEY"" California solar contractor official website",arcadiaca.gov,https://www.arcadiaca.gov/Document%20Center/Government/Development%20Services/Building%20Services/Permit%20Activity%20Report/2025/January%202025.pdf?t=202512121234060,CITY OF ARCADIA,"Arcadia, CA 91006-4133. LA SOLAR GROUP INC dba A P ELECTRICAL*. Sun Valley installation of 1 x Tesla Powerwall 3,. 1 x backup gateway to add to existing. Solar.",candidate_found,
1104438,A P P SOLAR,Limited Liability,2374 PIO PICO DRIVE,CARLSBAD,CA,92008,San Diego,(760) 907 5009,05/06/2023,05/31/2027,C10 | C46,Workers' Compensation Insurance,CAROLINA CASUALTY INSURANCE COMPANY,01/23/2027,CSLBSearchData_163505900.xlsx,"""A P P SOLAR"" ""CARLSBAD"" California solar contractor official website",repvise.app,https://repvise.app/solar-sales-software/ca/san-diego,"AI Solar Sales Software in San Diego, CA | RepVise™","RepVise™ works the same way across Greater San Diego. Explore the neighboring markets: Carlsbad, CA · Encinitas, CA ...",candidate_found,
891743,A1 SUN INC,Corporation,675 CEDAR ST,BERKELEY,CA,94710,Alameda,(510) 526 5715,02/28/2007,02/28/2027,B | C46,Workers' Compensation Insurance,STATE COMPENSATION INSURANCE FUND,11/20/2026,CSLBSearchData_163342171.xlsx,"""A1 SUN INC"" ""BERKELEY"" California solar contractor official website",a1suninc.com,https://a1suninc.com/,"A1 Sun, Inc. | Solar and Battery Systems Design and Installation","A1 Sun Inc. Copyright © A1 Sun Inc. All rights reserved. Privacy policy. CA LIC #891743. 675 Cedar Street Berkeley, CA 94710. Mon-Fri 8am-4pm. CA Green Business ...",candidate_found,
887507,AAA STEINERS SOLAR SERVICE,Sole Owner,9900 FIRSTONE DRIVE,SACRAMENTO,CA,95829,Sacramento,(916) 681 5872,11/21/2006,11/30/2026,C10 | C46,Workers' Compensation Insurance,STATE COMPENSATION INSURANCE FUND,12/31/2026,CSLBSearchData_163505900.xlsx,"""AAA STEINERS SOLAR SERVICE"" ""SACRAMENTO"" California solar contractor official website",steinersolar.com,https://steinersolar.com/,Solar Energy Company 916-681-5872 | Steiner's Solar ...,"Solar Power System for Homes in Sacramento California. Refer a Friend for Big Savings. © AAA Steiners Solar Service CA License #887507 | Sacramento, California.",candidate_found,
708922,AABCO WATER HEATERS & SOLAR SERVICES,Corporation,P O BOX 1212,LOS ALAMITOS,CA,90720,Orange,(714) 891 2127,06/27/1995,09/30/2027,C36 | C46,Workers' Compensation Insurance,STATE COMPENSATION INSURANCE FUND,01/27/2027,CSLBSearchData_163444973.xlsx,"""AABCO WATER HEATERS & SOLAR SERVICES"" ""LOS ALAMITOS"" California solar contractor official website",homeyou.com,https://www.homeyou.com/solar-services-los-alamitos-ca,Aabco Water Heaters & Solar Services - Cypress Solar Energy ...,"Looking for Aabco Water Heaters & Solar Services in Cypress? Read reviews, find costs and get estimates from Aabco Water Heaters & Solar Services.",candidate_found,
914346,ABC SOLAR INCORPORATED,Corporation,24454 HAWTHORNE BLVD,TORRANCE,CA,90505,Los Angeles,(310) 373 3169,04/19/2008,04/30/2028,B | C46,Workers' Compensation Insurance,STATE COMPENSATION INSURANCE FUND,04/25/2027,CSLBSearchData_163412289.xlsx,"""ABC SOLAR INCORPORATED"" ""TORRANCE"" California solar contractor official website",nextdoor.com,https://nextdoor.com/pages/abc-solar-torrance-ca/,"ABC Solar Incorporated - Torrance, CA","44 Faves for ABC Solar Incorporated from neighbors in Torrance, CA. ABC Solar is a California-based company specializing in designing and installing solar ...",candidate_found,
933062,ABOVE ALL CONSTRUCTION INC,Corporation,1643 ELLOITT DRIVE,RIVERSIDE,CA,92507,Riverside,(951) 742 7156,05/27/2009,12/31/2027,B | C10 | C39 | C46,Workers' Compensation Insurance,BERKSHIRE HATHAWAY HOMESTATE INSURANCE COMPANY,02/01/2027,CSLBSearchData_163505900.xlsx,"""ABOVE ALL CONSTRUCTION INC"" ""RIVERSIDE"" California solar contractor official website",downtobid.com,https://downtobid.com/contractors/rough-carpentry/riverside,"15 Best Rough Carpentry contractors in Riverside, CA","Riverside, CA 92507. Above All Construction, Inc. is a California-based construction company known for its photovoltaic solar panel installation, roofing ...",candidate_found,
1021325,ABOVE ALL ROOFING & SEAMLESS GUTTERS INC,Corporation,495 WILLAMETTE DR,VACAVILLE,CA,95688,Solano,(707) 446 8819,11/30/2016,11/30/2026,C39 | C46,Workers' Compensation Insurance,STATE COMPENSATION INSURANCE FUND,10/01/2026,CSLBSearchData_163528025.xlsx,"""ABOVE ALL ROOFING & SEAMLESS GUTTERS INC"" ""VACAVILLE"" California solar contractor official website",aboveallroofingnorcal.com,https://www.aboveallroofingnorcal.com/blog/,"Blog - Above All Roofing & Seamless Gutters, Inc.","April Roof Inspection in Vacaville, CA | Above All Roofing Spring Special Spring has arrived in Vacaville, CA, and while we've had some warm, sunny days, ...",candidate_found,
846462,ACE PLUMBING,Sole Owner,3865 E ASHLAN AVE,FRESNO,CA,93726,Fresno,(559) 392 2304,09/11/2004,09/30/2026,B | C20 | C36 | C46,Workers' Compensation Insurance,AMERICAN CASUALTY COMPANY OF READING PA,05/12/2027,CSLBSearchData_163342171.xlsx,"""ACE PLUMBING"" ""FRESNO"" California solar contractor official website",plumbingweb.com,https://plumbingweb.com/find-plumbing-contractors-by-services/,Find Plumbing Contractors by Services - PlumbingWeb.com,"Plumb Unique Inc. Plumber Tom · Plumbers 911 of Fresno · Plumbers of ... ACE Plumbing and Rooter · ACP Service Plumbing, LLC · Admiral Plumbing Services ...",candidate_found,
972276,ADDY SOLAR,Corporation,8865 AIRPORT RD STE J,REDDING,CA,96002,Shasta,(530) 276 0231,04/20/2012,04/30/2027,C10 | C46,Workers' Compensation Insurance,STATE COMPENSATION INSURANCE FUND,01/16/2027,CSLBSearchData_163528025.xlsx,"""ADDY SOLAR"" ""REDDING"" California solar contractor official website",addysolar.com,https://addysolar.com/,"Addy Solar: Solar Panel Installation in Redding, CA","Addy Solar & Electric is your trusted solar energy company in Redding, CA serving homeowners and businesses across Northern California. We install solar ...",candidate_found,
929060,ADRIATIC BUILDERS LLC,Limited Liability,142 POPPY DRIVE,HERCULES,CA,94547,Contra Costa,(510) 332 1377,02/23/2009,12/31/2027,B | C10 | C46,Workers' Compensation Insurance,STATE COMPENSATION INSURANCE FUND,01/05/2027,CSLBSearchData_163342171.xlsx,"""ADRIATIC BUILDERS LLC"" ""HERCULES"" California solar contractor official website",alamedaca.gov,https://www.alamedaca.gov/files/assets/public/finance/business-license/active-businesses-3-1-22.xls,[XLS] ActiveBusinesses3-1-22 - AlamedaCA.gov,"ADRIATIC BUILDERS LLC. 142 POPPY CT, HERCULES, CA 94547-1229, General Contractors. 130, 833033, ADRR TILES COMPANY, INC. 39962 CEDAR BLVD STE 267, NEWARK, CA ...",candidate_found,
620243,ADVANCE SOLAR HYDRO WIND POWER INC,Corporation,6331 N STATE STREET,REDWOOD VALLEY,CA,95470,Mendocino,(707) 485 0588,05/13/1991,10/31/2026,C10 | C46,Workers' Compensation Insurance,STATE COMPENSATION INSURANCE FUND,04/05/2027,CSLBSearchData_163444973.xlsx,"""ADVANCE SOLAR HYDRO WIND POWER INC"" ""REDWOOD VALLEY"" California solar contractor official website",advancepower.net,https://www.advancepower.net/,advancepower.net: HOME,"Advance: Solar, Hydro, Wind Power, Inc. 6331 N State Street Redwood Valley, CA 95470. ​. (707) 485-0588. Se habla Español. ​. Regular Business Hours: 9:00am-4 ...",candidate_found,
508902,ADVANCED CONSERVATION SYSTEMS INC,Corporation,42622 7TH STREET E,LANCASTER,CA,93535,Los Angeles,(661) 945 4545,04/10/1987,04/30/2027,B | C-2 | C46,Workers' Compensation Insurance,SUNZ INSURANCE COMPANY,10/01/2026,CSLBSearchData_163412289.xlsx,"""ADVANCED CONSERVATION SYSTEMS INC"" ""LANCASTER"" California solar contractor official website",advancedconservationsystems.com,https://www.advancedconservationsystems.com/,"Advanced Conservation Systems: Solar, Battery & HVAC ...","(661) 945-4545Email UsGet an EstimateLancaster42622 7th St E, CA 93535 ... © Advanced Conservation Systems Inc. Since 1983 · CSLB #508902Privacy Policy ...",candidate_found,
906078,AE TECHNIC INC,Corporation,809 W HOLLYVALE ST,GLENDORA,CA,91740,Los Angeles,(213) 300 6051,11/05/2007,11/30/2027,A | B | C10 | C20 | C46,Workers' Compensation Insurance,STATE COMPENSATION INSURANCE FUND,08/01/2026,CSLBSearchData_163412289.xlsx,"""AE TECHNIC INC"" ""GLENDORA"" California solar contractor official website",,,,,no_official_domain_candidate,
1009773,AETERNA ENERGY LLC,Limited Liability,2645 NUTMEG CIRCLE,SIMI VALLEY,CA,93065,Ventura,(805) 823 3232,12/16/2015,12/31/2027,B | C-7 | C10 | C20 | C43 | C46,Workers' Compensation Insurance,STATE COMPENSATION INSURANCE FUND,02/27/2027,CSLBSearchData_163547774.xlsx,"""AETERNA ENERGY LLC"" ""SIMI VALLEY"" California solar contractor official website",energy.ca.gov,https://www.energy.ca.gov/sites/default/files/2020-05/Cont-Retail_DB_Output-5_ADA_1.xlsx,[XLS] Cont-Retail_DB_Output-5 - California Energy Commission,"... Simi Valley, CA 93065, 1219 Cadiz Dr., Simi Valley, CA 93065, 805-390-5491 ... Aeterna Energy, LLC, Aeterna Energy, LLC, 2645 Nutmeg Circle Simi Valley ...",candidate_found,
957287,AHRENS MECHANICAL,Corporation,10975 SAN DIEGO MISSION RD,SAN DIEGO,CA,92108,San Diego,(619) 487 9036,02/02/2011,02/28/2027,A | B | C-4 | C10 | C16 | C20 | C34 | C36 | C46 | C60 | HAZ,Workers' Compensation Insurance,INSURANCE COMPANY OF THE WEST,07/01/2027,CSLBSearchData_163505900.xlsx,"""AHRENS MECHANICAL"" ""SAN DIEGO"" California solar contractor official website",web.agcsd.org,https://web.agcsd.org/atb/DIVISION-15-MECHANICAL-(OLD-DIVISION-SEE-NEW-DIVISION-22),MECHANICAL (OLD DIVISION - SEE NEW DIVISION 22),"Ahrens Mechanical. _. 10975 San Diego Mission Road San Diego, CA 92108 4019. Work Phone: 619-487-9036 619-487-9036. Learn More.",candidate_found,
1006946,AHSOLAR PRO SOLUTIONS,Limited Liability,P O BOX 142,UNION CITY,CA,94587,Alameda,(510) 468 8535,08/28/2015,01/31/2027,C10 | C46,Workers' Compensation Insurance,STATE COMPENSATION INSURANCE FUND,07/01/2027,CSLBSearchData_163342171.xlsx,"""AHSOLAR PRO SOLUTIONS"" ""UNION CITY"" California solar contractor official website",milpitas.gov,https://www.milpitas.gov/Archive.aspx?ADID=1459,City of Milpitas Office of Building Safety,"SA+ - PV SOLAR ... AHSolar Pro Solutions. $33,978. 833 Heflin St. 8/11/2025. Location: Description: Construction Value: 4162 marsten av union city ...",candidate_found,
1022669,AIC HEATING AND AIR,Corporation,P O BOX 998,BAKERSFIELD,CA,93302,Kern,(661) 695 6911,01/18/2017,09/30/2027,B | C10 | C20 | C46,Workers' Compensation Insurance,NORGUARD INSURANCE COMPANY,05/01/2027,CSLBSearchData_163412289.xlsx,"""AIC HEATING AND AIR"" ""BAKERSFIELD"" California solar contractor official website",contractorlicenseproof.com,https://contractorlicenseproof.com/california/solar/bakersfield,"Solar Contractors in Bakersfield, CA (C-46) | Contractor License Proof","Solar Contractors in Bakersfield, CA · Aic Heating and Air. C-46 · Bakersfield, CA · Oasis Air and Solar. C-46 · Bakersfield, CA · Scott P Ryan Investments Corp ...",candidate_found,
986427,AIKYUM SOLAR,Corporation,7256 GARDEN GROVE BLVD,WESTMINSTER,CA,92683,Orange,(949) 705 6797,08/29/2013,08/31/2027,C10 | C46,Workers' Compensation Insurance,MIDWEST EMPLOYERS CASUALTY COMPANY,07/20/2027,CSLBSearchData_163444973.xlsx,"""AIKYUM SOLAR"" ""WESTMINSTER"" California solar contractor official website",aikyum.com,https://aikyum.com/,Aikyum Solar: Solar Panel Installation Orange County,"Aikyum Solar is a professional solar company providing custom design ... 7256 Garden Grove Blvd, Westminster, CA 92683. (949) 705-6797 · Email: solar ...",candidate_found,
916654,AIR HEAT SOLAR,Sole Owner,3430 J STREET UNIT C,SACRAMENTO,CA,95816,Sacramento,(916) 912 2277,06/03/2008,11/30/2026,C20 | C46,Workers' Compensation Insurance,STATE COMPENSATION INSURANCE FUND,06/06/2027,CSLBSearchData_163505900.xlsx,"""AIR HEAT SOLAR"" ""SACRAMENTO"" California solar contractor official website",homequotr.com,https://homequotr.com/contractors/solar/sacramento,"Solar Contractors in Sacramento, California | HomeQuotr","Solar Contractors in Sacramento ; AIR HEAT SOLAR, 916654, C-46 ; BARNUM & CELILLO ELECTRIC INC, 599724, C-46 ; BRIGHTON SOLAR INC, 1055369, C-46 ; COMFORT SYSTEMS ...",candidate_found,
842877,AIR RITE HEATING AND AIR CONDITIONING,Sole Owner,720 4TH STREET,ORLAND,CA,95963,Glenn,(530) 865 4655,07/16/2004,07/31/2028,C20 | C46,Workers' Compensation Insurance,HARTFORD CASUALTY INSURANCE COMPANY,10/27/2026,CSLBSearchData_163412289.xlsx,"""AIR RITE HEATING AND AIR CONDITIONING"" ""ORLAND"" California solar contractor official website",airrite.us,http://www.airrite.us/,Air Rite – Heating & Air Conditioning Service,"... Installation Needs in Chico, Orland, Paradise, Oroville & More. At Air Rite ... Air Rite Heating and Air Conditioning provides expert residential HVAC service and ...",candidate_found,
885073,AIR SUN INC,Corporation,9940 W NICHOLAS AVE,VISALIA,CA,93291,Tulare,(559) 747 0111,09/29/2006,09/30/2026,C10 | C46,Workers' Compensation Insurance,NATIONAL CASUALTY COMPANY,04/01/2027,CSLBSearchData_163547774.xlsx,"""AIR SUN INC"" ""VISALIA"" California solar contractor official website",buildzoom.com,https://www.buildzoom.com/contractor/air-sun-inc,Air Sun | Visalia CA | Read Reviews + Get a Free Estimate - BuildZoom,"Air Sun, Inc Contact Information. Phone Number: (559) 303-4319. Address: PO BOX 6637, Visalia, CA 93290. Air Sun, Inc Visalia. Quality. 115. 98th percentile.",candidate_found,
889684,AIR TEMP COMPANY,Sole Owner,1835 HAMLET ST,SAN MATEO,CA,94403,San Mateo,(650) 591 1004,01/18/2007,01/31/2027,B | C10 | C20 | C38 | C46,Workers' Compensation Insurance,WESCO INSURANCE COMPANY,02/09/2027,CSLBSearchData_163528025.xlsx,"""AIR TEMP COMPANY"" ""SAN MATEO"" California solar contractor official website",bestopedia.com,https://bestopedia.com/electrical/ca/san-mateo/air-temp-company/,Air Temp Company Reviews and Complaints - Electrical - Bestopedia,"Independent review of Air Temp Company in San Mateo, CA. Bestopedia Score 87/100. CSLB #889684, bonded, workers' comp current.",candidate_found,
878027,ALBION POWER COMPANY INC,Corporation,218 PIERCE ST,SAN FRANCISCO,CA,94117,San Francisco,(415) 558 1786,05/19/2006,05/31/2028,B | C10 | C46,Workers' Compensation Insurance,STATE COMPENSATION INSURANCE FUND,02/01/2027,CSLBSearchData_163505900.xlsx,"""ALBION POWER COMPANY INC"" ""SAN FRANCISCO"" California solar contractor official website",albionpower.com,https://www.albionpower.com/,Albion Power Company: Solar Panel Installations | San ...,"San Francisco 415.558.1786 | East Bay 510.263.9070. CA Lic.# 878027 | General B ∙ C-10 ∙ C-46. © 2018 Albion Power Company , Inc. | All rights reserved.",candidate_found,
559721,ALCOR ENTERPRISES,Sole Owner,2681 K CLOVERDALE AVENUE,CONCORD,CA,94518,Contra Costa,(925) 825 5658,03/07/1989,03/31/2027,B | C46,Workers' Compensation Insurance,STATE COMPENSATION INSURANCE FUND,10/01/2026,CSLBSearchData_163342171.xlsx,"""ALCOR ENTERPRISES"" ""CONCORD"" California solar contractor official website",buildzoom.com,https://www.buildzoom.com/contractor/alcor-enterprises,Alcor Enterprises | Concord CA | Read Reviews + Get a Bid,"From BuildZoom: Alcor Enterprises, 2681 Cloverdale Ave, Concord, CA (Employee: Alfred Joseph Accurso Jr) holds a Solar, General Building license and 2 other ...",candidate_found,
959972,ALL AIR HEATING & AIR CONDITIONING,Corporation,248 COMMERCE ST STE B,LODI,CA,95240,San Joaquin,(209) 368 4264,04/15/2011,04/30/2027,C20 | C46,Workers' Compensation Insurance,NORGUARD INSURANCE COMPANY,03/15/2027,CSLBSearchData_163505900.xlsx,"""ALL AIR HEATING & AIR CONDITIONING"" ""LODI"" California solar contractor official website",allairsolar.com,https://allairsolar.com/,"AC Repair in Lodi, CA | Air Conditioning Repair | All-Air Heating",Why Lodi Residents Choose All-Air Heating & Air Conditioning for AC Repair · Emergency Service · 100% Satisfaction · Upfront Pricing · Same Day Repairs · Labor and ...,candidate_found,
840958,ALL AMERICAN PLUMBING HEATING & AIR INC,Corporation,540 PAGE AVENUE,LOS BANOS,CA,93635,Merced,(209) 826 7400,06/16/2004,09/30/2027,C20 | C36 | C46,Workers' Compensation Insurance,EMPLOYERS COMPENSATION INSURANCE COMPANY,07/31/2027,CSLBSearchData_163444973.xlsx,"""ALL AMERICAN PLUMBING HEATING & AIR INC"" ""LOS BANOS"" California solar contractor official website",allamericanpha.com,https://www.allamericanpha.com/,HVAC & Plumbing Experts In Los Banos And Turlock ...,"Top-rated Plumbing, Heating, Air, & Home Electrification Services in Los Banos and Turlock, California ... All American Plumbing Heating & Air Inc. All ...",candidate_found,
962034,ALL BAY SOLAR CONSTRUCTION INC,Corporation,5743 MISSION STREET,SAN FRANCISCO,CA,94112,San Francisco,(415) 624 3535,06/13/2011,09/30/2027,B | C10 | C39 | C46,Workers' Compensation Insurance,MIDWEST EMPLOYERS CASUALTY COMPANY,02/27/2027,CSLBSearchData_163505900.xlsx,"""ALL BAY SOLAR CONSTRUCTION INC"" ""SAN FRANCISCO"" California solar contractor official website",zerofi.ai,https://www.zerofi.ai/pro/all-bay-solar-construction-inc-san-francisco-ca-b53d41e0-3fc6-4783-82b5-edaa6c22280a,"All Bay Solar Construction Inc - Electrician in San Francisco, CA","All Bay Solar Construction Inc is a state-licensed electrician serving San Francisco, CA and nearby communities. Their license is verified ...",candidate_found,
870111,ALL CLIMATE AIR INC,Corporation,512 E 19TH ST,BAKERSFIELD,CA,93305,Kern,(661) 321 0620,12/28/2005,12/31/2027,C-2 | C20 | C36 | C46,Workers' Compensation Insurance,AMTRUST INSURANCE COMPANY,08/01/2027,CSLBSearchData_163412289.xlsx,"""ALL CLIMATE AIR INC"" ""BAKERSFIELD"" California solar contractor official website",allclimateair.com,https://allclimateair.com/services/air-conditioning/new-air-conditioning-installation/,New Air Conditioning Installation - All Climate Air,"At All Climate Air Inc we strive to install and service your new air ... Address: 512 E 19th St, Bakersfield, CA 93305. Copyright 2026 All Climate Air ...",candidate_found,
933034,ALL IN ONE ELECTRIC INC,Corporation,11000 WRIGHT RD,LYNWOOD,CA,90262,Los Angeles,(626) 824 0775,05/27/2009,05/31/2027,B | C-7 | C10 | C20 | C36 | C38 | C39 | C46,Workers' Compensation Insurance,EMPLOYERS PREFERRED INSURANCE COMPANY,10/24/2026,CSLBSearchData_163412289.xlsx,"""ALL IN ONE ELECTRIC INC"" ""LYNWOOD"" California solar contractor official website",,,,,no_official_domain_candidate,
944973,ALL ON ELECTRIC INC,Corporation,5053 TESLA RD,LIVERMORE,CA,94550,Alameda,(925) 447 0581,03/27/2010,04/30/2027,C10 | C46,Workers' Compensation Insurance,MIDWEST EMPLOYERS CASUALTY COMPANY,03/27/2027,CSLBSearchData_163342171.xlsx,"""ALL ON ELECTRIC INC"" ""LIVERMORE"" California solar contractor official website",selfgenca.com,https://www.selfgenca.com/documents/developer/approved,Approved SGIP Developer List,"... All On Electric, Inc"",Livermore,CA All,No,All Save Energy,Acampo,CA All,No,""All Seasons Energy Solutions, Inc."",Bakersfield,CA All,No,All Starr Electric & Solar ...",candidate_found,
964957,ALL SOLAR,Sole Owner,5439 E WILLOW ST,LONG BEACH,CA,90815,Los Angeles,(562) 619 4770,08/26/2011,08/31/2027,C10 | C46,Workers' Compensation Insurance,STATE COMPENSATION INSURANCE FUND,08/25/2027,CSLBSearchData_163412289.xlsx,"""ALL SOLAR"" ""LONG BEACH"" California solar contractor official website",solarsourceinc.com,https://www.solarsourceinc.com/service/,Ask us About our Solar Service Plan,"SERVICE. Residential Solar Panel Installers Near Long Beach, California. Solar ... All solar panels we install are UL listed, CEC approved, California ...",candidate_found,
499720,ALL VALLEY SOLAR INC,Corporation,12623 SHERMAN WAY STE A,N HOLLYWOOD,CA,91605,Los Angeles,(818) 765 0720,10/14/1986,08/31/2027,C46,Workers' Compensation Insurance,MIDWEST EMPLOYERS CASUALTY COMPANY,01/01/2027,CSLBSearchData_163412289.xlsx,"""ALL VALLEY SOLAR INC"" ""N HOLLYWOOD"" California solar contractor official website",bidroom.io,https://bidroom.io/c/ca/n-hollywood/solar/all-valley-solar-inc--05248055,"All Valley Solar Inc — Solar in N Hollywood, CA | Bidroom","All Valley Solar Inc is a solar contractor serving N Hollywood, California. License records, service area, and how to claim this profile.",candidate_found,
775322,ALL-PRO ENTERPRISES INC,Corporation,P O BOX 3116,SAN DIMAS,CA,91773,Los Angeles,(909) 322 8276,02/22/2000,02/29/2028,B | C27 | C33 | C46,Workers' Compensation Insurance,ACE AMERICAN INSURANCE COMPANY,01/01/2027,CSLBSearchData_163412289.xlsx,"""ALL-PRO ENTERPRISES INC"" ""SAN DIMAS"" California solar contractor official website",all-proent.com,https://www.all-proent.com/about-all-pro/,"About Us | All-Pro Enterprises, Inc ...","All-Pro Enterprises, Inc. ... Licensed, Bonded, & Insured. ... Professional residential, commercial and industrial cleaners for San Dimas, Los Angeles County, ...",candidate_found,
382383,ALLBRITTEN BAREFOOT PLUMBERS ELECTRICIANS & HVAC TECHNICIANS,Limited Liability,2842 N BUSINESS PARK AVE,FRESNO,CA,93727,Fresno,(559) 292 4919,10/05/1979,03/31/2028,B | C-2 | C10 | C20 | C36 | C46 | D65,Workers' Compensation Insurance,SAFETY NATIONAL CASUALTY CORPORATION,06/01/2027,CSLBSearchData_163342171.xlsx,"""ALLBRITTEN BAREFOOT PLUMBERS ELECTRICIANS & HVAC TECHNICIANS"" ""FRESNO"" California solar contractor official website",networx.com,https://www.networx.com/electricians/ca/fresno,Fresno CA Electricians | Networx,"EJ'S DELECTRIC. Serving Fresno, CA ; Ochinero Electric. 3248 West Fremont Avenue, Fresno, CA, 93711 ; Allbritten - Barefoot Plumbers, Electricians, & HVAC ...",candidate_found,
1100044,ALLIANZ HEATING & AIR INC,Corporation,2585 ELLIS STREET,REDDING,CA,96001,Shasta,(530) 221 2642,12/28/2022,12/31/2026,B | C-2 | C20 | C36 | C46,Workers' Compensation Insurance,SUNZ INSURANCE COMPANY,01/01/2027,CSLBSearchData_163528025.xlsx,"""ALLIANZ HEATING & AIR INC"" ""REDDING"" California solar contractor official website",shastacounty.gov,https://www.shastacounty.gov/media/73611,Permits Issued with Fees and Values,Contractor Name: REDDING HEATING & AIR CONDITIONING. Printed: Tuesday ... Contractor Name: ALLIANZ HEATING & AIR INC. HVAC25-0203. HVAC.,candidate_found,
913530,ALLIED BUILDING AND TECHNOLOGIES INC,Corporation,9250 RESEDA BOULEVARD #316,NORTHRIDGE,CA,91324,Los Angeles,(818) 671 3981,04/07/2008,05/31/2027,B | C10 | C46,Workers' Compensation Insurance,TECHNOLOGY INSURANCE COMPANY INC,09/29/2026,CSLBSearchData_163412289.xlsx,"""ALLIED BUILDING AND TECHNOLOGIES INC"" ""NORTHRIDGE"" California solar contractor official website",,,,,no_official_domain_candidate,
868542,ALLIED ENERGY INC,Corporation,2105 CAMINO VIDA ROBLE UNIT H,CARLSBAD,CA,92011,San Diego,(760) 746 1248,12/01/2005,01/31/2027,C10 | C46,Workers' Compensation Insurance,MIDWEST EMPLOYERS CASUALTY COMPANY,10/08/2026,CSLBSearchData_163505900.xlsx,"""ALLIED ENERGY INC"" ""CARLSBAD"" California solar contractor official website",alliedenergy-us.com,https://alliedenergy-us.com/,Allied Energy Inc | Electrical + Solar Specialists | San Diego,"Allied Energy is the San Diego solar, battery, and electrical company ... Logo Allied Energy, Inc. © 2005–2026 · Carlsbad, CA. Solar + Battery760.746 ...",candidate_found,
713479,ALLTECH SOLAR INC,Corporation,4079 GOVERNOR DR #307,SAN DIEGO,CA,92122,San Diego,(949) 439 0069,10/06/1995,04/30/2028,B | C10 | C20 | C46,Workers' Compensation Insurance,STATE COMPENSATION INSURANCE FUND,10/01/2026,CSLBSearchData_163505900.xlsx,"""ALLTECH SOLAR INC"" ""SAN DIEGO"" California solar contractor official website",alltechsolarusa.com,https://www.alltechsolarusa.com/,Alltech Solar Inc,"... Blvd, #1314. San Diego, CA 92117. info@alltechsolarusa.com · San Diego Solar EnergySage Approved. Copyright © 2017 Alltech Solar Inc. All Rights Reserved.",candidate_found,
847973,ALLTERRA SOLAR,Corporation,849 ALMAR AVE STE C-281,SANTA CRUZ,CA,95060,Santa Cruz,(831) 425 2608,10/08/2004,10/31/2026,A | B | C46,Workers' Compensation Insurance,INDEMNITY INSURANCE COMPANY OF NORTH AMERICA,10/01/2026,CSLBSearchData_163528025.xlsx,"""ALLTERRA SOLAR"" ""SANTA CRUZ"" California solar contractor official website",allterrasolar.com,https://www.allterrasolar.com/,Allterra Solar: Solar Panel Installation in Santa Cruz,"Allterra Solar offers expert solar panel installation in Santa Cruz. Trusted and family-owned, we provide top-rated solar solutions. Get a quote today!",candidate_found,
806465,ALLY ELECTRIC,Corporation,855 MARINA BAY PKWY STE 280,RICHMOND,CA,94804,Contra Costa,(510) 559 7700,04/10/2002,10/31/2026,C10 | C46,Workers' Compensation Insurance,PIE INSURANCE COMPANY (THE),03/16/2027,CSLBSearchData_163342171.xlsx,"""ALLY ELECTRIC"" ""RICHMOND"" California solar contractor official website",allyelectricandsolar.com,https://www.allyelectricandsolar.com/,Ally Electric & Solar: Local Solar Installers & Electrical Contractors,"Ally Electric & Solar, with 16+ years of experience, provides affordable solar ... 280 · Richmond, CA 94804 · TEL: 510.559.7700. CSLB License C-10 & C-46 ...",candidate_found,
1080653,ALOE SOLAR INC,Corporation,27827 FERGUSON DRIVE,CASTAIC,CA,91384,Los Angeles,(802) 522 8740,09/01/2021,09/30/2027,C46,Workers' Compensation Insurance,STATE COMPENSATION INSURANCE FUND,05/18/2027,CSLBSearchData_163412289.xlsx,"""ALOE SOLAR INC"" ""CASTAIC"" California solar contractor official website",zerofi.ai,https://www.zerofi.ai/pro/aloe-solar-inc-castaic-ca-e3cd0709-c2a7-474a-bbfe-e4c7eedb0f3a,"Aloe Solar Inc - Solar installer in Castaic, CA | ZeroFi","Aloe Solar Inc is a state-licensed solar installer serving Castaic, CA and nearby communities. Their license is verified active on the CA contractor registry ( ...",candidate_found,
979146,ALTADENA ENERGY & SOLAR INC,Corporation,1585 N LAKE AVE,PASADENA,CA,91104,Los Angeles,(818) 201 4206,12/05/2012,12/31/2026,C10 | C46,Workers' Compensation Insurance,STATE COMPENSATION INSURANCE FUND,02/27/2027,CSLBSearchData_163412289.xlsx,"""ALTADENA ENERGY & SOLAR INC"" ""PASADENA"" California solar contractor official website",pwp.cityofpasadena.net,https://pwp.cityofpasadena.net/list-of-solar-contractors-in-pasadena-2025/,List of Solar and Energy Contractors in Pasadena,"List of Solar and Energy Contractors in Pasadena ; 1, Altadena Energy & Solar Inc, 29 ; 2, Sunrun Installation Services, Inc. 19 ; 3, Solar Optimum Inc. 16 ; 4 ...",candidate_found,
632507,ALTERNATIVE ENERGY,Corporation,15001 CAMAGE AVE UNIT A,SONORA,CA,95370,Tuolumne,(209) 533 9276,11/22/1991,11/30/2027,C-4 | C46,Workers' Compensation Insurance,ZENITH INSURANCE COMPANY,01/01/2027,CSLBSearchData_163547774.xlsx,"""ALTERNATIVE ENERGY"" ""SONORA"" California solar contractor official website",findenergy.com,https://findenergy.com/ca/sonora-solar/,"Solar Panels Cost 2.1k-10k in Sonora, CA | August, 2025","A home icon, used to navigate home. California · Solar Energy; Sonora ... Sonora Solar Panel Installation Incentives & Rebates ... Alternative Energy Manufacturing ...",candidate_found,
853351,ALTERNATIVE ENERGY SYSTEMS INC,Corporation,13620 HWY 99,CHICO,CA,95973,Butte,(530) 345 6980,01/21/2005,01/31/2027,C10 | C46,Workers' Compensation Insurance,MIDWEST EMPLOYERS CASUALTY COMPANY,05/01/2027,CSLBSearchData_163342171.xlsx,"""ALTERNATIVE ENERGY SYSTEMS INC"" ""CHICO"" California solar contractor official website",savingenergyforlife.com,https://savingenergyforlife.com/,Alternative Energy Systems For The North Valley,"Solar Energy Solutions Serving Northern California. Installation & Service ... Alternative Energy Systems Inc. Main Campus; 13620 Hwy 99 Chico, CA 95973 ...",candidate_found,
947007,ALTERNATIVE HEATING & AIR,Corporation,13303 CABIN HOLLOW CT STE 600,CHICO,CA,95973,Butte,(530) 894 8082,05/10/2010,05/31/2028,C20 | C46,Workers' Compensation Insurance,STATE COMPENSATION INSURANCE FUND,09/16/2026,CSLBSearchData_163342171.xlsx,"""ALTERNATIVE HEATING & AIR"" ""CHICO"" California solar contractor official website",alternativeheatingandair.com,https://alternativeheatingandair.com/energy-efficiency-services-chico-ca/,"Energy Efficiency Services Chico, CA | Save Money","Improve energy efficiency with expert services from Alternative Heating & Air in Chico, California. Contact us today to schedule your service.",candidate_found,
944549,ALTSYS SOLAR INC,Corporation,1434 E TULARE AVE,TULARE,CA,93274,Tulare,(559) 688 2544,03/17/2010,03/31/2028,C10 | C46,Workers' Compensation Insurance,MIDWEST EMPLOYERS CASUALTY COMPANY,12/01/2026,CSLBSearchData_163547774.xlsx,"""ALTSYS SOLAR INC"" ""TULARE"" California solar contractor official website",altsyssolar.com,https://www.altsyssolar.com/,Solar Visalia - Tulare - Porterville - Hanford - Solar Installation,"AltSys Solar, Inc. ... 1434 E, Tulare Ave. Tulare, CA 93274. Phone: (559) 688-2544. Fax: (559) 823-9038. Website: www.altsyssolar ...",candidate_found,
863510,AMAZING AIRCONDITIONING INC,Corporation,1131 CRENSHAW BLVD,LOS ANGELES,CA,90019,Los Angeles,(213) 675 9093,08/27/2005,09/30/2028,C10 | C20 | C36 | C46,Workers' Compensation Insurance,STATE FARM FIRE AND CASUALTY COMPANY,07/24/2027,CSLBSearchData_163412289.xlsx,"""AMAZING AIRCONDITIONING INC"" ""LOS ANGELES"" California solar contractor official website",scribd.com,https://www.scribd.com/document/567499203/113021-Lisc-2020-990-Publicinspectioncopy,LISC 2020 Form 990 Overview | PDF | Irs Tax Forms | 501(C) Organization,"11780 PICO LLC. 11780 WEST PICO BLVD LOS ANGELES, CA 90064 81-1844595 15,000. ... AMAZING AIRCONDITIONING INC. 1131 CRENSHAW BOULEVARD LOS ANGELES, CA 90019 ...",candidate_found,
987843,AMEKO A P S INC,Corporation,1515 EVANS AVE,POMONA,CA,91766,Los Angeles,(909) 751 5151,10/22/2013,10/31/2027,B | C10 | C46,Workers' Compensation Insurance,STATE COMPENSATION INSURANCE FUND,08/16/2027,CSLBSearchData_163412289.xlsx,"""AMEKO A P S INC"" ""POMONA"" California solar contractor official website",selfgenca.com,https://www.selfgenca.com/documents/developer/approved,Approved SGIP Developer List,"... Energy, Inc."",Murrieta,CA All,Yes,Ambrose Construction Inc.,Vacaville,CA All,No,Ameco Solar LLC,Valley Village,CA 1 & 2 only,No,""Ameko Aps, Inc."",Pomona,CA ...",candidate_found,
1081438,AMERICAN ENERGY SOLAR,Sole Owner,10244 DARLING RD,VENTURA,CA,93004,Ventura,(818) 256 7411,09/20/2021,09/30/2027,C46,Workers' Compensation Insurance,STATE COMPENSATION INSURANCE FUND,12/20/2026,CSLBSearchData_163547774.xlsx,"""AMERICAN ENERGY SOLAR"" ""VENTURA"" California solar contractor official website",sntm-trk.aspgov.com,https://sntm-trk.aspgov.com/eTRAKiT/dashboard.aspx,scheduling inspections - eTRAKiT,"AMERICAN ENERGY SOLAR, AMERICAN NATIONAL INSULATION INC, AMERICAN RAIN GUTTERS ... TECH - WALL OF VENTURA INC, TED SLOAN ELECTRIC, TEICHERT SOLAR, TEK ...",candidate_found,
1065297,AMN SOLAR CORP,Corporation,26668 CARAVAN CIRCLE,CORONA,CA,92883,Riverside,(562) 588 8547,04/17/2020,06/30/2027,C46,Workers' Compensation Insurance,STATE COMPENSATION INSURANCE FUND,05/16/2027,CSLBSearchData_163505900.xlsx,"""AMN SOLAR CORP"" ""CORONA"" California solar contractor official website",amnsolarenergy.com,https://amnsolarenergy.com/,AMN Solar Corp,"Solar Installers You Can Trust. Our mission is to ... We look forward to serving you! CA License # 1065297. AMN Solar Corp Corona, CA ‪(951) 444-0447‬.",candidate_found,
1077258,ANTHEM CONSTRUCTION INC,Corporation,1854 ELLERY AVE,CLOVIS,CA,93611,Fresno,(559) 458 6479,06/23/2021,06/30/2027,B | C39 | C46,Workers' Compensation Insurance,STATE COMPENSATION INSURANCE FUND,03/25/2027,CSLBSearchData_163342171.xlsx,"""ANTHEM CONSTRUCTION INC"" ""CLOVIS"" California solar contractor official website",anthemroofingandsolar.com,https://anthemroofingandsolar.com/privacy-policy,Privacy Policy - Anthem Construction Roofing & Solar,This privacy notice for Anthem Construction Inc. (doing business as ... Fresno / Clovis. (559) 458-6479. Copyright © 2023 Anthem ...,candidate_found,
1001659,ANTHEM MECHANICAL,Corporation,53800 POLK STREET,COACHELLA,CA,92236,Riverside,(760) 895 2621,03/04/2015,03/31/2027,A | B | C20 | C46,Workers' Compensation Insurance,PIE INSURANCE COMPANY (THE),12/22/2026,CSLBSearchData_163505900.xlsx,"""ANTHEM MECHANICAL"" ""COACHELLA"" California solar contractor official website",buildzoom.com,https://www.buildzoom.com/contractor/anthem-mechanical,Anthem Mechanical | Coachella CA | Read Reviews + Get a Bid,"Anthem Mechanical, 53800 Polk St, Coachella, CA (Employees: Michael Kolls Solomon, Patricia Solomon Eppelheimer, and Peter David Solomon) holds a General ...",candidate_found,
859901,APG SOLAR,Corporation,2750 N SPCAPORT ENTRY,ATWATER,CA,95301,Merced,(209) 358 1468,06/02/2005,05/31/2028,B | C10 | C46 | D21,Workers' Compensation Insurance,MIDWEST EMPLOYERS CASUALTY COMPANY,12/01/2026,CSLBSearchData_163444973.xlsx,"""APG SOLAR"" ""ATWATER"" California solar contractor official website",apgsolar.com,https://apgsolar.com/,APG Solar | Solar Installation |Solar Repair | Solar Maintenance,"Spaceport Entry, Atwater CA 95301 · Get Started · Home · Go Solar · Types of Solar ... APG Solar Google APG Solar Yelp APG Solar Solar. Terms of Use · Privacy ...",candidate_found,
795570,AREMTECH INC,Corporation,1485 BAYSHORE BLVD #109,SAN FRANCISCO,CA,94124,San Francisco,(415) 467 5409,05/24/2001,05/31/2027,A | ASB | B | C-4 | C-7 | C-8 | C10 | C20 | C21 | C33 | C36 | C46 | C57 | HAZ,Workers' Compensation Insurance,HARTFORD CASUALTY INSURANCE COMPANY,02/01/2027,CSLBSearchData_163505900.xlsx,"""AREMTECH INC"" ""SAN FRANCISCO"" California solar contractor official website",californiawells.com,https://www.californiawells.com/directory?page=3,Well Driller Directory | CA Well Driller Directory,"AREMTECH INC. SAN FRANCISCO, CA. (415) 467 5409 ... BARRETTAS SOLAR ELECTRIC AND CONSTRUCTION CO ... HERLONG, CA. (530) 310 3940. No public website found.",candidate_found,
1071153,ARRAY ENERGIES,Sole Owner,2805 TOPAZ DRIVE,NOVATO,CA,94945,Marin,(415) 271 6634,11/20/2020,11/30/2026,C46,Workers' Compensation Insurance,NATIONAL CASUALTY COMPANY,04/01/2027,CSLBSearchData_163444973.xlsx,"""ARRAY ENERGIES"" ""NOVATO"" California solar contractor official website",contractorlicenseproof.com,https://contractorlicenseproof.com/california/solar/novato,"Solar Contractors in Novato, CA (C-46) | Contractor License Proof","Solar Contractors in Novato, CA · Array Energies. C-46 · Novato, CA · Solarcraft Services Inc. C-46 · Novato, CA · Quattro Solar Inc. C-46 · Novato, CA · Sunstall ...",candidate_found,
1040832,ARROW ENERGY SOLAR SYSTEMS,Sole Owner,231 CALEDONIA STREET,SANTA CRUZ,CA,95062,Santa Cruz,(831) 471 7909,06/18/2018,06/30/2028,C46,Workers' Compensation Insurance,STATE COMPENSATION INSURANCE FUND,09/23/2026,CSLBSearchData_163528025.xlsx,"""ARROW ENERGY SOLAR SYSTEMS"" ""SANTA CRUZ"" California solar contractor official website",calssa-backend.squarespace.com,https://calssa-backend.squarespace.com/s/2022-CALSSA-Annual-Report-WEB.pdf,[PDF] ANNUAL REPORT - CalSSA,"Aram Solar. Arcadia Solar, LLC. Arka Energy. Arrow Energy Solar Systems. Arvo ... Santa Cruz Solar. Sattler Solar Inc. Save a Lot Solar. Saveco Solar. Sawmill ...",candidate_found,
798323,ART OF CONSTRUCTION INC,Corporation,400 FORBES BLVD STE 1,SOUTH SAN FRANCISCO,CA,94803,San Mateo,(650) 871 6791,08/13/2001,08/31/2027,B | C-8 | C15 | C46,Workers' Compensation Insurance,EVEREST PREMIER INSURANCE COMPANY,01/01/2027,CSLBSearchData_163528025.xlsx,"""ART OF CONSTRUCTION INC"" ""SOUTH SAN FRANCISCO"" California solar contractor official website",houzz.com,https://www.houzz.com/professionals/general-contractors/art-of-construction-inc-pfvwus-pf~973145058,"ART OF CONSTRUCTION INC - South San Francisco, CA US - Houzz","Art of Construction Inc ; Contact. Kyle Mortz ; Phone Number. (650) 871-6791 ; Address. 400 Forbes Blvd South San Francisco, CA 94080 ; Category. Home Improvement ...",candidate_found,
1137107,ASCENDANT ROOFING AND SOLAR LLC,Limited Liability,1031 BART CIRCLE,THOUSAND OAKS,CA,91360,Ventura,(310) 980 8670,05/06/2025,05/31/2027,C39 | C46,Workers' Compensation Insurance,STATE COMPENSATION INSURANCE FUND,04/25/2027,CSLBSearchData_163547774.xlsx,"""ASCENDANT ROOFING AND SOLAR LLC"" ""THOUSAND OAKS"" California solar contractor official website",selfgenca.com,https://www.selfgenca.com/documents/developer/approved,Approved SGIP Developer List,"... Thousand Oaks,CA All,No,""1st Atriun Inc,"",Palm Desert,CA All,No,1st ... Ascendant Roofing and Solar LLC,Thousand Oaks,CA All,No,ASE Solar Solutions ...",candidate_found,
920386,ASPIRE BUILDERS,Corporation,319 DIABLO RD SUITE 201,DANVILLE,CA,94526,Contra Costa,(925) 594 6110,08/05/2008,08/31/2028,A | B | C10 | C33 | C46,Workers' Compensation Insurance,TRAVELERS PROPERTY CASUALTY COMPANY OF AMERICA,10/01/2026,CSLBSearchData_163342171.xlsx,"""ASPIRE BUILDERS"" ""DANVILLE"" California solar contractor official website",houzz.com,https://www.houzz.com/professionals/home-builders/atwater-ca-us-project-type-new-home-construction-probr1-bo~t_11823~r_5325187~sv_29402,"Best 15 New Home Construction Companies in Atwater, CA | Houzz","Aspire Builders is a full-service luxury home builder and remodeler. ... Our tale... Read More. Send Message. Danville, CA, CA ... New Home Construction · Land ...",candidate_found,
954036,AUBURN SOLAR,Sole Owner,P O BOX 828,NEWCASTLE,CA,95658,Placer,(530) 392 2851,11/01/2010,11/30/2026,C10 | C46,Workers' Compensation Insurance,STATE COMPENSATION INSURANCE FUND,08/12/2027,CSLBSearchData_163505900.xlsx,"""AUBURN SOLAR"" ""NEWCASTLE"" California solar contractor official website",auburnsolar.biz,https://www.auburnsolar.biz/,Auburn Solar: HOME,"Auburn Solar performs Residential, Commercial and Industrial SOLAR PANELS ... Newcastle CA. Grass Valley CA. Grass Valley CA. Auburn CA. Auburn CA. Grass ...",candidate_found,
1064937,AXC ELECTRICAL,Corporation,1305 NORTH H STREET,LOMPOC,CA,93436,Santa Barbara,(805) 222 6160,04/03/2020,04/30/2028,A | B | C10 | C46,Workers' Compensation Insurance,STATE COMPENSATION INSURANCE FUND,08/09/2027,CSLBSearchData_163528025.xlsx,"""AXC ELECTRICAL"" ""LOMPOC"" California solar contractor official website",,,,,no_official_domain_candidate,
1078551,AXIOM 360 LLC,Limited Liability,981 HIGHLAND WAY,GROVER BEACH,CA,93433,San Luis Obispo,(805) 840 2161,07/22/2021,07/31/2027,B | C10 | C39 | C46,Workers' Compensation Insurance,CAROLINA CASUALTY INSURANCE COMPANY,09/30/2026,CSLBSearchData_163505900.xlsx,"""AXIOM 360 LLC"" ""GROVER BEACH"" California solar contractor official website",axiom360.com,https://axiom360.com/,Axiom 360: A Top-Rated Central Coast Roofing & Solar ...,"Our commitment to these values, especially in solar energy solutions, has earned us top reviews. Approved HomeAdvisor Pro - AXIOM 360 LLC ... Grover Beach, CA ...",candidate_found,
550110,AZTEC SOLAR INC,Corporation,11370 TRADE CENTER DR. STE 3,RANCHO CORDOVA,CA,95742,Sacramento,(916) 853 2700,12/05/1988,06/30/2028,B | C46,Workers' Compensation Insurance,STATE COMPENSATION INSURANCE FUND,10/01/2026,CSLBSearchData_163505900.xlsx,"""AZTEC SOLAR INC"" ""RANCHO CORDOVA"" California solar contractor official website",aztecsolar.com,https://aztecsolar.com/,Aztec Solar | Sacramento Solar Company Since 1979,"Aztec Solar Inc designed and installed a solar pool heating system that ... Rancho Cordova, CA 95742; Email: info@aztecsolar.com. (916) 853-2700. *Aztec ...",candidate_found,
310715,B & B ELECTRIC,Corporation,2353 LA MIRADA DRIVE,VISTA,CA,92081,San Diego,(760) 598 8074,10/14/1975,07/31/2027,C10 | C46,Workers' Compensation Insurance,OAK RIVER INSURANCE COMPANY,01/01/2027,CSLBSearchData_163505900.xlsx,"""B & B ELECTRIC"" ""VISTA"" California solar contractor official website",b-b-electric.com,https://b-b-electric.com/,Electrical Contractors - Commercial Electrical Contractor,"2353 La Mirada Drive, Vista, CA 92081, US. (760) 598-8074 · (760) 598-8074 · Home ... B & B ElectricB & B ElectricB & B Electric. Commercial Industrial ...",candidate_found,
519561,B & B SOLAR INC,Corporation,21121 SCHEER DRIVE,REDDING,CA,96002,Shasta,(530) 365 4180,10/20/1987,09/30/2027,C46,Workers' Compensation Insurance,PIE INSURANCE COMPANY (THE),11/09/2026,CSLBSearchData_163528025.xlsx,"""B & B SOLAR INC"" ""REDDING"" California solar contractor official website",zerofi.ai,https://www.zerofi.ai/pro/b-b-solar-inc-redding-ca-714f3c86-b014-4cdf-8367-dfa1464d658c,"B & B Solar Inc - Solar installer in Redding, CA | ZeroFi","B & B Solar Inc is a state-licensed solar installer serving Redding, CA and nearby communities. Their license is verified active on the CA contractor registry ( ...",candidate_found,
670906,B B J ELECTRIC INC,Corporation,PO BOX 427,SAN BRUNO,CA,94066,San Mateo,(415) 599 1499,05/10/1993,05/31/2027,ASB | B | C-7 | C10 | C46,Workers' Compensation Insurance,OMAHA NATIONAL CASUALTY COMPANY,05/04/2027,CSLBSearchData_163528025.xlsx,"""B B J ELECTRIC INC"" ""SAN BRUNO"" California solar contractor official website",buildzoom.com,https://www.buildzoom.com/contractor/b-b-j-electric-inc,B B J Electric | San Bruno CA | Read Reviews + Get a Bid,"B B J Electric Inc, San, Po Box 427, San Bruno, CA (Employees: Denis John Jordan and Thomas John Berrill) holds a Electrical, General Building, ...",candidate_found,
280981,B J'S HEATING & AIR CONDITIONING INC,Corporation,1240 WILSON WAY,WOODLAND,CA,95776,Yolo,(530) 662 8601,01/05/1973,01/31/2027,C20 | C46,Workers' Compensation Insurance,TECHNOLOGY INSURANCE COMPANY INC,01/01/2027,CSLBSearchData_163547774.xlsx,"""B J'S HEATING & AIR CONDITIONING INC"" ""WOODLAND"" California solar contractor official website",buildzoom.com,https://www.buildzoom.com/contractor/b-js-heating-air-conditioning-inc,B J's Heating & Air Conditioning | Woodland CA | Get a Bid,"B J's Heating & Air Conditioning Inc in Woodland, CA | Photos | Reviews | 654 building permits for $181000. Recent work: Replace (2)split systems.",candidate_found,
1033754,B V I SOLAR,Corporation,"4240 KEARNY MESA RD STE 1209,PMB 1209",SAN DIEGO,CA,92111,San Diego,(877) 284 1222,12/07/2017,12/31/2027,B | C10 | C39 | C46,Workers' Compensation Insurance,NATIONAL CASUALTY COMPANY,05/26/2027,CSLBSearchData_163505900.xlsx,"""B V I SOLAR"" ""SAN DIEGO"" California solar contractor official website",bvisolar.com,https://www.bvisolar.com/,BVI Solar Panels & Installation San Diego,BVI Solar is a local San Diego Residential Solar Installation Company and a certified Certainteed Master Installer. Get a free solar installation proposal!,candidate_found,
161756,BAKER ELECTRIC,Limited Liability,1298 PACIFIC OAKS PLACE,ESCONDIDO,CA,92029,San Diego,(760) 745 2001,07/10/1956,05/31/2028,A | B | C-7 | C10 | C46,Workers' Compensation Insurance,HARTFORD ACCIDENT AND INDEMNITY COMPANY,03/01/2027,CSLBSearchData_163505900.xlsx,"""BAKER ELECTRIC"" ""ESCONDIDO"" California solar contractor official website",baker-electric.com,https://www.baker-electric.com/,Baker Electric | Full-Service Electrical Construction & Renewable Energy ...,"I wholeheartedly recommend Baker Electric to anyone considering a solar PV installation. ... Escondido, CA 92029 760.973.2843. bakerhomeenergy.com. About Baker.",candidate_found,
858088,BAKER HOME ENERGY,Corporation,2060 WINERIDGE PLACE STE A,ESCONDIDO,CA,92029,San Diego,(760) 546 6000,04/28/2005,04/30/2027,C10 | C20 | C36 | C39 | C46,Workers' Compensation Insurance,TWIN CITY FIRE INSURANCE COMPANY,03/01/2027,CSLBSearchData_163505900.xlsx,"""BAKER HOME ENERGY"" ""ESCONDIDO"" California solar contractor official website",bakerhomeenergy.com,https://bakerhomeenergy.com/,Baker Home Energy: Solar and HVAC Contractor in San Diego,"Baker Home Energy 2060 Wineridge Place Escondido, CA 92029 877.578.8080. Privacy Notice | Terms & Conditions. © 2026 Baker Home Energy. All rights reserved.+ ...",candidate_found,
1142760,BAP POWER LLC,Limited Liability,"26880 ALISO VIEJO PARKWAY,SUITE 100",ALISO VIEJO,CA,92656,Orange,(760) 603 1933,08/28/2025,08/31/2027,B | C10 | C46,Workers' Compensation Insurance,SENTINEL INSURANCE COMPANY LTD,09/23/2026,CSLBSearchData_163444973.xlsx,"""BAP POWER LLC"" ""ALISO VIEJO"" California solar contractor official website",cenergypower.ghost.io,https://cenergypower.ghost.io/,Cenergy - The Solar Report,"... BAP Power LLC (operating as Cenergy), and ESP Solar LLC (ESP) today ... Cenergy Power Closes Preferred Equity Investment from Aiga Capital Partners. ALISO VIEJO, ...",candidate_found,
599724,BARNUM & CELILLO ELECTRIC INC,Corporation,135 MAIN AVE,SACRAMENTO,CA,958382089,Sacramento,(916) 646 4661,08/03/1990,08/31/2028,C10 | C46 | D56,Workers' Compensation Insurance,NEW HAMPSHIRE INSURANCE COMPANY,04/01/2027,CSLBSearchData_163505900.xlsx,"""BARNUM & CELILLO ELECTRIC INC"" ""SACRAMENTO"" California solar contractor official website",barnumcelillo.com,https://www.barnumcelillo.com/,"Barnum and Celillo Electric, Inc. | See Our Expertise","Barnum & Celillo Electric, Inc. Phone: (916) 646-4661. Corporate Headquarters: 135 Main Avenue Sacramento, CA 95838. Southern California Office: 10641 Fulton ...",candidate_found,
976962,BEACH CITIES SOLAR INC,Corporation,1147 W AMAR ST,SAN PEDRO,CA,90732,Los Angeles,(310) 977 6285,09/21/2012,09/30/2028,C46,Workers' Compensation Insurance,STATE COMPENSATION INSURANCE FUND,12/05/2026,CSLBSearchData_163412289.xlsx,"""BEACH CITIES SOLAR INC"" ""SAN PEDRO"" California solar contractor official website",selfgenca.com,https://www.selfgenca.com/documents/developer/approved,Approved SGIP Developer List,"... Beach Cities Solar Inc,San Pedro,CA All,No,""Bear River Mortgage Co., Inc DBA ... Contractor,Fullerton,CA 1 & 2 only,No,""BYD Energy, LLC"",Los Angeles,CA ...",candidate_found,
1028222,BEAR SOLAR INC,Corporation,P O BOX 12,ORANGEVALE,CA,95662,Sacramento,(916) 963 0774,06/23/2017,06/30/2027,C46,Workers' Compensation Insurance,STATE COMPENSATION INSURANCE FUND,09/23/2026,CSLBSearchData_163505900.xlsx,"""BEAR SOLAR INC"" ""ORANGEVALE"" California solar contractor official website",bearsolar.com,https://www.bearsolar.com/,Bear Solar | California Solar & Battery Storage Installer,"By checking this box, I agree to receive recurring customer care and informational text messages from Bear Solar Inc. ... 9274 Madison Ave, Orangevale, CA 95662 ...",candidate_found,
1098465,BELLA SOL SYSTEMS LLC,Limited Liability,2144 GARDNER AVE,SANTA ROSA,CA,95407,Sonoma,(707) 332 4816,11/03/2022,11/30/2026,B | C46,Workers' Compensation Insurance,STATE COMPENSATION INSURANCE FUND,05/14/2027,CSLBSearchData_163528025.xlsx,"""BELLA SOL SYSTEMS LLC"" ""SANTA ROSA"" California solar contractor official website",bellasol.biz,https://bellasol.biz/,BellaSol – Empowering the Energy Revolution,"Fleming Residence, 10.725 kwp PV + 19.6 kwh ESS, Santa Rosa, CA. santa-rosa-solar-panels ... C 2022 - ""Empowering The Energy Revolution"" | Bella Sol Systems LLC ...",candidate_found,
963824,BELMONT ENERGY INC,Corporation,23291 PERALTA DR STE B2,LAGUNA HILLS,CA,92653,Orange,(949) 793 5544,07/29/2011,05/31/2027,C10 | C46,Workers' Compensation Insurance,STATE COMPENSATION INSURANCE FUND,02/27/2027,CSLBSearchData_163444973.xlsx,"""BELMONT ENERGY INC"" ""LAGUNA HILLS"" California solar contractor official website",belmont-energy.com,https://belmont-energy.com/,Belmont Energy / Premium Solar & Energy Storage/ SoCal,"Belmont Energy Inc. 23291 Peralta Drive, Suite B2 Laguna Hills, CA 92653. 877-544-5572. © 2026 Belmont Energy Inc. • California License #963824 • Privacy ...",candidate_found,
752692,BERGER POOL PLUMBING INC,Corporation,12817 BRANDFORD STREET,ARLETA,CA,91331,Los Angeles,(818) 899 9330,08/05/1998,08/31/2028,B | C27 | C36 | C46 | C53,Workers' Compensation Insurance,PIE INSURANCE COMPANY (THE),07/24/2027,CSLBSearchData_163412289.xlsx,"""BERGER POOL PLUMBING INC"" ""ARLETA"" California solar contractor official website",,,,,no_official_domain_candidate,
833169,BERKLEY CONSTRUCTION INC,Corporation,1516 W REDWOOD ST #203,SAN DIEGO,CA,92101,San Diego,(619) 255 5975,02/27/2004,07/31/2028,B | C46,Workers' Compensation Insurance,INSURANCE COMPANY OF THE WEST,08/22/2026,CSLBSearchData_163505900.xlsx,"""BERKLEY CONSTRUCTION INC"" ""SAN DIEGO"" California solar contractor official website",berkleyconstruction.wordpress.com,https://berkleyconstruction.wordpress.com/about/,About Keith Berkley,"Keith Berkley is the founder and CEO of San Diego based construction company Berkley Construction, Inc. Currently with 11 employees, the company encourages ...",candidate_found,
691947,BERRY ROOFING INC,Corporation,3226 KLUK LN,RIVERSIDE,CA,92501,Riverside,(951) 905 5116,07/12/1994,11/30/2027,B | C-2 | C39 | C43 | C46,Workers' Compensation Insurance,OAK RIVER INSURANCE COMPANY,04/01/2027,CSLBSearchData_163505900.xlsx,"""BERRY ROOFING INC"" ""RIVERSIDE"" California solar contractor official website",roofingcontractors.org,https://roofingcontractors.org/ca/riverside/berry-roofing-inc,"Berry Roofing Inc, Roofing Contractor in Riverside, CA","Berry Roofing is a roofing contractor in Riverside, CA ... California Roofing Contractors; /; Berry Roofing Inc ... Call (951) 905-5116 Email Visit Website.",candidate_found,
880102,BEST TEC,Corporation,73850 DINAH SHORE DR UNIT 109,PALM DESERT,CA,92211,Riverside,(760) 328 0021,06/27/2006,06/30/2028,C-4 | C36 | C46,Workers' Compensation Insurance,SERVICE AMERICAN INDEMNITY COMPANY,09/01/2026,CSLBSearchData_163505900.xlsx,"""BEST TEC"" ""PALM DESERT"" California solar contractor official website",pub-palmdesert.escribemeetings.com,https://pub-palmdesert.escribemeetings.com/filestream.ashx?DocumentId=13761,Council Approvals & Ratification Lists.xlsx,"Best Contracting Services, Inc. Gardena. CA. Roofing, waterproofing, sheet metal, wall panels and glazing. Best Tec. Palm Desert.",candidate_found,
1113957,BESTCLASS ENERGY INC,Corporation,175 SAN REMO AVE,SAN JACINTO,CA,92582,Riverside,(951) 956 7077,12/14/2023,03/31/2028,C10 | C46,Workers' Compensation Insurance,STATE COMPENSATION INSURANCE FUND,10/14/2026,CSLBSearchData_163505900.xlsx,"""BESTCLASS ENERGY INC"" ""SAN JACINTO"" California solar contractor official website",homesonspec.com,https://homesonspec.com/homes/cmrwh6wzw4u5idzfhg9wgk9v5,1242 Braded Main Drive - HomesOnSpec,Active California-licensed subcontractors near San Jacinto ... DENNIS ELMORE CONSTRUCTION. SAN JACINTO · Riverside ... BESTCLASS ENERGY INC. SAN JACINTO ...,candidate_found,
621790,BISHOP HEATING & AIR CONDITIONING INCORPORATED,Corporation,137 E SOUTH STREET,BISHOP,CA,93514,Inyo,(760) 873 3892,06/10/1991,06/30/2027,C16 | C20 | C36 | C38 | C43 | C46,Workers' Compensation Insurance,STATE COMPENSATION INSURANCE FUND,10/01/2026,CSLBSearchData_163412289.xlsx,"""BISHOP HEATING & AIR CONDITIONING INCORPORATED"" ""BISHOP"" California solar contractor official website",searchlocalpro.com,https://searchlocalpro.com/listing/bishop-heating-air-conditioning-incorporated/,Bishop Heating & Air Conditioning Incorporated,"Contact Bishop Heating & Air Conditioning Incorporated located in Bishop . Services: Fire Protection Contractor, HVAC, Plumbing Contractor, ...",candidate_found,
824687,BK ENGINEERING CORPORATION,Corporation,11 REDONDO,LAGUNA NIGUEL,CA,92677,Orange,(949) 842 0072,09/19/2003,07/31/2028,A | B | C10 | C12 | C20 | C46 | C53,Workers' Compensation Insurance,STATE COMPENSATION INSURANCE FUND,06/15/2027,CSLBSearchData_163444973.xlsx,"""BK ENGINEERING CORPORATION"" ""LAGUNA NIGUEL"" California solar contractor official website",,,,,no_official_domain_candidate,
1134768,BLAKE ELECTRIC LLC,Limited Liability,20245 OAKWOOD ROAD,REDDING,CA,96003,Shasta,(530) 921 3856,03/21/2025,03/31/2027,C10 | C46,Workers' Compensation Insurance,PIE INSURANCE COMPANY (THE),10/01/2026,CSLBSearchData_163528025.xlsx,"""BLAKE ELECTRIC LLC"" ""REDDING"" California solar contractor official website",blakeelectricusa.com,https://blakeelectricusa.com/,"Blake Electric: Electrician Redding, CA","Need an electrician in Redding, CA? Blake Electric handles wiring, solar ... Copyright © 2026 Blake Electric LLC. All rights reserved. Powered by. Avatar. Hi ...",candidate_found,
972683,BLAKE ROOFING INC,Corporation,1720 INDUSTRIAL AVE,NORCO,CA,92860,Riverside,(951) 340 2600,05/07/2012,05/31/2028,C39 | C43 | C46,Workers' Compensation Insurance,REDWOOD FIRE AND CASUALTY INSURANCE CO,04/23/2027,CSLBSearchData_163505900.xlsx,"""BLAKE ROOFING INC"" ""NORCO"" California solar contractor official website",network.procore.com,https://network.procore.com/us/ca/san-bernardino/roof-tiles?page=20,"Find Roof Tiles Contractors in San Bernardino, CA","Blake Roofing, Inc. Specialty Contractor. Roofing. Blake Roofing, Inc. is a Specialty Contractor that serves the Norco, CA area and specializes in Roofing. Ams ...",candidate_found,
632049,BLUE SKY ENERGY,Corporation,1233 FRANKLIN STREET UNIT 104,SANTA MONICA,CA,90404,Los Angeles,(310) 422 2908,11/14/1991,11/30/2027,ASB | B | C10 | C46,Workers' Compensation Insurance,STARNET INSURANCE COMPANY,03/04/2027,CSLBSearchData_163412289.xlsx,"""BLUE SKY ENERGY"" ""SANTA MONICA"" California solar contractor official website",blueskyenergy.solar,https://blueskyenergy.solar/,Blue Sky Energy: Home,"Proudly showcasing our solar solution for Santa Monica City Hall. Gary ... Blue Sky Energy we are hiring solar installers, electrician and crew leads.",candidate_found,
905923,BLUELINE SOLAR POWER,Corporation,690 MARANATHA DRIVE,HOLLISTER,CA,95023,San Benito,(831) 801 0097,10/31/2007,10/31/2027,C46,Workers' Compensation Insurance,STATE COMPENSATION INSURANCE FUND,05/05/2027,CSLBSearchData_163505900.xlsx,"""BLUELINE SOLAR POWER"" ""HOLLISTER"" California solar contractor official website",energy.ca.gov,https://www.energy.ca.gov/sites/default/files/2020-05/Cont-Retail_DB_Output-5_ADA_1.xlsx,Cont-Retail_DB_Output-5_ADA_1.xlsx,"... California, Yes, Yes, Yes, Yes, Yes, Yes, Yes. 556, Blueline Solar Power, a DBE of H2 Solutions Inc. 690 Maranatha Dr., Hollister, CA 95023, 3180 Imjin Rd. #148 ...",candidate_found,
1010480,BOOKOUT BRIAN,Sole Owner,P O BOX 1954,NEVADA CITY,CA,95959,Nevada,(530) 329 2464,01/21/2016,08/31/2026,C10 | C46,Workers' Compensation Insurance,STATE COMPENSATION INSURANCE FUND,11/10/2026,CSLBSearchData_163444973.xlsx,"""BOOKOUT BRIAN"" ""NEVADA CITY"" California solar contractor official website",,,,,no_official_domain_candidate,
1017260,BRETT DOWIS,Sole Owner,25400 BELLVIEW ST,HEMET,CA,92544,Riverside,(951) 330 8405,08/16/2016,08/31/2026,B | C10 | C39 | C46,Workers' Compensation Insurance,PIE INSURANCE COMPANY (THE),03/16/2027,CSLBSearchData_163505900.xlsx,"""BRETT DOWIS"" ""HEMET"" California solar contractor official website",me.sh,https://me.sh/profile/brett-dowis,Brett Dowis - LinkedIn,"Brett Dowis. Add to my network. Location. Hemet, California, United States. Location ... Contractor with a primary focus on Solar Photovoltaic's ... contractorsite ...",candidate_found,
608848,BREWER REFRIGERATION HEATING AND AIRCONDITIONING INC,Corporation,937 GOLDEN GATE TERRACE,GRASS VALLEY,CA,95945,Nevada,(530) 272 6351,01/08/1991,01/31/2027,C20 | C38 | C46,Workers' Compensation Insurance,EVEREST PREMIER INSURANCE COMPANY,09/01/2026,CSLBSearchData_163444973.xlsx,"""BREWER REFRIGERATION HEATING AND AIRCONDITIONING INC"" ""GRASS VALLEY"" California solar contractor official website",,,,,no_official_domain_candidate,
1029267,BRIGHT LIFE REMODELING,Corporation,933 NEWHALL ST,COSTA MESA,CA,92627,Orange,(908) 489 3933,07/25/2017,07/31/2027,B | C39 | C46,Workers' Compensation Insurance,STATE COMPENSATION INSURANCE FUND,04/19/2027,CSLBSearchData_163444973.xlsx,"""BRIGHT LIFE REMODELING"" ""COSTA MESA"" California solar contractor official website",ecms.newportbeachca.gov,https://ecms.newportbeachca.gov/WEB/DocView.aspx?id=2325082&dbid=0&repo=CNB,PV2019-046 - Permits - City of Newport Beach,"... BRIGHT LIFE REMODELING Address: 1806 PORT SHEFFIELD PIL Address: 933 NEWHALL ST NEWPORT BEACH, CA 92660 COSTA MESA ... Contractor pursuant to ...",candidate_found,
1007552,BRIGHT SPOT SOLAR,Corporation,5628 BALDWIN AVE,TEMPLE CITY,CA,91780,Los Angeles,(626) 353 4787,09/22/2015,09/30/2027,B | C46,Workers' Compensation Insurance,STARSTONE NATIONAL INSURANCE COMPANY,08/12/2026,CSLBSearchData_163412289.xlsx,"""BRIGHT SPOT SOLAR"" ""TEMPLE CITY"" California solar contractor official website",selfgenca.com,https://www.selfgenca.com/documents/developer/approved,Approved SGIP Developer List,"... Contractor,Fullerton,CA 1 & 2 only,No,""BYD Energy, LLC"",Los Angeles,CA ... Bright Spot Solar,Temple City,CA All,No,""SolarCraft Services, Inc."",Novato ...",candidate_found,
1055369,BRIGHTON SOLAR INC,Corporation,2701 COTTAGE WAY STE 11,SACRAMENTO,CA,95825,Sacramento,(916) 749 7711,07/01/2019,07/31/2027,C10 | C46,Workers' Compensation Insurance,ALLMERICA FINANCIAL BENEFIT INSURANCE COMPANY,12/13/2026,CSLBSearchData_163505900.xlsx,"""BRIGHTON SOLAR INC"" ""SACRAMENTO"" California solar contractor official website",brightonenergy.net,https://www.brightonenergy.net/energy-efficiency.html,Energy Efficiency - Brighton Energy,"In partnership with SMUD and TRC, Brighton Energy provides energy and cost saving solutions to business throughout the Sacramento region. Brighton Energy makes ...",candidate_found,
1081055,BROWER MECHANICAL CA LLC,Limited Liability,4060 ALVIS COURT,ROCKLIN,CA,95677,Placer,(916) 624 0808,09/10/2021,09/30/2027,B | C-2 | C10 | C20 | C36 | C46,Workers' Compensation Insurance,A I U INSURANCE COMPANY,04/28/2027,CSLBSearchData_163505900.xlsx,"""BROWER MECHANICAL CA LLC"" ""ROCKLIN"" California solar contractor official website",rocklin.ca.us,https://www.rocklin.ca.us/sites/main/files/file-attachments/permits_applied_with_contacts_04.10.pdf?1776108194,Permits Applied with Contacts,"CONTRACTOR. BROWER MECHANICAL CA LLC. 4060 ALVIS CT ROCKLIN, CA 95677. (916) 624-0808. OWNER. 1240 WHITNEY RANCH PKWY #317 ROCKLIN, CA. 95765.",candidate_found,
1066979,BRYTEMOVE ENERGY,Limited Liability,1451 EDINGER AVENUE UNIT D,TUSTIN,CA,92780,Orange,(844) 643 8432,07/15/2020,07/31/2028,B | C10 | C46,Workers' Compensation Insurance,MIDWEST EMPLOYERS CASUALTY COMPANY,07/01/2027,CSLBSearchData_163444973.xlsx,"""BRYTEMOVE ENERGY"" ""TUSTIN"" California solar contractor official website",brytemove.com,https://www.brytemove.com/,brytemove – EV Charger Design-Build is our DNA,"First fully integrated Solar, Storage, DCFC EV charger, and V2G · First Tesla V3 ... Offerings. EV Design-Build. Contact Us. 1451 Edinger Ave Unit D Tustin Ca.",candidate_found,
558980,"BUCKLEY HEAT & AIR, SOLAR",Corporation,5990 DEVECCHI AVENUE,CITRUS HEIGHTS,CA,95621,Sacramento,(916) 348 3181,03/03/1989,03/31/2027,C20 | C46,Workers' Compensation Insurance,TRUCK INSURANCE EXCHANGE,11/01/2026,CSLBSearchData_163505900.xlsx,"""BUCKLEY HEAT & AIR, SOLAR"" ""CITRUS HEIGHTS"" California solar contractor official website",rocklin.ca.us,https://www.rocklin.ca.us/sites/main/files/file-attachments/week_ending_07.05.24_permits_applied_with_contacts.pdf,"[PDF] Permits Applied with Contacts - Rocklin, CA","BUCKLEY HEAT & AIR, SOLAR. 5990 DEVECCHI AVENUE CITRUS HEIGHTS, CA 95621 (916) 348-3181. CONTRACTOR. BUCKLEY HEAT & AIR, SOLAR. 5990 DEVECCHI ...",candidate_found,
1019515,BURTEK ENERGY LLC,Limited Liability,12335 BRIARDALE WAY,SAN DIEGO,CA,92128,San Diego,(619) 372 5287,10/19/2016,10/31/2026,A | B | C10 | C20 | C46,Workers' Compensation Insurance,STATE COMPENSATION INSURANCE FUND,08/15/2027,CSLBSearchData_163505900.xlsx,"""BURTEK ENERGY LLC"" ""SAN DIEGO"" California solar contractor official website",selfgenca.com,https://www.selfgenca.com/documents/developer/approved,Approved SGIP Developer List,"... San Diego,CA All,No,360 Solar,Temecula,CA All,No,3fficient,Oceanside,CA All ... Burtek Energy LLC,San Diego,CA 1 & 2 only,No,Busy-Bee Contractor ...",candidate_found,
709658,C & C ROOFING,Sole Owner,1440 CAMPER VIEW RD SPC C29,SAN DIMAS,CA,91773,Los Angeles,(909) 241 0410,07/13/1995,07/31/2027,C39 | C46,Workers' Compensation Insurance,STATE COMPENSATION INSURANCE FUND,05/07/2027,CSLBSearchData_163412289.xlsx,"""C & C ROOFING"" ""SAN DIMAS"" California solar contractor official website",covinaca.gov,https://covinaca.gov/wp-content/uploads/2024/01/PERMITS-JUNE-2022.pdf,City of Covina |P 1 6449rfis |PERMITS ISSUED ANALYSIS |pipiarpt JUNE ...,... C & C ROOFING. OWNER GORDEN DAVID AND MELINDA. ROOFING C & C ROOFING ... San Dimas Electric. ELECTRICIA San Dimas Electric. OWNER MOORE ...,candidate_found,
780158,CACY ELECTRIC,Corporation,1269 GREEN FIELD DR,EL CAJON,CA,92021,San Diego,(619) 817 9200,06/12/2000,10/31/2027,A | B | C10 | C20 | C46,Workers' Compensation Insurance,EVEREST PREMIER INSURANCE COMPANY,06/20/2027,CSLBSearchData_163505900.xlsx,"""CACY ELECTRIC"" ""EL CAJON"" California solar contractor official website",buildzoom.com,https://www.buildzoom.com/contractor/cacy-electric,Cacy Electric | El Cajon CA | Read Reviews + Get a Free Bid,"Cacy Electric, 1269 Greenfield Dr, El Cajon, CA (Employees: Nicholas R Williams and Ryan Michael Cacy) holds a Specialty Commercial license and 1 other ...",candidate_found,
920596,CAL - PAC ROOFING,Corporation,1350 DEL AVENUE SUITE 01,CAMPBELL,CA,95008,Santa Clara,(408) 370 3332,08/11/2008,08/31/2028,B | C39 | C46,Workers' Compensation Insurance,STATE COMPENSATION INSURANCE FUND,07/01/2027,CSLBSearchData_163528025.xlsx,"""CAL - PAC ROOFING"" ""CAMPBELL"" California solar contractor official website",calpac.com,https://www.calpac.com/home-2/,Metal Roofing Contractors San Jose - Cal-Pac Roofing,WELCOME TO CAL-PAC ROOFING. Cal-Pac Roofing of Campbell is Northern California's most experienced provider of stone-coated steel roofing systems.,candidate_found,
735061,CAL - PAC ROOFING OF SAN MATEO,Corporation,1122 E 5TH AVE,SAN MATEO,CA,94402,San Mateo,(650) 286 0450,04/17/1997,04/30/2027,C39 | C46,Workers' Compensation Insurance,STATE COMPENSATION INSURANCE FUND,10/01/2026,CSLBSearchData_163528025.xlsx,"""CAL - PAC ROOFING OF SAN MATEO"" ""SAN MATEO"" California solar contractor official website",mathisroofing.com,http://www.mathisroofing.com/report_roof_damage_insurance_claims_list_of_insurance_companies________contact_numbers/gaf_master_elite_certified_roofing_contractors,Gaf Master Elite Certified Roofing Contractors,"Solar Roof Shingles · Roofing that Qualifies For Impact-Resistant Credits ... California Exteriors Roofing Contractors, Inc · Cal-Pac Roofing of San Mateo",candidate_found,
1092658,CAL CONTRACTOR SERVICES INC,Corporation,3980 SACO RD SUITE K,BAKERSFIELD,CA,93308,Kern,(661) 535 4004,06/13/2022,06/30/2028,B | C10 | C20 | C39 | C46,Workers' Compensation Insurance,STATE COMPENSATION INSURANCE FUND,08/04/2027,CSLBSearchData_163412289.xlsx,"""CAL CONTRACTOR SERVICES INC"" ""BAKERSFIELD"" California solar contractor official website",calcontractorservices.com,https://calcontractorservices.com/,Cal Contractor Services Inc.- Free Solar Installation ...,"(661) 535-4004 info@calcontractorservices.com 3980 Saco Road Suite K Bakersfield, CA 93308 · CAL Contractor Services Inc. ... We offer solar installations, solar ...",candidate_found,
872310,CALCRAFT CORPORATION,Corporation,1426 SO WILLOW AVE,RIALTO,CA,92376,San Bernardino,(909) 879 2900,02/07/2006,02/29/2028,B | C10 | C33 | C43 | C45 | C46 | C51 | HAZ,Workers' Compensation Insurance,TRAVELERS PROPERTY CASUALTY COMPANY OF AMERICA,03/26/2027,CSLBSearchData_163505900.xlsx,"""CALCRAFT CORPORATION"" ""RIALTO"" California solar contractor official website",calcraft.com,https://calcraft.com/,CALCRAFT Corporation,"CALCRAFT Corporation. Contact Us · Contact Us · CONTACT US. Your leading canopy and image provider ... 1426 S Willow Ave, Rialto, CA 92376. (909) 879-2900.",candidate_found,
748668,CALIFORNIA ARBORIST COMPLETE TREE CARE INC,Corporation,14068 LAMBERT ROAD,WHITTIER,CA,90605,Los Angeles,(562) 698 3280,04/29/1998,04/30/2028,C27 | C46 | C53 | D49,Workers' Compensation Insurance,SOUTHERN INSURANCE COMPANY,01/01/2027,CSLBSearchData_163412289.xlsx,"""CALIFORNIA ARBORIST COMPLETE TREE CARE INC"" ""WHITTIER"" California solar contractor official website",buildzoom.com,https://www.buildzoom.com/contractor/california-arborist-complete-tree-care-inc,California Arborist Complete Tree Care | CA | Get a Bid,"California Arborist Complete Tree Care Solar Contractor. California Arborist Complete Tree Care Inc, 14068 Lambert Rd, Whittier, CA (Employees: Donald ...",candidate_found,
1067305,CALIFORNIA BUILDERS,Corporation,P O BOX 778,CHICO,CA,95973,Butte,(530) 321 7921,07/27/2020,07/31/2028,B | C46,Workers' Compensation Insurance,STATE COMPENSATION INSURANCE FUND,07/07/2027,CSLBSearchData_163342171.xlsx,"""CALIFORNIA BUILDERS"" ""CHICO"" California solar contractor official website",solar530.com,https://solar530.com/,California Builders: Solar Energy Providers,"California Builders is a green energy provider that is a licensed and bonded General B and C-46 contractor. Although we are based in Chico, we have installed ...",candidate_found,
1015546,CALIFORNIA ENERGY SAVERS INC,Corporation,7211 HAVEN AVE SUITE E - 371,RANCHO CUCAMONGA,CA,91701,San Bernardino,(909) 944 5583,06/28/2016,12/31/2027,B | C46,Workers' Compensation Insurance,HARTFORD CASUALTY INSURANCE COMPANY,06/18/2027,CSLBSearchData_163505900.xlsx,"""CALIFORNIA ENERGY SAVERS INC"" ""RANCHO CUCAMONGA"" California solar contractor official website",gendealers.com,https://www.gendealers.com/location/fontana-ca,"Generator Dealers in Fontana, CA — 37 Local Installers","California Energy Savers INC. 6.8 mi. Generac · Select Dealer. Sales. 7211 Haven Ave, Suite E-169, Rancho Cucamonga, CA 91730. Call Website DirectionsView ...",candidate_found,
980699,CALIFORNIA SOLAR INNOVATORS INC,Corporation,"580 N WILMA AVE,STE #H",RIPON,CA,95366,San Joaquin,(209) 253 0923,01/28/2013,01/31/2027,B | C10 | C46,Workers' Compensation Insurance,NATIONAL CASUALTY COMPANY,04/25/2027,CSLBSearchData_163505900.xlsx,"""CALIFORNIA SOLAR INNOVATORS INC"" ""RIPON"" California solar contractor official website",buildzoom.com,https://www.buildzoom.com/contractor/california-solar-innovators-inc,California Solar Innovators | CA | Read Reviews + Get a Bid,"California Solar Innovators Inc, 580 N Wilma Ave, Ripon, CA (Employees: Jonathan David Jones and Jordan William Jones) holds a General Building, Electrical, ...",candidate_found,
1004246,CALIFORNIA SOLAR INTEGRATORS INC,Corporation,3574 RUFFIN RD,SAN DIEGO,CA,92123,San Diego,(800) 784 7612,06/05/2015,06/30/2027,B | C10 | C46,Workers' Compensation Insurance,SENTINEL INSURANCE COMPANY LTD,05/27/2027,CSLBSearchData_163505900.xlsx,"""CALIFORNIA SOLAR INTEGRATORS INC"" ""SAN DIEGO"" California solar contractor official website",glassdoor.com,"https://www.glassdoor.com/Overview/Working-at-CalSolar-EI_IE2968217.11,19.htm",Working at CalSolar,"Description California Solar Integrators, Inc. ... Founded in 2014 and headquartered in Los Angeles with locations in San Diego & Oakland, CA, Cal Solar Inc.",candidate_found,
1002971,CALIFORNIA SOLAR PARTNERS INC,Corporation,5236 WOODWELL COURT,ANTELOPE,CA,95843,Sacramento,(916) 834 7835,04/17/2015,04/30/2027,C46,Workers' Compensation Insurance,STATE COMPENSATION INSURANCE FUND,01/30/2027,CSLBSearchData_163505900.xlsx,"""CALIFORNIA SOLAR PARTNERS INC"" ""ANTELOPE"" California solar contractor official website",contractorlicenseproof.com,https://contractorlicenseproof.com/california/solar,Solar Contractors in California (C-46) | Contractor License Proof,"California Solar Partners Inc. C-46 · Antelope, CA. Licensed. Verified August 4, 2026 · Bonded · Celestial Solar & Water Systems Inc. C-46 · Las Vegas, NV.",candidate_found,
1103250,CALIFORNIA SOLAR PROS INC,Corporation,3308 ORANGE GROVE AVE,NORTH HIGHLANDS,CA,95660,Sacramento,(916) 544 0312,04/04/2023,04/30/2027,C10 | C46,Workers' Compensation Insurance,STARNET INSURANCE COMPANY,02/10/2027,CSLBSearchData_163505900.xlsx,"""CALIFORNIA SOLAR PROS INC"" ""NORTH HIGHLANDS"" California solar contractor official website",ru.scribd.com,https://ru.scribd.com/document/746633276/inbound3501281419727076426,Inbound 3501281419727076426 | PDF - Scribd,"1013 NICHOLS DR, ROCKLIN, CA 95765 (916) 408-6800 11/15/2024. GENERAL LIC23-001931 California Solar Pros Inc. 3308 Orange Grove Ave, North Highlands, CA 95662 ( ...",candidate_found,
1106843,CALLAHAN SOLAR SERVICES,Corporation,10703 S HWY 3,CALLAHAN,CA,96014,Siskiyou,(530) 925 9902,07/03/2023,07/31/2027,C46,Workers' Compensation Insurance,STATE COMPENSATION INSURANCE FUND,06/30/2027,CSLBSearchData_163528025.xlsx,"""CALLAHAN SOLAR SERVICES"" ""CALLAHAN"" California solar contractor official website",callahansolargov.com,https://callahansolargov.com/,CALLAHAN SOLAR SERVICES - Online Capabilities Statement,"Callahan Solar Services, founded in 2021 by William “Brent” Hilton, delivers tailored solar energy solutions built on more than 20 years of industry expertise.",candidate_found,
549715,CALPRO SOLAR,Sole Owner,PO BOX 155,BRENTWOOD,CA,94513,Contra Costa,(925) 420 1006,11/30/1988,02/29/2028,C39 | C46,Workers' Compensation Insurance,STATE COMPENSATION INSURANCE FUND,02/26/2027,CSLBSearchData_163342171.xlsx,"""CALPRO SOLAR"" ""BRENTWOOD"" California solar contractor official website",calprosolar.com,https://calprosolar.com/testimonials,Testimonials - CalProSolar,What people are saying. Find out why people love working with CalPro Solar. Contact us at (925) 420-1006 | Brentwood Office for your Free Quote today!,candidate_found,
989905,CANADAY ELECTRIC,Sole Owner,P O BOX 2001,MORRO BAY,CA,93443,San Luis Obispo,(805) 975 7739,01/15/2014,01/31/2028,C10 | C46,Workers' Compensation Insurance,STATE COMPENSATION INSURANCE FUND,06/29/2027,CSLBSearchData_163505900.xlsx,"""CANADAY ELECTRIC"" ""MORRO BAY"" California solar contractor official website",energy.ca.gov,https://www.energy.ca.gov/sites/default/files/2020-05/Cont-Retail_DB_Output-5_ADA_1.xlsx,Cont-Retail_DB_Output-5_ADA_1.xlsx,"... Canaday Electric, INC, 4025 Dry Creek Road, Paso Robles, CA 93446, 4025 Dry ... Morro Bay, CA 93442, 2460 Nutmeg Avenue, Morro Bay, CA 93442, 805-235-5521 ...",candidate_found,
1070873,CANCINO TONY,Sole Owner,212 S KRAEMER BLVD UNIT 808,PLACENTIA,CA,92870,Orange,(714) 631 6376,11/12/2020,11/30/2026,C46,Workers' Compensation Insurance,STATE COMPENSATION INSURANCE FUND,06/19/2027,CSLBSearchData_163444973.xlsx,"""CANCINO TONY"" ""PLACENTIA"" California solar contractor official website",,,,,no_official_domain_candidate,
824635,CAPITAL AIRE SYSTEMS,Corporation,3948 DUROCK ROAD,SHINGLE SPRINGS,CA,95682,El Dorado,(530) 626 0948,09/19/2003,07/31/2027,B | C10 | C20 | C46,Workers' Compensation Insurance,STATE COMPENSATION INSURANCE FUND,11/01/2026,CSLBSearchData_163342171.xlsx,"""CAPITAL AIRE SYSTEMS"" ""SHINGLE SPRINGS"" California solar contractor official website",capitalairesystems.com,https://capitalairesystems.com/,Capital Aire Systems Air Conditioner & Furnace Repair ...,Capital Aire Systems is a full service heating and air conditioning company serving Shingle Springs and the surrounding area. We service & repair all brands ...,candidate_found,
423462,CARNAHAN ELECTRIC LTD,Corporation,6125 ENTEPRISE DR STE 9,DIAMOND SPRINGS,CA,95619,El Dorado,(530) 642 2476,06/03/1982,06/30/2027,C10 | C46,Workers' Compensation Insurance,EMPLOYERS PREFERRED INSURANCE COMPANY,05/01/2027,CSLBSearchData_163342171.xlsx,"""CARNAHAN ELECTRIC LTD"" ""DIAMOND SPRINGS"" California solar contractor official website",thebluebook.com,https://www.thebluebook.com/iProView/316616/,"Carnahan Electric Ltd. - Diamond Springs, California | ProView","Our main lines of business include: Electrical Contractors, Generator Sets, Solar ... Carnahan Electric Ltd. Diamond Springs, CA 95619 ... Site Construction ...",candidate_found,
873578,CASTLE ROCK DESIGN AND DEVELOPMENT INC,Corporation,1185 OBRIEN DRIVE,MENLO PARK,CA,94025,San Mateo,(650) 327 3200,03/01/2006,03/31/2028,B | C-8 | C10 | C17 | C20 | C39 | C46,Workers' Compensation Insurance,STATE COMPENSATION INSURANCE FUND,01/01/2027,CSLBSearchData_163528025.xlsx,"""CASTLE ROCK DESIGN AND DEVELOPMENT INC"" ""MENLO PARK"" California solar contractor official website",statecreds.com,https://www.statecreds.com/license/ca/electrician/castle-rock-design-and-development-inc-873578,Castle Rock Design And Development INC — Licensed Electrician ...,"Castle Rock Design And Development INC is registered at an address in Menlo Park, San Mateo County, California per state licensing records. Address of ...",candidate_found,
968426,CASTLEBERRY HOME IMPROVEMENTS INC,Corporation,5925 LEWIS AVE,LONG BEACH,CA,90805,Los Angeles,(310) 291 3807,12/14/2011,03/31/2028,B | C46,Workers' Compensation Insurance,STATE COMPENSATION INSURANCE FUND,04/08/2027,CSLBSearchData_163412289.xlsx,"""CASTLEBERRY HOME IMPROVEMENTS INC"" ""LONG BEACH"" California solar contractor official website",findacontractorfast.com,https://findacontractorfast.com/states/california/index.html?trade_id=2,California - Find A Contractor Fast,"Long Beach, CA, 90808 · PRUDENCE INVESTMENTS CONTRACTORS INC GENERAL BUILDING ... CASTLEBERRY HOME IMPROVEMENTS INC GENERAL BUILDING, SOLAR Long Beach ...",candidate_found,
1043973,CASTONE ROOFING AND CONSTRUCTION INC,Corporation,1113 DAYTON AVE #8,CLOVIS,CA,93612,Fresno,(559) 840 5178,09/06/2018,09/30/2026,B | C39 | C46,Workers' Compensation Insurance,STATE COMPENSATION INSURANCE FUND,01/29/2027,CSLBSearchData_163342171.xlsx,"""CASTONE ROOFING AND CONSTRUCTION INC"" ""CLOVIS"" California solar contractor official website",m.castoneinc.com,https://m.castoneinc.com/commercial-roofing/metal-roofs,"Commercial Metal Roofs in Fresno and Clovis, CA","... Clovis, California 93612. (559) 840-5178 · www.castoneinc.com · Castone Roofing and Construction Inc BBB Business Review. ©2026, Castone Roofing & Construction.",candidate_found,
928270,CENTRAL VALLEY RETAIL & SECURITY SOLUTIONS,Corporation,"1945 N FINE AVE,SUITE 110",FRESNO,CA,93727,Fresno,(559) 230 2827,02/02/2009,02/28/2027,C-7 | C46,Workers' Compensation Insurance,HARTFORD CASUALTY INSURANCE COMPANY,09/17/2026,CSLBSearchData_163342171.xlsx,"""CENTRAL VALLEY RETAIL & SECURITY SOLUTIONS"" ""FRESNO"" California solar contractor official website",cv-rss.com,https://www.cv-rss.com/,Central Valley Retail & Security Solutions: Home,"Central Valley Retail & Security Solutions. 1945 N Fine Ave., Suite 110. Fresno 93727. 559 230-2827 · tech@cv-rss.com. © 2025 Central Valley Retail & Security ...",candidate_found,
1086347,CERTIFIED SOLAR PRO,Corporation,999 CORPORATE DRIVE STE 100,LADERA RANCH,CA,92694,Orange,(949) 872 5658,01/20/2022,01/31/2028,C46,Workers' Compensation Insurance,STATE COMPENSATION INSURANCE FUND,01/27/2027,CSLBSearchData_163444973.xlsx,"""CERTIFIED SOLAR PRO"" ""LADERA RANCH"" California solar contractor official website",selfgenca.com,https://www.selfgenca.com/documents/developer/approved,Approved SGIP Developer List,"... CA All,No,""Certified Solar Pro, Inc"",Ladera Ranch,CA 1 & 2 only,No,""Certified Solar Pros, Inc."",Ladera Ranch,CA All,No,Cervux Inc. DBA Cervus Construction ...",candidate_found,
720966,CHAVEZ GLENN CONSTRUCTION,Sole Owner,76621 RANCHITA CANYON RD,SAN MIGUEL,CA,93451,San Luis Obispo,(714) 308 3879,04/05/1996,04/30/2028,A | B | C36 | C46,Workers' Compensation Insurance,EMPLOYERS COMPENSATION INSURANCE COMPANY,02/01/2027,CSLBSearchData_163505900.xlsx,"""CHAVEZ GLENN CONSTRUCTION"" ""SAN MIGUEL"" California solar contractor official website",,,,,no_official_domain_candidate,
1062535,CHICO SOLAR WORKS,Corporation,3030 THORNTREE DR #2,CHICO,CA,95973,Butte,(530) 892 2385,01/22/2020,01/31/2028,C46,Workers' Compensation Insurance,NATIONAL CASUALTY COMPANY,09/01/2026,CSLBSearchData_163342171.xlsx,"""CHICO SOLAR WORKS"" ""CHICO"" California solar contractor official website",chicosolarworks.com,https://chicosolarworks.com/,Chico Solar Works,Bill Crane's Solar Works and Chico Roofing Company are your local source for turnkey solar energy systems and roofs that will last as long as your solar system.,candidate_found,
512482,CIENAGA SERVICES INC,Corporation,P O BOX 2035,PISMO BEACH,CA,93448,San Luis Obispo,(805) 481 5310,06/16/1987,07/31/2027,C10 | C20 | C36 | C46,Workers' Compensation Insurance,STATE COMPENSATION INSURANCE FUND,01/01/2027,CSLBSearchData_163505900.xlsx,"""CIENAGA SERVICES INC"" ""PISMO BEACH"" California solar contractor official website",energy.ca.gov,https://www.energy.ca.gov/sites/default/files/2020-05/Cont-Retail_DB_Output-5_ADA_1.xlsx,Cont-Retail_DB_Output-5_ADA_1.xlsx,"... Cienaga Services, Inc. Cienaga Solar, 561 Windermere Lane, Arroyo Grande, CA ... Pismo Beach, CA 93449, 123 Seacliff, Pismo Beach, CA 93449, 805-550-8516 ...",candidate_found,
976065,CINNAMON ENERGY SYSTEMS INC,Corporation,809 UNIVERSITY AVE,LOS GATOS,CA,95032,Santa Clara,(408) 883 7000,08/24/2012,08/31/2028,B | C10 | C20 | C46,Workers' Compensation Insurance,STATE COMPENSATION INSURANCE FUND,04/16/2027,CSLBSearchData_163528025.xlsx,"""CINNAMON ENERGY SYSTEMS INC"" ""LOS GATOS"" California solar contractor official website",bebee.com,https://bebee.com/us/jobs/hvac-sales-design-consultant-cinnamon-energy-systems-inc-los-gatos-ca--t7xk-799429536,HVAC Sales Design Consultant - Cinnamon Energy ...,"... Design Consultant. Design. Cinnamon Energy Systems, Inc. Los Gatos, United States $5,833 - $7,917 /month 1 weeks ago Until 10/11/2026. Full time On-site. Save",candidate_found,
701434,CIS ROOFING,Corporation,23052 ALICIA PKWY H374,MISSION VIEJO,CA,92692,Orange,(714) 867 9178,01/18/1995,01/31/2027,C39 | C46,Workers' Compensation Insurance,BERKSHIRE HATHAWAY HOMESTATE INSURANCE COMPANY,01/01/2027,CSLBSearchData_163444973.xlsx,"""CIS ROOFING"" ""MISSION VIEJO"" California solar contractor official website",projects.constructconnect.com,https://projects.constructconnect.com/companies/2210245-cis-roofing&find_loc=CA-92692,CIS Roofing - Construction Projects - ConstructConnect,BLOCK PAGE!!! California (CA). > Mission Viejo. > 92692. CIS Roofing. Get Full Details. Privately Funded. Bidding Soon. Documents Available. Publicly Funded.,candidate_found,
647149,CITADEL ROOFING AND SOLAR,Corporation,761 EUBANKS DR,VACAVILLE,CA,95688,Solano,(707) 446 5500,06/09/1992,07/31/2027,B | C-2 | C10 | C39 | C46,Workers' Compensation Insurance,ARCH INDEMNITY INSURANCE COMPANY,06/01/2027,CSLBSearchData_163528025.xlsx,"""CITADEL ROOFING AND SOLAR"" ""VACAVILLE"" California solar contractor official website",citadelrs.com,https://citadelrs.com/,Citadel Roofing & Solar – Top-Rated Installer in California,"Awesome job... we recommend Citadel completely!” Tom MVacaville, CA ... Citadel Roofing and Solar to anyone who is interested in doing Solar.",candidate_found,
924297,CLEAN POWER GROUP INC,Corporation,19209 PARTHENIA ST UNIT A,NORTHRIDGE,CA,91324,Los Angeles,(818) 741 8341,10/28/2008,02/28/2027,B | C10 | C20 | C39 | C46,Workers' Compensation Insurance,STATE COMPENSATION INSURANCE FUND,05/07/2027,CSLBSearchData_163412289.xlsx,"""CLEAN POWER GROUP INC"" ""NORTHRIDGE"" California solar contractor official website",solarpowerworldonline.com,https://www.solarpowerworldonline.com/suppliers/clean-power-group/,Clean Power Group,"Clean Power Group. Clean Power Group. Northridge, California Year Founded ... Clean Power Group Inc. has been providing exceptional services since 2008 ...",candidate_found,
1054822,CLEAN POWER SOLAR,Sole Owner,17305 SANTA ROSA MINE RD,PERRIS,CA,92570,Riverside,(909) 602 7329,06/18/2019,06/30/2027,C46,Workers' Compensation Insurance,PIE INSURANCE COMPANY (THE),02/13/2027,CSLBSearchData_163505900.xlsx,"""CLEAN POWER SOLAR"" ""PERRIS"" California solar contractor official website",bidroom.io,https://bidroom.io/c/ca/perris/solar/clean-power-solar--00037269,"Clean Power Solar — Solar in Perris, CA | Bidroom","Clean Power Solar is a solar contractor serving Perris, California. License records, service area, and how to claim this profile.",candidate_found,
910460,CLEANTECH ENERGY SOLUTIONS INC,Corporation,3784 MISSION AVENUE #148-337,OCEANSIDE,CA,92058,San Diego,(760) 744 1001,02/08/2008,02/29/2028,C46,Workers' Compensation Insurance,STATE COMPENSATION INSURANCE FUND,02/01/2027,CSLBSearchData_163505900.xlsx,"""CLEANTECH ENERGY SOLUTIONS INC"" ""OCEANSIDE"" California solar contractor official website",cleantechenergysolutionsca.com,https://www.cleantechenergysolutionsca.com/about-us,About Cleantech Solar Oceanside CA,CleanTech Energy Solutions Inc proudly serves homeowners and businesses in Oceanside and communities throughout San Diego County. Our local presence allows us ...,candidate_found,
1038414,COACHELLA VALLEY SOLAR INC,Corporation,53839 SLATE DRIVE,COACHELLA,CA,92236,Riverside,(760) 391 1001,04/20/2018,04/30/2028,C46,Workers' Compensation Insurance,STATE COMPENSATION INSURANCE FUND,11/21/2026,CSLBSearchData_163505900.xlsx,"""COACHELLA VALLEY SOLAR INC"" ""COACHELLA"" California solar contractor official website",solarnearme.us.com,https://solarnearme.us.com/solar-companies/california/coachella/,"Top Solar Companies in Coachella, CA","Compare top-rated solar companies in Coachella, California. View ... Coachella valley solar inc. 5.0 (17 reviews). phone+1 760 ...",candidate_found,
820697,COBALT POWER SYSTEMS INC,Corporation,2557 WYANDOTTE ST,MOUNTAIN VIEW,CA,94043,Santa Clara,(650) 938 9574,06/12/2003,06/30/2027,C46,Workers' Compensation Insurance,CYPRESS INSURANCE COMPANY,10/01/2026,CSLBSearchData_163528025.xlsx,"""COBALT POWER SYSTEMS INC"" ""MOUNTAIN VIEW"" California solar contractor official website",cobaltpower.com,https://www.cobaltpower.com/service-areas/mountain-view/,Mountain View Solar Panel Company,"If you are looking for a reliable solar technician in Mountain View, CA, look no further than Cobalt Power Systems Inc. Contact us today at 650-817-7791 or ...",candidate_found,
1108780,CODE 4 ROOFING SPECIALIST LLC,Limited Liability,340 E 25TH ST,UPLAND,CA,91784,San Bernardino,(626) 824 1843,08/15/2023,02/29/2028,B | C39 | C46,Workers' Compensation Insurance,MIDWEST EMPLOYERS CASUALTY COMPANY,08/03/2027,CSLBSearchData_163505900.xlsx,"""CODE 4 ROOFING SPECIALIST LLC"" ""UPLAND"" California solar contractor official website",owenscorning.com,https://www.owenscorning.com/en-us/roofing/contractors/locations/ca/lytle-creek,Independent Roofing Contractors Near Me,"Riverside, CA. (951) 435-2480|Website · High Desert Roofing LLC. Phelan, CA. (949) 866-7384 · CODE 4 ROOFING SPECIALIST LLC. Upland, CA. (626) 824-1843|Website ...",candidate_found,
768923,COMFORT DYNAMICS INC,Corporation,823 ESTABROOK STREET,SAN LEANDRO,CA,94577,Alameda,(510) 352 8501,09/17/1999,09/30/2027,C20 | C36 | C46,Workers' Compensation Insurance,EMPLOYERS PREFERRED INSURANCE COMPANY,02/19/2027,CSLBSearchData_163342171.xlsx,"""COMFORT DYNAMICS INC"" ""SAN LEANDRO"" California solar contractor official website",buildzoom.com,https://www.buildzoom.com/contractor/comfort-dynamics-inc,Comfort Dynamics | San Leandro | Read Reviews + Get a Bid,"Comfort Dynamics Inc in San Leandro, CA | Photos | Reviews | 55 building permits for $149600. Recent work: Work category: 2pa; replacing a gas regulator.",candidate_found,
858776,COMFORT ENERGY INC,Corporation,1465 N MILPITAS BLVD,MILPITAS,CA,95035,Santa Clara,(408) 263 3100,05/14/2005,01/31/2028,C-4 | C10 | C20 | C46,Workers' Compensation Insurance,TECHNOLOGY INSURANCE COMPANY INC,04/01/2027,CSLBSearchData_163528025.xlsx,"""COMFORT ENERGY INC"" ""MILPITAS"" California solar contractor official website",comfortenergy.com,https://www.comfortenergy.com/,"Comfort Energy, Inc.: HVAC Company in San Jose","Comfort Energy, Inc. Contact 408-560-4050. Address. 1465 N. Milpitas Blvd Milpitas, CA 95035. Map & Directions. Hours. Monday - Friday 7am ...",candidate_found,
552144,COMFORT SYSTEMS CONSTRUCTION INC,Corporation,1520 W EL CAMINO AVE 249,SACRAMENTO,CA,95833,Sacramento,(916) 929 1170,12/28/1988,05/31/2028,B | C10 | C20 | C46,Workers' Compensation Insurance,NORGUARD INSURANCE COMPANY,02/15/2027,CSLBSearchData_163505900.xlsx,"""COMFORT SYSTEMS CONSTRUCTION INC"" ""SACRAMENTO"" California solar contractor official website",homequotr.com,https://homequotr.com/contractors/solar/sacramento,"Solar Contractors in Sacramento, California | HomeQuotr","Solar Contractors in Sacramento ; BARNUM & CELILLO ELECTRIC INC, 599724, C-46 ; BRIGHTON SOLAR INC, 1055369, C-46 ; COMFORT SYSTEMS CONSTRUCTION INC, 552144, C-46 ...",candidate_found,
1108378,COMPETITIVE CHOICE SOLAR,Sole Owner,6652 RYAN PARK CT,BAKERSFIELD,CA,93311,Kern,(661) 742 0240,08/08/2023,08/31/2027,B | C46,Workers' Compensation Insurance,STATE COMPENSATION INSURANCE FUND,01/01/2027,CSLBSearchData_163412289.xlsx,"""COMPETITIVE CHOICE SOLAR"" ""BAKERSFIELD"" California solar contractor official website",bakersfieldschoice.com,https://bakersfieldschoice.com/listing-category/home-garden/home-improvement/,Home Improvement - Bakersfield's Choice,"A family owned company headquartered in Bakersfield, California. Our ... Competitive Choice Solar. Have you received an outrageous quote for solar ...",candidate_found,
1114705,CONNOR ENERGY SERVICES,Corporation,13590 FALLHAVEN ROAD,SAN DIEGO,CA,92129,San Diego,(858) 337 4022,01/08/2024,01/31/2028,C46,Workers' Compensation Insurance,STATE COMPENSATION INSURANCE FUND,01/03/2027,CSLBSearchData_163505900.xlsx,"""CONNOR ENERGY SERVICES"" ""SAN DIEGO"" California solar contractor official website",contractorlicenseproof.com,https://contractorlicenseproof.com/california/solar/san-diego,"Solar Contractors in San Diego, CA (C-46) | Contractor License Proof","Now Go Solar Inc. C-46 · San Diego, CA. License suspended. Verified August 4, 2026 · Bonded · Connor Energy Services. C-46 · San Diego, CA. Licensed. Verified ...",candidate_found,
1010440,CONTROLLED ENVIRONMENT HVAC INC,Corporation,1904 BROADVIEW DRIVE,GLENDALE,CA,91208,Los Angeles,(818) 541 0920,01/20/2016,01/31/2028,C20 | C46,Workers' Compensation Insurance,NATIONAL CASUALTY COMPANY,08/01/2027,CSLBSearchData_163412289.xlsx,"""CONTROLLED ENVIRONMENT HVAC INC"" ""GLENDALE"" California solar contractor official website",data.lacity.org,https://data.lacity.org/api/views/viag-qcmt/rows.rdf?accessType=DOWNLOAD,Untitled,... GLENDALE CA C36 254678 MICHAEL CHARLES DAVIS 2018-02-28T00:00:00 JIM FLOWER ... CONTROLLED ENVIRONMENT HVAC INC 1904 BROADVIEW DRIVE GLENDALE CA C20 ...,candidate_found,
996520,COOL EARTH SOLAR DEVELOPMENT LLC,Limited Liability,3542 S HIGHWAY 99 SUITE B,STOCKTON,CA,95215,San Joaquin,(925) 223 8547,09/08/2014,09/30/2026,C10 | C46,Workers' Compensation Insurance,STATE COMPENSATION INSURANCE FUND,04/30/2027,CSLBSearchData_163505900.xlsx,"""COOL EARTH SOLAR DEVELOPMENT LLC"" ""STOCKTON"" California solar contractor official website",selfgenca.com,https://www.selfgenca.com/documents/developer/approved,Approved SGIP Developer List,"... Cool Earth Solar Development LLC,Stockton,CA All,No,Cool Electric Inc,Cool,CA All,No,Cooperative Community Energy Corp.,San Rafael,CA All,No,Corda Solar LLC ...",candidate_found,
1019424,CORDA SOLAR LLC,Limited Liability,59 SILVERBIRCH LANE,DANVILLE,CA,94506,Contra Costa,(925) 725 6622,10/17/2016,10/31/2026,C10 | C46,Workers' Compensation Insurance,STATE COMPENSATION INSURANCE FUND,04/19/2027,CSLBSearchData_163342171.xlsx,"""CORDA SOLAR LLC"" ""DANVILLE"" California solar contractor official website",cordasolar.com,https://cordasolar.com/about/,About Corda Solar | Locally Owned Solar + Battery Installer ...,"The company is renamed to Corda Solar, LLC, and moves to Danville. The company ends joint operations with Sky Power Systems.",candidate_found,
1042269,CORE ENERGY GROUP INC,Corporation,28 N 1ST STREET SUITE 804,SAN JOSE,CA,95113,Santa Clara,(408) 767 1213,07/25/2018,07/31/2028,C46,Workers' Compensation Insurance,MIDWEST EMPLOYERS CASUALTY COMPANY,07/01/2027,CSLBSearchData_163528025.xlsx,"""CORE ENERGY GROUP INC"" ""SAN JOSE"" California solar contractor official website",network.procore.com,https://network.procore.com/us/ca/redwoodcity/electrical?page=3,"Electrical Contractors in Redwood City, CA","San Jose, CA. General Contractor, Specialty ... Solar Freedom USA is a Specialty Contractor that serves the La Habra, CA ... Core Energy Group, Inc. Borrego Springs ...",candidate_found,
749743,CORNERSTONE TECHNOLOGIES INC,Corporation,100 OCEANGATE SUITE 520,LONG BEACH,CA,90802,Los Angeles,(562) 494 9465,05/20/1998,05/31/2028,A | C46 | HAZ,Workers' Compensation Insurance,STATE COMPENSATION INSURANCE FUND,09/01/2026,CSLBSearchData_163412289.xlsx,"""CORNERSTONE TECHNOLOGIES INC"" ""LONG BEACH"" California solar contractor official website",california.bizhwy.com,https://california.bizhwy.com/businesses.php?c=339,Family-Owned Businesses - California Business Directory,"website. Cornerstone Technologies, Inc. 100 Oceangate, Suite 410. Long Beach, California 90802. Phone: 562-494-9465. Email Cornerstone Technologies, Inc. Locate ...",candidate_found,
1062520,CORONEL SOLAR,Sole Owner,2605 CEANOTHUS AVE,CHICO,CA,95973,Butte,(530) 513 3137,01/21/2020,01/31/2028,C46,Workers' Compensation Insurance,STATE COMPENSATION INSURANCE FUND,09/26/2026,CSLBSearchData_163342171.xlsx,"""CORONEL SOLAR"" ""CHICO"" California solar contractor official website",coronelsolarchico.com,https://www.coronelsolarchico.com/,Solar Company | Coronel Solar Chico | United States,"Coronel Solar Solar Installation and Services Locally and Family owned. ... Coronel Solar, Chico CA. coronelsolar@gmail.com. Call or text at: (530)-513 ...",candidate_found,
831831,COSMIC SOLAR INC,Corporation,943 POINSETTIN AVE #401,VISTA,CA,92081,San Diego,(760) 749 1111,02/04/2004,03/31/2027,B | C10 | C39 | C46,Workers' Compensation Insurance,STATE COMPENSATION INSURANCE FUND,03/01/2027,CSLBSearchData_163505900.xlsx,"""COSMIC SOLAR INC"" ""VISTA"" California solar contractor official website",cosmicsolar.com,https://www.cosmicsolar.com/,Solar Systems | Cosmic Solar & Roofing | San Diego,"Cosmic Solar, Inc. provides Solar Energy Solutions to Homes and Businesses ... Vista, CA 92081. (760) 749-1111 · info@cosmicsolar.com. CSLB #831831. A tesla ...",candidate_found,
1046094,COURVILLE COLTON,Sole Owner,23629 BADGER CREEK LANE,MENIFEE,CA,92587,Riverside,(951) 453 5286,10/24/2018,10/31/2026,C46,Workers' Compensation Insurance,STATE COMPENSATION INSURANCE FUND,12/19/2026,CSLBSearchData_163505900.xlsx,"""COURVILLE COLTON"" ""MENIFEE"" California solar contractor official website",zerofi.ai,https://www.zerofi.ai/pro/courville-colton-menifee-ca-affab416-d6f5-4bef-acd1-a887da9b94e6,"Courville Colton - Solar installer in Menifee, CA | ZeroFi","Courville Colton is a licensed solar installer in Menifee, CA. License #1046094, verified active. (951) 453 5286 23629 Badger Creek Lane, ...",candidate_found,
174637,CUPERTINO ELECTRIC INC,Corporation,1132 NORTH 7TH STREET,SAN JOSE,CA,95112,Santa Clara,(408) 808 8000,04/21/1958,08/31/2028,A | B | C10 | C46,Workers' Compensation Insurance,OLD REPUBLIC INSURANCE COMPANY,06/01/2027,CSLBSearchData_163528025.xlsx,"""CUPERTINO ELECTRIC INC"" ""SAN JOSE"" California solar contractor official website",cei.com,https://www.cei.com/contact,Contact Us,"Cupertino Electric, Inc. 1132 North Seventh Street. San Jose, CA 95112. Phone: 1-(877)-747-4CEI. Fax: 408-275-8575. Email: info@cei.com.",candidate_found,
1045016,CURRENT HOME SOLAR,Corporation,7100 W FLORIDA AVE,HEMET,CA,92545,Riverside,(951) 215 6799,09/28/2018,09/30/2026,B | C10 | C20 | C39 | C46,Workers' Compensation Insurance,ZURICH AMERICAN INSURANCE COMPANY,10/01/2026,CSLBSearchData_163505900.xlsx,"""CURRENT HOME SOLAR"" ""HEMET"" California solar contractor official website",currenthome.com,https://www.currenthome.com/,Current Home Solar - Home Solar Installation in CA & FL,"We make switching to solar simple and worry-free. Take Charge Now. Contact Us. Current Home Solar 7100 W Florida Ave Hemet, CA 92545. CLSB : # 1045016 · info ...",candidate_found,
1010027,CURTISS SOLAR ENERGY GROUP,Corporation,930 THOMAS AVE #12,SAN DIEGO,CA,92109,San Diego,(619) 743 9661,12/29/2015,12/31/2027,C10 | C46,Workers' Compensation Insurance,MIDWEST EMPLOYERS CASUALTY COMPANY,02/21/2027,CSLBSearchData_163505900.xlsx,"""CURTISS SOLAR ENERGY GROUP"" ""SAN DIEGO"" California solar contractor official website",ellahienergy.com,https://ellahienergy.com/,Curtis Energy – Simple and Affordable Solar Power Solutions,"Servicing Southern California for over 5 years, Curtiss Solar Energy Group ... The ChristysSan diego, CA. The Christys. “The experience we had with Curtiss ...",candidate_found,
1112748,D A C ENTERPRISES LLC,Limited Liability,4005 SKYLINE RD,CARLSBAD,CA,92008,San Diego,(760) 822 8011,11/15/2023,11/30/2027,B | C46,Workers' Compensation Insurance,STATE COMPENSATION INSURANCE FUND,11/03/2026,CSLBSearchData_163505900.xlsx,"""D A C ENTERPRISES LLC"" ""CARLSBAD"" California solar contractor official website",selfgenca.com,https://www.selfgenca.com/documents/developer/approved,Approved SGIP Developer List,"... Carlsbad Solar Corporation,Carlsbad,CA All,No,""Catalyze Holdings, LLC ... DAC Enterprises LLC,Carlsbad,CA All,No,Dampier Electric,Paso Robles,CA All,No ...",candidate_found,
928315,D G HEATING AND AIR CONDITIONING,Sole Owner,1040 COMMERCIAL ST STE 104,SAN JOSE,CA,95112,Santa Clara,(408) 201 9411,02/03/2009,02/28/2027,C20 | C46,Workers' Compensation Insurance,TECHNOLOGY INSURANCE COMPANY INC,07/16/2026,CSLBSearchData_163528025.xlsx,"""D G HEATING AND AIR CONDITIONING"" ""SAN JOSE"" California solar contractor official website",dgheatingandair.com,https://www.dgheatingandair.com/,"HVAC Contractor | DG Heating & Air | San Jose, CA",I used DG Heating and Air Conditioning (San Jose CA) for my recent install of air conditioning at my home near Redwood City. I got three other quotes for ...,candidate_found,
1035345,D G HEATING AND AIR CONDITIONING INC,Corporation,1040 COMMERCIAL ST STE 104,SAN JOSE,CA,95112,Santa Clara,(408) 201 9411,01/30/2018,01/31/2028,C10 | C20 | C46,Workers' Compensation Insurance,INDEMNITY INSURANCE COMPANY OF NORTH AMERICA,10/01/2026,CSLBSearchData_163528025.xlsx,"""D G HEATING AND AIR CONDITIONING INC"" ""SAN JOSE"" California solar contractor official website",network.procore.com,https://network.procore.com/us/ca/monte-sereno?types=specialty-contractors,"Specialty Contractors in Monte Sereno, CA","DG Heating and Air Conditioning Inc ... DG Heating and Air Conditioning Inc is a Specialty Contractor that serves the San Jose, CA area and specializes in Heating ...",candidate_found,
728118,D K ENVIRONMENTAL,Corporation,3527 MT DIABLO BLVD #306,LAFAYETTE,CA,94549,Contra Costa,(925) 930 8600,09/27/1996,08/31/2027,A | B | C27 | C46 | D12 | D34,Workers' Compensation Insurance,STATE COMPENSATION INSURANCE FUND,09/05/2026,CSLBSearchData_163342171.xlsx,"""D K ENVIRONMENTAL"" ""LAFAYETTE"" California solar contractor official website",chwmeg.org,https://chwmeg.org/results.asp?sort=name&sel=All,Facility Search Results - CHWMEG,"DK Environmental (D/KE), Vernon, CA, USA, |2003| · DLD Environmental Services ... Lafayette, LA, USA, |2025| |2024| |2022| |2019| |2017| |2014| |2013| |2011 ...",candidate_found,
861505,D S C M INC,Corporation,745 ALEGRE RD,EL CAJON,CA,92019,San Diego,(619) 987 0029,07/19/2005,07/31/2027,A | B | C46,Workers' Compensation Insurance,STATE COMPENSATION INSURANCE FUND,08/01/2027,CSLBSearchData_163505900.xlsx,"""D S C M INC"" ""EL CAJON"" California solar contractor official website",orangebook.com,https://www.orangebook.com/biz/12632/dscm-inc,"Dscm Inc - El Cajon, CA - Orange Book","Dscm Inc logo. Dscm Inc. Contractors - General. Address: 745 Alegre Rd El Cajon, CA. Phone: (619) 312-1715. Website: https://dscminc.com/ · Website Call Get ...",candidate_found,
1145139,D3 ENERGY LLC,Limited Liability,3130 TICE CREEK WAY,SACRAMENTO,CA,95833,Sacramento,(919) 306 7931,10/17/2025,10/31/2027,B | C10 | C46,Workers' Compensation Insurance,NATIONAL CASUALTY COMPANY,09/19/2026,CSLBSearchData_163505900.xlsx,"""D3 ENERGY LLC"" ""SACRAMENTO"" California solar contractor official website",homequotr.com,https://homequotr.com/contractors/solar/sacramento,"Solar Contractors in Sacramento, California | HomeQuotr","Solar Contractors in Sacramento ; D3 ENERGY LLC, 1145139, C-46 ; ENABLE ENERGY, 990593, C-46 ; FINEGRIT LLC, 1145859, C-46 ; H-BAR OMEGA SOLAR, 1064519, C-46 ...",candidate_found,
552769,DANLIN CORPORATION,Corporation,1372 SEACOAST DR #A,IMPERIAL BEACH,CA,91932,San Diego,(415) 462 4742,01/05/1989,05/31/2027,B | C33 | C46,Workers' Compensation Insurance,STATE COMPENSATION INSURANCE FUND,05/13/2027,CSLBSearchData_163505900.xlsx,"""DANLIN CORPORATION"" ""IMPERIAL BEACH"" California solar contractor official website",,,,,no_official_domain_candidate,
987896,DAY ONE SOLAR INC,Corporation,387 CORAL ST,SANTA CRUZ,CA,95060,Santa Cruz,(831) 687 8097,10/23/2013,10/31/2027,B | C10 | C46,Workers' Compensation Insurance,CAROLINA CASUALTY INSURANCE COMPANY,11/02/2026,CSLBSearchData_163528025.xlsx,"""DAY ONE SOLAR INC"" ""SANTA CRUZ"" California solar contractor official website",day1solar.com,https://day1solar.com/,Day One Solar: Central Coast & Santa Cruz Solar Company,"Day One Solar is a locally-owned, top-rated solar installer and renewable energy provider serving Central Coast & Santa Cruz solar and battery customers.",candidate_found,
903293,DAYLIGHT SOLAR ENERGY CORP,Corporation,3281 E GUASTI RD STE 700,ONTARIO,CA,91761,San Bernardino,(626) 826 3832,09/11/2007,12/31/2027,B | C10 | C46,Workers' Compensation Insurance,PIE INSURANCE COMPANY (THE),04/15/2027,CSLBSearchData_163505900.xlsx,"""DAYLIGHT SOLAR ENERGY CORP"" ""ONTARIO"" California solar contractor official website",homeguide.com,https://homeguide.com/ca/riverside/solar-panel-installation/,"The 10 Best Solar Panel Installers in Riverside, CA (2026)","Serves Riverside, CA. Daylight Solar Energy Corp., founded in 2014, is a trusted provider of solar energy solutions in Ontario, CA, and surrounding areas.",candidate_found,
1069859,DAYSTAR SOLAR,Limited Liability,4366 MALANA WAY,RANCHO CORDOVA,CA,95742,Sacramento,(510) 367 7632,10/14/2020,10/31/2026,C46,Workers' Compensation Insurance,STATE COMPENSATION INSURANCE FUND,04/11/2027,CSLBSearchData_163505900.xlsx,"""DAYSTAR SOLAR"" ""RANCHO CORDOVA"" California solar contractor official website",gsa.acgov.org,https://gsa.acgov.org/do-business-with-us/county-of-alameda-qualified-contractors-list/,County of Alameda Qualified Contractors List,"Business Address (City):Rancho Cordova,. Business Address (State):CA ... Contractor's DBA Name (if applicable):Daystar Solar. Business Address (Street): ...",candidate_found,
683104,DEHARO CONSTRUCTION INC,Corporation,6411 BRISA ST,LIVERMORE,CA,94550,Alameda,(925) 606 8634,12/29/1993,04/30/2028,B | C46,Workers' Compensation Insurance,EVEREST PREMIER INSURANCE COMPANY,06/27/2027,CSLBSearchData_163342171.xlsx,"""DEHARO CONSTRUCTION INC"" ""LIVERMORE"" California solar contractor official website",buildzoom.com,https://www.buildzoom.com/contractor/deharo-construction-inc,Deharo Construction | Livermore | Read Reviews + Get a Bid,"From BuildZoom: Deharo Construction Inc, 6411 Brisa St, Livermore, CA (Employees: Dustin Matthew Prusso, Emily Anne Prusso, and Scott Richard Prusso) holds ...",candidate_found,
1131922,DEL SUR ENERGY,Corporation,15912 HOPPER LANE,SAN DIEGO,CA,92127,San Diego,(858) 382 4867,01/21/2025,01/31/2027,B | C10 | C46,Workers' Compensation Insurance,EMPLOYERS COMPENSATION INSURANCE COMPANY,01/01/2027,CSLBSearchData_163505900.xlsx,"""DEL SUR ENERGY"" ""SAN DIEGO"" California solar contractor official website",delsurenergy.net,https://www.delsurenergy.net/,Home | Del Sur Energy l Solar Installation,"Del Sur Energy: 15+ years of expertise in solar, storage, and EV charging solutions ... Their attention to detail is unmatched!"" Broc M, San Diego. Del Sur Energy ...",candidate_found,
1064475,DESERT CLEAN ENERGY,Corporation,16250 ROCKY GLEN RD,PERRIS,CA,92570,Riverside,(951) 901 0653,03/18/2020,10/31/2026,C46,Workers' Compensation Insurance,STATE COMPENSATION INSURANCE FUND,07/15/2026,CSLBSearchData_163505900.xlsx,"""DESERT CLEAN ENERGY"" ""PERRIS"" California solar contractor official website",tbdsolar.com,https://tbdsolar.com/,The Big Deal Solar Inc.: Solar Panel Sales and Installation Company in ...,"... Solar INC Dba Desert Clean Energy. 16250 Rocky Glen Road,. Perris, CA, 92570,. United States. 19519010653 Desiree@tbdsolar.com. Hours. Mon 8AM-5PM. Tue 8AM-5PM.",candidate_found,
454228,DIABLO SOLAR SERVICES INC,Corporation,1990 OLIVERA ROAD SUITE A,CONCORD,CA,94520,Contra Costa,(925) 313 0600,03/29/1984,03/31/2028,C10 | C46,Workers' Compensation Insurance,CAROLINA CASUALTY INSURANCE COMPANY,03/01/2027,CSLBSearchData_163342171.xlsx,"""DIABLO SOLAR SERVICES INC"" ""CONCORD"" California solar contractor official website",skilledtrades.com,https://www.skilledtrades.com/es/companies/24815/jobs,"Diablo Solar Services, Inc. Jobs - SkilledTrades.com","Find 1 open skilled trades and construction jobs at Diablo Solar Services, Inc ... Concord, CA office as well. Duties will include: * Installation and service ...",candidate_found,
1076337,DIAMOND SOLAR SOLUTIONS INC,Corporation,P O BOX 1913,DIAMOND SPRINGS,CA,95619,El Dorado,(530) 363 8112,05/28/2021,04/30/2028,C10 | C46,Workers' Compensation Insurance,STATE COMPENSATION INSURANCE FUND,06/16/2027,CSLBSearchData_163342171.xlsx,"""DIAMOND SOLAR SOLUTIONS INC"" ""DIAMOND SPRINGS"" California solar contractor official website",diamondsolar4u.com,https://www.diamondsolar4u.com/,Diamond Solar Solutions | Solar Panel Battery Storage ...,"As a trusted solar contractor in El Dorado County, Diamond Solar Solutions, Inc. ... El Dorado County, CA - Pollock Pines, Camino, Placerville, Diamond Springs ...",candidate_found,
1086821,DISCOUNTED SOLAR,Sole Owner,7841 HIGHWAY 3,HAYFORK,CA,96041,Trinity,(805) 888 9394,02/01/2022,02/29/2028,C46,Workers' Compensation Insurance,STATE COMPENSATION INSURANCE FUND,07/01/2027,CSLBSearchData_163547774.xlsx,"""DISCOUNTED SOLAR"" ""HAYFORK"" California solar contractor official website",,,,,no_official_domain_candidate,
867376,DOLLENS ELECTRIC INC,Corporation,3591 PINE RIDGE WAY,SAN JOSE,CA,95127,Santa Clara,(408) 929 6100,11/09/2005,11/30/2027,B | C10 | C46,Workers' Compensation Insurance,HARTFORD CASUALTY INSURANCE COMPANY,10/10/2026,CSLBSearchData_163528025.xlsx,"""DOLLENS ELECTRIC INC"" ""SAN JOSE"" California solar contractor official website",reviews.birdeye.com,https://reviews.birdeye.com/dollens-electric-inc-144378516620123?page=10,"Dollens Electric, Inc. - 110 Reviews - Electricians in San Jose, CA ...","Read 110 customer reviews of Dollens Electric, Inc., one of the best Electricians businesses at 3591 Pine Ridge Way, San Jose, CA 95127 United States.",candidate_found,
504407,DUCHARME CONSTRUCTION,Sole Owner,P O BOX 2651,SAN ANSELMO,CA,94979,Marin,(415) 420 9150,01/22/1987,01/31/2027,B | C10 | C46,Workers' Compensation Insurance,STATE COMPENSATION INSURANCE FUND,10/12/2026,CSLBSearchData_163444973.xlsx,"""DUCHARME CONSTRUCTION"" ""SAN ANSELMO"" California solar contractor official website",sanan-trk.aspgov.com,https://sanan-trk.aspgov.com/eTRAKiT/login.aspx?lt=either&rd=~/ProjectApplication/step1.aspx,eTRAKiT - IIS Windows Server,"DUCHARME CONSTRUCTION, DUCOR PLUMBING, DUCT CARE SERVICES, DUFFY CONSTRUCTION, DUFFY ... 525 San Anselmo Avenue Town of San Anselmo, CA 94960. HOME | CONTACT.",candidate_found,
1006299,DYNAMIC SOLAR,Sole Owner,944 WINDSONG CT,DIAMOND BAR,CA,91765,Los Angeles,(909) 573 6919,08/11/2015,08/31/2027,C10 | C46,Workers' Compensation Insurance,STATE COMPENSATION INSURANCE FUND,03/18/2027,CSLBSearchData_163412289.xlsx,"""DYNAMIC SOLAR"" ""DIAMOND BAR"" California solar contractor official website",docs.cpuc.ca.gov,https://docs.cpuc.ca.gov/PublishedDocs/Efile/G000/M488/K537/488537895.PDF,[PDF] testimony of professor jacob (jack) brouwer regarding benefits of fuel cell,"Maclay, J.D., Brouwer, J., Samuelsen, G.S., and J. Morrison, “Experiences with Dynamic Fuel. Cell Operation and Dynamic Solar Hydrogen ...",candidate_found,
794674,E L B A C,Sole Owner,"420 N MCKINLEY STREET,111-510",CORONA,CA,92879,Riverside,(855) 884 6782,05/03/2001,05/31/2027,C-7 | C39 | C46,Workers' Compensation Insurance,STARNET INSURANCE COMPANY,06/28/2027,CSLBSearchData_163505900.xlsx,"""E L B A C"" ""CORONA"" California solar contractor official website",elbacroofing.com,https://elbacroofing.com/,"Elbac Roofing: Licensed Roofing Contractor in Riverside, CA",Skip to content. Elbac Roofing. AWARD-WINNING ROOFING IN SOUTHERN CALIFORNIA ... Corona; Mission Viejo; Carlsbad; Vista; Victorville; Hemet; Menifee; San ...,candidate_found,
865616,E P I CONSTRUCTION INC,Corporation,12345 VENTURA BLVD SUITE H,STUDIO CITY,CA,91604,Los Angeles,(818) 760 9100,10/11/2005,10/31/2027,B | C46,Workers' Compensation Insurance,STARSTONE NATIONAL INSURANCE COMPANY,12/31/2026,CSLBSearchData_163412289.xlsx,"""E P I CONSTRUCTION INC"" ""STUDIO CITY"" California solar contractor official website",buildzoom.com,https://www.buildzoom.com/contractor/epi-construction-inc-ca,EPI Construction | Studio City | Read Reviews + Get a Bid,"EPI Construction Inc in Studio City, CA | Photos | Reviews | 210 building permits for $360729000. Recent work: New 3-story school building with subterranean ...",candidate_found,
668002,EAGLE AIR,Corporation,5542 BRISA ST,LIVERMORE,CA,94550,Alameda,(925) 443 2665,03/24/1993,03/31/2027,C20 | C46,Workers' Compensation Insurance,EVEREST PREMIER INSURANCE COMPANY,02/01/2027,CSLBSearchData_163342171.xlsx,"""EAGLE AIR"" ""LIVERMORE"" California solar contractor official website",eagleairconditioning.com,https://www.eagleairconditioning.com/,HVAC Services in Livermore | Eagle Air,"Eagle Air. Contact 925-605-7977. Links. About Us · Maintenance Plans · Service Area · Contact Us. Locations. 5542 Brisa St. Ste B Livermore, CA 94550. Map & ...",candidate_found,
822408,EAGLE MOUNTAIN PLUMBING & MECHANICAL LLC,Limited Liability,210 VISTA GRANDE GLEN,ESCONDIDO,CA,92025,San Diego,(760) 690 3690,08/01/2003,11/30/2026,C20 | C36 | C46,Workers' Compensation Insurance,STATE COMPENSATION INSURANCE FUND,08/15/2027,CSLBSearchData_163505900.xlsx,"""EAGLE MOUNTAIN PLUMBING & MECHANICAL LLC"" ""ESCONDIDO"" California solar contractor official website",eaglemountainplumbing.com,https://www.eaglemountainplumbing.com/workwithus-sandiego,HIRING NOW - Eagle Mountain Plumbing & Mechanical,"Job Description. Eagle Mountain Plumbing & Mechanical LLC. Serving ... Escondido, Rancho Santa Fe, La Jolla, Del Mar, Coronado, Encinitas, Carlsbad ...",candidate_found,
1003783,EARTH ELECTRIC INCORPORATED,Corporation,1821 S BASCOM AVE #172,CAMPBELL,CA,95008,Santa Clara,(408) 609 0888,05/18/2015,05/31/2027,C10 | C46,Workers' Compensation Insurance,MIDWEST EMPLOYERS CASUALTY COMPANY,04/01/2027,CSLBSearchData_163528025.xlsx,"""EARTH ELECTRIC INCORPORATED"" ""CAMPBELL"" California solar contractor official website",selfgenca.com,https://www.selfgenca.com/documents/developer/approved,Approved SGIP Developer List,"... Earth Electric Incorporated,Campbell,CA All,No,EarthPal Sustainables Inc,Martinez,CA All,No,Earth Star ... CA All,No,Zurc Power Solutions,Campbell,CA.",candidate_found,
810369,EARTH STAR ELECTRIC,Sole Owner,170 MALET ST,SONOMA,CA,95476,Sonoma,(707) 933 1510,07/08/2002,07/31/2028,C10 | C46,Workers' Compensation Insurance,STATE COMPENSATION INSURANCE FUND,12/01/2026,CSLBSearchData_163528025.xlsx,"""EARTH STAR ELECTRIC"" ""SONOMA"" California solar contractor official website",gsfahome.org,https://gsfahome.org/programs/energy/arp/arp-developers.aspx,Approved Developers | Advanced Rebate Payment Program,"Earth Star Electric, 810369, Sonoma. Energy Solar Inc, 1071390, Glendale. EnPower Star LLC, 1112396, Chatsworth. ES Solar LLC, 1127444, Layton.",candidate_found,
1064003,EARTHQUAKE PROTECTION SYSTEMS,Corporation,451 AZUAR DRIVE BLDG 759,VALLEJO,CA,94592,Solano,(707) 644 5993,03/05/2020,03/31/2028,B | C46,Workers' Compensation Insurance,OAK RIVER INSURANCE COMPANY,06/08/2027,CSLBSearchData_163528025.xlsx,"""EARTHQUAKE PROTECTION SYSTEMS"" ""VALLEJO"" California solar contractor official website",indexbox.io,https://www.indexbox.io/blog/friction-pendulum-isolation-bearings-market-demand-to-double-by-2035-on-seismic-codes-and-semiconductor-fab-growth/,Friction Pendulum Isolation Bearings Market To Reach Index ...,"Scale, Note. 1, Earthquake Protection Systems (EPS), Vallejo, California, USA, Seismic isolation bearings, including Friction Pendulum bearings, Global leader ...",candidate_found,
1014830,ECLECTRIC SOLAR,Sole Owner,45 NORTHBROOK WAY,WILLITS,CA,95490,Mendocino,(707) 354 3473,06/03/2016,06/30/2028,C46,Workers' Compensation Insurance,EMPLOYERS PREFERRED INSURANCE COMPANY,05/07/2027,CSLBSearchData_163444973.xlsx,"""ECLECTRIC SOLAR"" ""WILLITS"" California solar contractor official website",buildzoom.com,https://www.buildzoom.com/contractor/eclectric-solar,Eclectric Solar | Willits CA | Read Reviews + Get a Bid | BuildZoom,"Eclectric Solar, 45 Northbrook Way, Willits, CA (Owned by: Christopher Patrick Martineau) holds a Solar license according to the California license board.",candidate_found,
445220,ECONO AIR,Corporation,1921 PETRA LANE,PLACENTIA,CA,92870,Orange,(800) 503 2666,08/23/1983,02/29/2028,C-2 | C10 | C20 | C36 | C46,Workers' Compensation Insurance,OAK RIVER INSURANCE COMPANY,04/07/2027,CSLBSearchData_163444973.xlsx,"""ECONO AIR"" ""PLACENTIA"" California solar contractor official website",myeconoair.com,https://www.myeconoair.com/,"Econo Air: Expert HVAC, Air Conditioning, Solar & More in ...","Econo air climate control and energy solutions logo. 1921 Petra Ln.Placentia, CA 92870 · (714)695-6661. Open 24 hours. To navigate the map with touch gestures ...",candidate_found,
1029435,ECOPOWER SOLAR,Limited Liability,41340 PEAR ST SUITE 3,MURRIETA,CA,92562,Riverside,(760) 687 5686,07/28/2017,09/30/2027,C46 | C51,Workers' Compensation Insurance,STATE COMPENSATION INSURANCE FUND,01/03/2027,CSLBSearchData_163505900.xlsx,"""ECOPOWER SOLAR"" ""MURRIETA"" California solar contractor official website",ecopowersolar.com,https://ecopowersolar.com/,Commercial Solar Carports In California » Ecopower Solar,... Ecopower Solar. Solar Carport Projects. Commercial Solar Garage Carports In California ... Murrieta CA; C51 • C46 • License #1029435. Explore Our Projects ...,candidate_found,
1045300,ECOSOLAR USA ELECTRICAL LLC,Limited Liability,13902 HARBOR BLVD UNIT2A,GARDEN GROVE,CA,92843,Orange,(714) 265 9077,10/08/2018,10/31/2026,C10 | C46,Workers' Compensation Insurance,EMPLOYERS PREFERRED INSURANCE COMPANY,06/02/2027,CSLBSearchData_163444973.xlsx,"""ECOSOLAR USA ELECTRICAL LLC"" ""GARDEN GROVE"" California solar contractor official website",ggcity.org,https://ggcity.org/buildingpermit/permit/report?page=85&year=2021,2021 Garden Grove Building Permits,"2021 Garden Grove Building Permits. permit number, address, street, zip ... ECOSOLAR USA ELECTRICAL LLC, $424.50. 21-2352, 13202, DUNKLEE AVE, 92840, Jun 17 ...",candidate_found,
1113934,EL-FI HOMES LLC,Limited Liability,273 SANTA BARBARA,IRVINE,CA,92606,Orange,(949) 919 6364,12/14/2023,12/31/2027,C10 | C20 | C46,Workers' Compensation Insurance,PIE INSURANCE COMPANY (THE),11/20/2026,CSLBSearchData_163444973.xlsx,"""EL-FI HOMES LLC"" ""IRVINE"" California solar contractor official website",elfihomes.com,https://www.elfihomes.com/terms,Terms of Service - EL-FI Homes,"... EL-FI Homes LLC or its content suppliers and is ... Website: www.elfihomes.com. EL-FI HomesElectrify Homes. 2160 Barranca Pkwy, Irvine, CA 92606, USA",candidate_found,
1072844,ELBAC SOLAR,Corporation,420 N MCKINLEY ST 111-510,CORONA,CA,92879,Riverside,(562) 572 3629,01/20/2021,01/31/2027,C46,Workers' Compensation Insurance,STARNET INSURANCE COMPANY,06/28/2027,CSLBSearchData_163505900.xlsx,"""ELBAC SOLAR"" ""CORONA"" California solar contractor official website",selfgenca.com,https://www.selfgenca.com/documents/developer/approved,Approved SGIP Developer List,"... Corona Solar,Santa Rosa,CA 3 & 4 & 5 & 6 & 7 only,No,Cosmic Energy ... Elbac Solar,Riverside,CA All,No,FreeVolt USA Inc.,Palm Desert,CA All,No ...",candidate_found,
871218,ELEMENT ELECTRIC INC,Corporation,P O BOX 1055,DIXON,CA,95620,Solano,(707) 693 1651,01/20/2006,01/31/2028,C10 | C46,Workers' Compensation Insurance,STATE COMPENSATION INSURANCE FUND,07/01/2027,CSLBSearchData_163528025.xlsx,"""ELEMENT ELECTRIC INC"" ""DIXON"" California solar contractor official website",thebluebook.com,https://www.thebluebook.com/iProView/1739989,"Element Electric Inc. - Dixon, California | ProView","Our main lines of business include: Electrical Contractors, Solar ... Element Electric Inc. Dixon, CA 95620. Pre-Qual. Home Contact Us · Phone (707) 693-1651 ...",candidate_found,
946630,ELEMENT POWER SYSTEMS INC,Corporation,3550 OAK HILL LN,CLAYTON,CA,94517,Contra Costa,(925) 513 1772,05/01/2010,05/31/2027,C10 | C46,Workers' Compensation Insurance,EMPLOYERS PREFERRED INSURANCE COMPANY,09/08/2026,CSLBSearchData_163342171.xlsx,"""ELEMENT POWER SYSTEMS INC"" ""CLAYTON"" California solar contractor official website",tuolumnecounty.ca.gov,https://www.tuolumnecounty.ca.gov/DocumentCenter/View/10861/PERMITS-ISSUED-JUNE-2018,Tuolumne County PERMITS ISSUED For the Period 6/1/ ...,"LANG, ERTHIE CLAYTON. 21828 PARROTTS FERRY RD. SONORA. CA. 95370 ... ELEMENT POWER SYSTEMS INC. 700 HARVEST PARK DR. BRENTWOOD. CA. 94513.",candidate_found,
1048261,ELH INC,Corporation,34135 CAMERON DRIVE,HEMET,CA,92544,Riverside,(951) 692 4332,12/24/2018,12/31/2026,B | C46,Workers' Compensation Insurance,INSURANCE COMPANY OF THE WEST,04/08/2027,CSLBSearchData_163505900.xlsx,"""ELH INC"" ""HEMET"" California solar contractor official website",buildzoom.com,https://www.buildzoom.com/contractor/elh-inc,Elh | Hemet CA | Read Reviews + Get Free Remodeling Quotes,"Elh Inc, 34135 Cameron Dr, Hemet, CA (Employees: Andrea Nissim, Andrea Nissim, and Elliott Clayton Nissim) holds a General Building, Solar license according ...",candidate_found,
1133927,ELITE SOLAR,Corporation,1234 S MONTEBELLO BLVD,MONTEBELLO,CA,90640,Los Angeles,(323) 899 9236,03/04/2025,03/31/2027,C46,Workers' Compensation Insurance,STATE COMPENSATION INSURANCE FUND,01/07/2027,CSLBSearchData_163412289.xlsx,"""ELITE SOLAR"" ""MONTEBELLO"" California solar contractor official website",elitesolarelectro.com,https://elitesolarelectro.com/,Elite Solar Electro INC.,"ELITE SOLAR ELECTRO INC. 1234 S. Montebello Blvd. Montebello, CA 90640. Tel. (323) 899-9236. Email. elitesolarelectroinc@gmail.com. Contractor Lic#: 1133927 ...",candidate_found,
1051137,ELWAY CONSTRUCTION,Sole Owner,PO BOX 156,RIO DELL,CA,95562,Humboldt,(707) 601 1350,03/11/2019,03/31/2027,B | C46,Workers' Compensation Insurance,,,CSLBSearchData_163412289.xlsx,"""ELWAY CONSTRUCTION"" ""RIO DELL"" California solar contractor official website",mccmeetingspublic.blob.core.usgovcloudapi.net,https://mccmeetingspublic.blob.core.usgovcloudapi.net/riodellca-meet-4c3f61447ce44d6fa3221c2edd1ce10d/ITEM-Attachment-001-9c4f8370b71a4ba4b97866c98d2b96c0.pdf,[PDF] 83.01 - 36.28,[6879] ELWAY CONSTRUCTION. 13926. 2/05/2025. 13927. 2/05/2025 ... Professional Services Rendered Through 2/22/2025: PW-Rio Dell Pedestrian.,candidate_found,
990593,ENABLE ENERGY,Corporation,1101 NATIONAL DRIVE STE B,SACRAMENTO,CA,95834,Sacramento,(916) 240 2809,02/13/2014,02/29/2028,B | C13 | C46,Workers' Compensation Insurance,HARTFORD CASUALTY INSURANCE COMPANY,03/01/2027,CSLBSearchData_163505900.xlsx,"""ENABLE ENERGY"" ""SACRAMENTO"" California solar contractor official website",prnewswire.com,https://www.prnewswire.com/news-releases/baywa-re-expands-solar-and-storage-capabilities-with-acquisition-of-enable-energy-301126288.html,BayWa r.e. expands solar and storage capabilities with ...,"Enable Energy (www.enable-energy.com) is a clean energy solutions company based in Sacramento, CA. Offering development, EPC and O&M services ...",candidate_found,
1103108,ENCHARGE ENERGY,Corporation,4300 RESNICK CT UNIT 105,BAKERSFIELD,CA,93313,Kern,(661) 282 8544,03/29/2023,10/31/2026,C10 | C46,Workers' Compensation Insurance,STARSTONE NATIONAL INSURANCE COMPANY,10/16/2026,CSLBSearchData_163412289.xlsx,"""ENCHARGE ENERGY"" ""BAKERSFIELD"" California solar contractor official website",enchargeenergy.com,https://enchargeenergy.com/,Encharge Energy – Empowering a sustainable future,"Encharge Energy. Solar • TPO/PPA • Bakersfield. Contact. ☎ (661) 282-8544 · ✉ info@enchargeenergy.com. ⌂ 4300 Resnik Ct Suite 105, Bakersfield, CA ... Book a ...",candidate_found,
736839,ENERGY +,Sole Owner,39450 3RD ST E #131,PALMDALE,CA,93550,Los Angeles,(661) 718 2070,06/05/1997,06/30/2027,C10 | C20 | C38 | C46,Workers' Compensation Insurance,STATE COMPENSATION INSURANCE FUND,03/02/2027,CSLBSearchData_163412289.xlsx,"""ENERGY +"" ""PALMDALE"" California solar contractor official website",palmdaleepicenergy.com,https://palmdaleepicenergy.com/customer-programs-offerings/,Customer Programs & Offerings | Palmdale EPIC Energy,"Sierra Hwy Palmdale Palmdale, CA 93550. © Copyright 2026 Palmdale EPIC Energy | (661) 267-5419 | Privacy Policy | Terms and Conditions. Page ...",candidate_found,
472363,ENERGY HOUSE,Corporation,122 E BULLARD,FRESNO,CA,93710,Fresno,(559) 432 1500,04/22/1985,04/30/2028,B | C46 | D34,Workers' Compensation Insurance,EMPLOYERS COMPENSATION INSURANCE COMPANY,11/01/2026,CSLBSearchData_163342171.xlsx,"""ENERGY HOUSE"" ""FRESNO"" California solar contractor official website",energyhousefresno.com,https://energyhousefresno.com/free-home-consultation/,Free In-Home Spa Consultation | call (559) 432-1500,Free In-Home Spa Consultation | Energy House Fresno Hot Tubs & Fireplaces Fresno | call (559) 432-1500. Energy House Fresno logo.,candidate_found,
1158542,ENERGY SOLUTIONS CORP INC,Corporation,50 MOUNTAIRE PL,CLAYTON,CA,94517,Contra Costa,(925) 494 4188,07/24/2026,07/31/2028,B | C10 | C20 | C46,Workers' Compensation Insurance,STATE COMPENSATION INSURANCE FUND,06/09/2027,CSLBSearchData_163342171.xlsx,"""ENERGY SOLUTIONS CORP INC"" ""CLAYTON"" California solar contractor official website",,,,,no_official_domain_candidate,
1101197,ENERGY SOLUTIONS HEATING AIR & SOLAR INC,Corporation,3732 BIG SPRINGS RD,LAKE ALMANOR,CA,96137,Lassen,(530) 816 1600,02/07/2023,02/28/2027,B | C20 | C36 | C46,Workers' Compensation Insurance,STATE COMPENSATION INSURANCE FUND,01/23/2027,CSLBSearchData_163412289.xlsx,"""ENERGY SOLUTIONS HEATING AIR & SOLAR INC"" ""LAKE ALMANOR"" California solar contractor official website",esihas.com,https://www.esihas.com/,"Heating | Energy Solutions Heating, Air, & Solar Inc. | Westwood","Energy Solutions Heating Air, & Solar Inc. offers professional services including installation ... Lake Almanor, CA 961376. Location · SEND A MESSAGE! Energy-Home ...",candidate_found,
1139308,ENERVATION HEATING & AIR CONDITIONING INC,Corporation,"BOX 418,2063 MAIN STREET",OAKLEY,CA,94561,Contra Costa,(925) 783 6494,06/23/2025,06/30/2027,C20 | C46,Workers' Compensation Insurance,CONTINENTAL CASUALTY COMPANY,06/21/2027,CSLBSearchData_163342171.xlsx,"""ENERVATION HEATING & AIR CONDITIONING INC"" ""OAKLEY"" California solar contractor official website",buildzoom.com,https://www.buildzoom.com/contractor/enervation-heating-air-conditioning-inc,Enervation Heating & Air Conditioning | CA | Get a Bid - BuildZoom,"Enervation Heating & Air Conditioning Inc in Oakley, CA | Photos | Reviews | Based in Oakley, ranks in the top 27% of licensed contractors in California.",candidate_found,
967408,ENETECH INCORPORATED,Corporation,420 W LAMBERT RD #K,BREA,CA,92821,Orange,(714) 255 2939,11/04/2011,08/31/2027,B | C20 | C36 | C38 | C46,Workers' Compensation Insurance,PREFERRED EMPLOYERS INSURANCE COMPANY,04/01/2027,CSLBSearchData_163444973.xlsx,"""ENETECH INCORPORATED"" ""BREA"" California solar contractor official website",energy.ca.gov,https://www.energy.ca.gov/sites/default/files/2024-06/CEC-500-2024-054-AP.pdf,"Appendices A, B, and C","CONTRACTOR,ARCHITZCT & ENGINEER NAME. ADDRESS. (C) ENETECH INCORPORATED. 420 W LAMBER'F RD (K,. BREA, CA. 92821. S. COMMENTS. LA HENR 106123619 5/23/2019.",candidate_found,
1146208,ENPHASE ENERGY INC,Corporation,47281 BAYSIDE PKWY,FREMONT,CA,94538,Alameda,(877) 797 4743,11/13/2025,11/30/2027,C10 | C46,Workers' Compensation Insurance,NATIONAL CASUALTY COMPANY,08/17/2026,CSLBSearchData_163342171.xlsx,"""ENPHASE ENERGY INC"" ""FREMONT"" California solar contractor official website",enphaseenergy.gcs-web.com,https://enphaseenergy.gcs-web.com/investor-faqs,FAQ | Enphase Energy,"Enphase Energy, Inc. is a global energy technology company and the ... 47281 Bayside Pkwy. Fremont, CA 94538. Main Phone: (877) 797- 4743. When is ...",candidate_found,
1151729,ESCALONA RENEWABLES,Sole Owner,1895 AVENIDA DEL ORO #4022,OCEANSIDE,CA,92056,San Diego,(951) 756 4533,03/10/2026,03/31/2028,C46,Workers' Compensation Insurance,STATE COMPENSATION INSURANCE FUND,07/11/2027,CSLBSearchData_163505900.xlsx,"""ESCALONA RENEWABLES"" ""OCEANSIDE"" California solar contractor official website",thecoastnews.com,https://thecoastnews.com/legal-notices-october-10-2025/,"Legal Notices, October 10, 2025","Located at: 1139 California St., Oceanside CA 92054 San Diego. ... Escalona Renewables. Located at: 4962 Verona St., Oceanside CA 92056 San ...",candidate_found,
1045040,ESSEX SOLAR HEATING AND AIR INC,Corporation,P O BOX 493668,REDDING,CA,960493668,Shasta,(530) 244 0993,10/01/2018,05/31/2027,C20 | C46,Workers' Compensation Insurance,STATE FARM FIRE AND CASUALTY COMPANY,02/16/2027,CSLBSearchData_163528025.xlsx,"""ESSEX SOLAR HEATING AND AIR INC"" ""REDDING"" California solar contractor official website",permits.shastacounty.gov,https://permits.shastacounty.gov/eTRAKiT/printPermit.aspx?permitNo=HVAC25-0012,Permit,"REDDING. Owner. OWNER, 21846 HILLSIDE DR PALO CEDRO CA 96073. Contractor. CONTRACTOR, ESSEX SOLAR HEATING AND AIR INC P O BOX 493668. REDDING. APPLICATION ...",candidate_found,
773601,EURO CAL CONSTRUCTION INC,Corporation,P O BOX 2099,SEAL BEACH,CA,90740,Orange,(714) 892 6644,01/14/2000,12/31/2027,B | C46,Workers' Compensation Insurance,STATE COMPENSATION INSURANCE FUND,05/02/2027,CSLBSearchData_163444973.xlsx,"""EURO CAL CONSTRUCTION INC"" ""SEAL BEACH"" California solar contractor official website",,,,,no_official_domain_candidate,
1104064,EVEREST ELECTRICAL USA INC,Corporation,28655 DEER SPRINGS DR,SANTA CLARITA,CA,91390,Los Angeles,(661) 666 0104,04/27/2023,04/30/2027,C10 | C46,Workers' Compensation Insurance,BERKSHIRE HATHAWAY DIRECT INSURANCE COMPANY,11/25/2026,CSLBSearchData_163412289.xlsx,"""EVEREST ELECTRICAL USA INC"" ""SANTA CLARITA"" California solar contractor official website",selfgenca.com,https://www.selfgenca.com/documents/developer/approved,Approved SGIP Developer List,"... Santa Clarita ,CA All,No,CEZ Electric and Maintenance,Antioch,CA 1 & 2 only ... Everest Electrical USA, Inc."",Santa Clarita,CA All,No,""Evergreen Solar ...",candidate_found,
1102899,EVERGREEN SOLAR,Corporation,11278 LOS ALAMITOS BLVD 707,LOS ALAMITOS,CA,90720,Orange,(714) 722 0468,03/24/2023,03/31/2027,C46,Workers' Compensation Insurance,CAROLINA CASUALTY INSURANCE COMPANY,03/20/2027,CSLBSearchData_163444973.xlsx,"""EVERGREEN SOLAR"" ""LOS ALAMITOS"" California solar contractor official website",evergreen-solar.net,https://www.evergreen-solar.net/,Evergreen Solar and Home Battery | solar panels los alamitos ...,Evergreen Solar and Home Battery is a local solar company based in Los Alamitos that installs solar panels and backup batteries for residential and ...,candidate_found,
1103998,EVERGREEN SOLAR,Corporation,19799 HIRSCH COURT,ANDERSON,CA,96007,Shasta,(530) 223 3251,04/26/2023,04/30/2027,C46,Workers' Compensation Insurance,STATE COMPENSATION INSURANCE FUND,10/01/2026,CSLBSearchData_163528025.xlsx,"""EVERGREEN SOLAR"" ""ANDERSON"" California solar contractor official website",evgsolar.com,https://evgsolar.com/,EVG Solar California – Residential & Commercial Solar ...,"... Anderson, CA 96007. Services. Residential Solar Panels · Commercial Solar Panels · Solar ... Evergreen Solar | Solar Installation Experts in Northern California.",candidate_found,
1115612,EXPERT HVAC SERVICE INC,Corporation,19531 GRAY FOX RD,WALNUT,CA,91789,Los Angeles,(626) 537 5916,01/29/2024,01/31/2028,B | C20 | C36 | C46,Workers' Compensation Insurance,STATE COMPENSATION INSURANCE FUND,03/28/2027,CSLBSearchData_163412289.xlsx,"""EXPERT HVAC SERVICE INC"" ""WALNUT"" California solar contractor official website",buildzoom.com,https://www.buildzoom.com/contractor/expert-hvac-service-inc,Expert HVAC Service Inc - BuildZoom,"19531 Gray Fox Rd, Walnut, CA holds a General Building, Warm Air Heating, Ventilating And Air Conditioning, Plumbing, Solar license . Call now (623) 404-9188 ...",candidate_found,
1017331,EXTREME SOLAR SOLUTIONS,Corporation,2315 ALABAMA ST,ATWATER,CA,95301,Merced,(209) 489 0297,08/17/2016,08/31/2028,C46,Workers' Compensation Insurance,SIRIUSPOINT AMERICA INSURANCE COMPANY,09/05/2026,CSLBSearchData_163444973.xlsx,"""EXTREME SOLAR SOLUTIONS"" ""ATWATER"" California solar contractor official website",reviews.birdeye.com,https://reviews.birdeye.com/extreme-solar-solutions-156199572006462,"Extreme Solar Solutions - Solar Installation in Atwater, CA","Read 13 customer reviews of Extreme Solar Solutions, one of the best Solar Installation businesses at 387 Atwater Blvd, Atwater, CA 95301 United States.",candidate_found,
347708,FARIS CONSTRUCTION COMPANY,Corporation,2180 EL CAMINO REAL STE 400,OCEANSIDE,CA,92054,San Diego,(760) 433 4500,11/21/1977,03/31/2027,A | B | C-8 | C46,Workers' Compensation Insurance,STATE COMPENSATION INSURANCE FUND,07/12/2027,CSLBSearchData_163505900.xlsx,"""FARIS CONSTRUCTION COMPANY"" ""OCEANSIDE"" California solar contractor official website",b2bhint.com,https://b2bhint.com/en/company/us-ca/faris-construction-company--2719508,FARIS CONSTRUCTION COMPANY - California - B2BHint,"United States›California›All companies in California›2005›FARIS CONSTRUCTION COMPANY. FC ... Legal address2180 EL CAMINO REAL, SUITE 400, OCEANSIDE, CA, 92054.",candidate_found,
807511,FEATHER RIVER AIRE AND SOLAR,Corporation,3268 ESPLANADE STE A,CHICO,CA,95973,Butte,(530) 891 6787,05/02/2002,04/30/2027,B | C10 | C20 | C46,Workers' Compensation Insurance,ZURICH AMERICAN INSURANCE COMPANY,10/01/2026,CSLBSearchData_163342171.xlsx,"""FEATHER RIVER AIRE AND SOLAR"" ""CHICO"" California solar contractor official website",d16k74nzx9emoe.cloudfront.net,https://d16k74nzx9emoe.cloudfront.net/41f8f07f-8b0a-4ef3-99c5-f2c0e2a00268/04-2026%20MPA.pdf,[PDF] MONTHLY PERMITS APPLIED REPORT - Cloudfront.net,FEATHER RIVER AIRE AND SOLAR. WADE NANCY L. FINALED. 042-620-069-000 ... CITY OF CHICO - DAVID KEHN. ISSUED. N/A. ENGEP26-00291. 04/16/2026.,candidate_found,
156017,FIDELITY ROOF COMPANY,Corporation,1075 40TH STREET,OAKLAND,CA,94608,Alameda,(510) 547 6330,09/30/1955,05/31/2027,ASB | B | C39 | C43 | C46,Workers' Compensation Insurance,UNITED FIRE & CASUALTY COMPANY,11/01/2026,CSLBSearchData_163342171.xlsx,"""FIDELITY ROOF COMPANY"" ""OAKLAND"" California solar contractor official website",fidelityroof.com,https://fidelityroof.com/,San Jose Oakland Best Commercial Roofing Contractor – All ...,"DOWNTOWN MERCHANT GARAGE, Oakland - 60,000 sq ft: Elastomeric Vehicular Traffic Waterproofing, 3M ... Fidelity Roof Company has been a licensed contractor in the ...",candidate_found,
831636,FIELD OF DREAMS LANDSCAPING AND CONCRETE,Sole Owner,65 WASHINGTON ST PMB 168,SANTA CLARA,CA,95050,Santa Clara,(408) 472 2018,01/30/2004,01/31/2028,B | C-8 | C20 | C27 | C36 | C46 | C57,Workers' Compensation Insurance,WESCO INSURANCE COMPANY,04/24/2027,CSLBSearchData_163528025.xlsx,"""FIELD OF DREAMS LANDSCAPING AND CONCRETE"" ""SANTA CLARA"" California solar contractor official website",field-dreams-concrete.com,https://field-dreams-concrete.com/About-Us.htm,About Us,"About Field of Dreams Landscaping and Concrete. Suburban house ... 65 Washington St PMB 168, Santa Clara, CA 95050. (408) 676-0387; (408) ...",candidate_found,
886679,FIRE PROTECTION AND LIFE SAFETY INC,Corporation,1743 GLENDON AVE #101,LOS ANGELES,CA,90024,Los Angeles,(310) 923 6798,11/02/2006,07/31/2027,C16 | C46,Workers' Compensation Insurance,PIE CASUALTY INSURANCE COMPNAY,10/27/2026,CSLBSearchData_163412289.xlsx,"""FIRE PROTECTION AND LIFE SAFETY INC"" ""LOS ANGELES"" California solar contractor official website",data.lacity.org,https://data.lacity.org/api/views/wv4f-y2mn/rows.csv?accessType=DOWNLOAD,https://data.lacity.org/api/views/wv4f-y2mn/rows.c...,"... LOS ANGELES,CA,C16,713099,MUSTAFA,,COLAK,10/31/2013,,,,,,,C2-4D,,0,2075.00,9 ... FIRE PROTECTION AND LIFE SAFETY INC,308 W 14TH STREET,LOS ANGELES,CA ...",candidate_found,
1139737,FIRST CLASS ROOFING,Sole Owner,3530 SWEETWATER WAY,LEMON GROVE,CA,91945,San Diego,(619) 724 2237,07/01/2025,07/31/2027,C39 | C46,Workers' Compensation Insurance,STATE COMPENSATION INSURANCE FUND,06/21/2027,CSLBSearchData_163505900.xlsx,"""FIRST CLASS ROOFING"" ""LEMON GROVE"" California solar contractor official website",local.yahoo.com,https://local.yahoo.com/sitemap257.xml,[XML] sitemap257.xml - Yahoo Local,... lemon-grove/</loc></url> <url><loc>https://local.yahoo.com/info-225730616 ... first-class-roofing-forestdale/</loc></url> <url><loc>https://local.yahoo ...,candidate_found,
1013243,FIRST EDISON,Corporation,4695 CHABOT DR STE 200,PLEASANTON,CA,94588,Alameda,(888) 309 8766,04/25/2016,04/30/2028,B | C10 | C46,Workers' Compensation Insurance,STATE COMPENSATION INSURANCE FUND,04/04/2027,CSLBSearchData_163342171.xlsx,"""FIRST EDISON"" ""PLEASANTON"" California solar contractor official website",firstedison.com,https://firstedison.com/,First Edison,"I met with many solar companies before I decided to go with First Edison. ... Serving California. 4695 Chabot Dr, Suite #200, Pleasanton, CA 94588. Phone ...",candidate_found,
1039876,FIRST RESPONSE SOLAR INC,Corporation,708 HWY 116 N 428,SEBASTOPOL,CA,95472,Sonoma,(707) 480 0213,05/29/2018,05/31/2028,C10 | C46,Workers' Compensation Insurance,CAROLINA CASUALTY INSURANCE COMPANY,07/18/2027,CSLBSearchData_163528025.xlsx,"""FIRST RESPONSE SOLAR INC"" ""SEBASTOPOL"" California solar contractor official website",firstresponsesolar.com,https://www.firstresponsesolar.com/,Sonoma County Solar | First Response Solar | United States,"First Response Solar won the best solar company in Sonoma County (Santa Rosa & Sebastopol ... Mailing: 708 Hwy 116 N PMB 428, Sebastopol CA, 95472. Physical ...",candidate_found,
631964,FISHER ELECTRIC INC,Corporation,35 BUTTERMILK LANE,SCOTTS VALLEY,CA,95066,Santa Cruz,(831) 345 7463,11/14/1991,04/30/2028,C10 | C46,Workers' Compensation Insurance,STARSTONE NATIONAL INSURANCE COMPANY,06/01/2027,CSLBSearchData_163528025.xlsx,"""FISHER ELECTRIC INC"" ""SCOTTS VALLEY"" California solar contractor official website",fisherelectricinc.com,https://fisherelectricinc.com/,Fisher Electric: Scotts Valley Electrician,Solar Panel Installation Fisher Electric Scotts Valley California. Solar ... Copyright © 2026 Fisher Electric Inc. | Powered By ORB Solutions · Privacy ...,candidate_found,
873535,FIVE STAR SOLAR,Corporation,8698 ELK GROVE BLVD STE 1-181,ELK GROVE,CA,956243300,Sacramento,(916) 581 6715,02/28/2006,05/31/2028,B | C46,Workers' Compensation Insurance,STATE COMPENSATION INSURANCE FUND,04/14/2027,CSLBSearchData_163505900.xlsx,"""FIVE STAR SOLAR"" ""ELK GROVE"" California solar contractor official website",fivestarssolar.com,https://www.fivestarssolar.com/privacy-policy,Privacy Policy | Five Star Solar | Elk Grove CA,"At Five Star Solar, we always want to provide you with the best possible experience and fulfill your needs exactly as you've requested. In order to do this, we ...",candidate_found,
990072,FLEX SOLAR,Corporation,987 ELLEN LN,EL CAJON,CA,92019,San Diego,(619) 980 6158,01/23/2014,06/30/2027,C46,Workers' Compensation Insurance,STATE COMPENSATION INSURANCE FUND,07/25/2027,CSLBSearchData_163505900.xlsx,"""FLEX SOLAR"" ""EL CAJON"" California solar contractor official website",buildzoom.com,https://www.buildzoom.com/el-cajon-ca/solar-contractors,"Top 10 Solar Contractors in El Cajon, CA (with Photos) | BuildZoom","... El Cajon, CA 92019 (310) 773-0589 ext. 16908 get quote. Flex Solar. BZ SCORE: 98. get quote. Photos from Semper Solaris. 1805 John Towers Ave, El Cajon, CA ...",candidate_found,
501585,FORSTER HEATING AIR CONDITIONING & SHEET METAL,Corporation,9410 CRATER HILL ROAD,AUBURN,CA,95603,Placer,(530) 888 1163,11/19/1986,11/30/2026,C20 | C43 | C46,Workers' Compensation Insurance,BENCHMARK INSURANCE COMPANY,01/01/2027,CSLBSearchData_163505900.xlsx,"""FORSTER HEATING AIR CONDITIONING & SHEET METAL"" ""AUBURN"" California solar contractor official website",placer.ca.gov,https://www.placer.ca.gov/Archive.aspx?ADID=442,[PDF] BUILDING PERMITS ISSUED - Placer County,... AUBURN. 0700. 52664.13 01/06/2014 RESIDENTIAL-NEW. SINGLE FAMILY >3000 ... FORSTER HEATING AIR CONDITIONING & SHEET METAL. BLD14-03379. 12 ...,candidate_found,
784864,FREEDOM HEATING INC,Corporation,1939 FREEDOM BLVD,FREEDOM,CA,95019,Santa Cruz,(831) 724 8900,09/21/2000,09/30/2028,C20 | C43 | C46,Workers' Compensation Insurance,EVEREST PREMIER INSURANCE COMPANY,03/17/2027,CSLBSearchData_163528025.xlsx,"""FREEDOM HEATING INC"" ""FREEDOM"" California solar contractor official website",veteranownedbusiness.com,https://www.veteranownedbusiness.com/853/residential-heating-and-cooling-hvac-services,Residential Heating and Cooling HVAC Services | Veteran Owned ...,"Freedom Heating, Inc. | Freedom, CA 95076. Freedom Heating is a family owned and operated company serving Santa Cruz, San Benito and Monterrey Counties since ...",candidate_found,
1020722,FREEDOM SOLAR,Corporation,306 W EINORTE PKWY STE N 407,ESCONDIDO,CA,92026,San Diego,(760) 975 6671,11/14/2016,11/30/2026,B | C10 | C46,Workers' Compensation Insurance,STATE COMPENSATION INSURANCE FUND,02/14/2027,CSLBSearchData_163505900.xlsx,"""FREEDOM SOLAR"" ""ESCONDIDO"" California solar contractor official website",orangebook.com,https://www.orangebook.com/biz/6409/freedom-solar,"Freedom Solar - Escondido, CA - Orange Book Directories",Reviews and Recommendations. Powered by Orange Book. Please help us to connect users with the best local businesses by reviewing Freedom Solar ... 2245 Oak Hill ...,candidate_found,
1077999,FRESCHI AIR SYSTEMS LLC,Limited Liability,2440 SPRIG COURT,CONCORD,CA,94520,Contra Costa,(469) 724 7648,07/12/2021,07/31/2027,B | C20 | C36 | C46,Workers' Compensation Insurance,ACE AMERICAN INSURANCE COMPANY,06/30/2027,CSLBSearchData_163342171.xlsx,"""FRESCHI AIR SYSTEMS LLC"" ""CONCORD"" California solar contractor official website",serviceexperts.com,https://www.serviceexperts.com/concord-ca/,"Concord HVAC, Plumbing, & Electrical Services","Comprehensive HVAC, Plumbing, and Electrical Care in Concord, CA ... License #1077999, Freschi Air Systems LLC; License #1074641. Services · FAQ · Careers · Blog ...",candidate_found,
859046,FRESH COAT,Corporation,P O BOX 212,VOLCANO,CA,95689,Amador,(209) 660 9020,05/18/2005,05/31/2027,B | C33 | C46,Workers' Compensation Insurance,EMPLOYERS COMPENSATION INSURANCE COMPANY,04/23/2027,CSLBSearchData_163342171.xlsx,"""FRESH COAT"" ""VOLCANO"" California solar contractor official website",34c031f8-c9fd-4018-8c5a-4159cdff6b0d-cdn-endpoint.azureedge.net,https://34c031f8-c9fd-4018-8c5a-4159cdff6b0d-cdn-endpoint.azureedge.net/-/media/calfire-website/what-we-do/natural-resource-management/demostration-forests/mountain-home/bof-approved-mountain-home-demonstration-forest-management-plan.pdf?rev=fd023ae818af499c84e07b6de434dff2&hash=5126CED856368C0795952A32F6859644,Mountain Home Demonstration State Forest Management Plan,a fresh coat of paint prior to the installation of the flooring. MHDSF ... California (Volcano. Creek) golden trout. Oncorhynchus mykiss.,candidate_found,
1054022,FUSED ELECTRIC,Limited Liability,825 DICKSON ST,MARINA DEL REY,CA,90292,Los Angeles,(424) 353 9997,05/28/2019,05/31/2027,C10 | C46,Workers' Compensation Insurance,STATE COMPENSATION INSURANCE FUND,03/03/2027,CSLBSearchData_163412289.xlsx,"""FUSED ELECTRIC"" ""MARINA DEL REY"" California solar contractor official website",rpvca.gov,https://www.rpvca.gov/DocumentCenter/View/23095/2025-January-Active-Licenses,[PDF] Business License List - Rancho Palos Verdes,MARINA DEL REY. 90292. 5/7/2025. 12/31/2025. CONTRACTOR - GENERAL ... FUSED ELECTRIC. 3/14/2025. BLCS-10263. MOSHE YACOVY. ELECTRICAL CONTRA. 9 ...,candidate_found,
463720,FUTURE ENERGY SAVERS,Corporation,P O BOX 87,WILTON,CA,95693,Sacramento,(800) 985 0733,10/04/1984,10/31/2026,B | C10 | C17 | C20 | C46,Workers' Compensation Insurance,REDWOOD FIRE AND CASUALTY INSURANCE CO,07/01/2027,CSLBSearchData_163505900.xlsx,"""FUTURE ENERGY SAVERS"" ""WILTON"" California solar contractor official website",findenergy.com,https://findenergy.com/ca/richmond-solar/,"Solar Panels Cost 2.2k-11k in Richmond, CA | August, 2025","... Wilton CDP 498 Installers · Camino Tassajara CDP 516 Installers · Huron ... Future Energy Savers. Elk Grove, CA(916) 686-3008. Services.",candidate_found,
984739,G O P ELECTRIC INC,Corporation,17414 KINGSBURY ST,GRANADA HILLS,CA,91344,Los Angeles,(818) 335 2563,06/25/2013,06/30/2027,B | C10 | C46,Workers' Compensation Insurance,MID-CENTURY INSURANCE COMPANY,10/02/2026,CSLBSearchData_163412289.xlsx,"""G O P ELECTRIC INC"" ""GRANADA HILLS"" California solar contractor official website",napc.pro,https://www.napc.pro/directory/united-states-1/california-5/G/,G,"G A Abell, Inc. dba Precision Electric Co. G C Electric · G O P Electric, Inc. G Smith Int'l. G Smith International · G Team Landscape Construction ...",candidate_found,
496735,G W RICHARDSON HEATING & AIR CONDITIONING INC,Corporation,28231 AVE CROCKER UNIT 100,VALENCIA,CA,91355,Los Angeles,(661) 295 0115,08/14/1986,01/31/2028,C20 | C46,Workers' Compensation Insurance,UNITED FIRE & CASUALTY COMPANY,10/01/2026,CSLBSearchData_163412289.xlsx,"""G W RICHARDSON HEATING & AIR CONDITIONING INC"" ""VALENCIA"" California solar contractor official website",gwrichardsonac.com,https://www.gwrichardsonac.com/,"Top HVAC Services in Valencia, CA | Residential & Commercial AC ...","We provide Installation, Repair & Maintenance in Valencia, CA and the surrounding areas. GW Richardson Heating & Air Conditioning Inc — 28231 Avenue Crocker ...",candidate_found,
661450,GALAXY PLUMBING & SOLAR SYSTEMS INC,Corporation,224 N PARK VIEW DRIVE,AGOURA,CA,91301,Los Angeles,(818) 612 8772,12/21/1992,12/31/2026,C20 | C36 | C46,Workers' Compensation Insurance,STATE COMPENSATION INSURANCE FUND,09/25/2026,CSLBSearchData_163412289.xlsx,"""GALAXY PLUMBING & SOLAR SYSTEMS INC"" ""AGOURA"" California solar contractor official website",buildzoom.com,https://www.buildzoom.com/contractor/galaxy-plumbing-solar-systems-inc,Galaxy Plumbing & Solar Systems | Agoura CA | Get a Bid,"Galaxy Plumbing & Solar Systems Inc, 224 N Park View Dr, Agoura, CA (Employees: Daniel Jacob Eilon, Ori Eilon, and Ori Eilon) holds a Plumbing, ...",candidate_found,
992073,GALLEGOS BRAD STEVEN,Sole Owner,28435 SANDHURST WAY,ESCONDIDO,CA,92026,San Diego,(760) 975 5897,04/12/2014,04/30/2028,C20 | C46,Workers' Compensation Insurance,AMERICAN CASUALTY COMPANY OF READING PA,02/26/2027,CSLBSearchData_163505900.xlsx,"""GALLEGOS BRAD STEVEN"" ""ESCONDIDO"" California solar contractor official website",,,,,no_official_domain_candidate,
692839,GARVEY ROOFING COMPANY INCORPORATED,Corporation,710 E FOOTHILL BLVD,MONROVIA,CA,91016,Los Angeles,(626) 358 9208,07/27/1994,04/30/2027,B | C-2 | C39 | C46,Workers' Compensation Insurance,NATIONAL CASUALTY COMPANY,11/30/2026,CSLBSearchData_163412289.xlsx,"""GARVEY ROOFING COMPANY INCORPORATED"" ""MONROVIA"" California solar contractor official website",bnica.com,https://bnica.com/en-US/memberdetails?encryptedMemberId=w74rQw9%2FqVtacK4QX2G%2B4Q%3D%3D&cmsv3=true&name=Rusti+Delmer,Rusti Delmer | BNI San Gabriel Valley Inland Empire West member ...,"Solar | Solar. Phone 626-234-0706; Direct 626-234 ... Monrovia, CA 91016. garveyroofing.com. My Business. Garvey Roofing Company Incorporated. Ideal Referral.",candidate_found,
1071057,GCI ROOFING,Corporation,P O BOX 461451,ESCONDIDO,CA,92046,San Diego,(760) 676 9449,11/18/2020,04/30/2027,B-2 | C39 | C43 | C46,Workers' Compensation Insurance,STATE COMPENSATION INSURANCE FUND,04/10/2027,CSLBSearchData_163505900.xlsx,"""GCI ROOFING"" ""ESCONDIDO"" California solar contractor official website",solab-trk.aspgov.com,https://solab-trk.aspgov.com/eTRAKiT/License2Application/license2AppStep1.aspx,Public Login - eTRAKiT,"ESCONDIDO LANDSCAPE INC dba NATURE DESIGNS, EVO Air, EVO ENTERPRISES INC dba ... GCI ROOFING, GD CONSTRUCTION INC, GDC CONSTRUCTION INC, GEM Industrial ...",candidate_found,
1157686,GLE SOLAR,Corporation,31111 RD 72,VISALIA,CA,93291,Tulare,(208) 995 6877,07/08/2026,07/31/2028,C46,Workers' Compensation Insurance,STATE COMPENSATION INSURANCE FUND,12/16/2026,CSLBSearchData_163547774.xlsx,"""GLE SOLAR"" ""VISALIA"" California solar contractor official website",zerofi.ai,https://www.zerofi.ai/pro/gle-solar-visalia-ca-629d5154-6a0b-4223-afa4-46a309777146,"Gle Solar - Solar installer in Visalia, CA - ZeroFi","Gle Solar is a licensed solar installer in Visalia, CA. License #1157686, verified active. See details and get matched with vetted local pros on ZeroFi.",candidate_found,
1120463,GOAT SOLAR INC,Corporation,72188 DESERT INC,RANCHO MIRAGE,CA,92270,Riverside,(760) 641 7431,05/07/2024,05/31/2028,C10 | C46,Workers' Compensation Insurance,STARNET INSURANCE COMPANY,05/24/2027,CSLBSearchData_163505900.xlsx,"""GOAT SOLAR INC"" ""RANCHO MIRAGE"" California solar contractor official website",goatsolar.com,https://goatsolar.com/,Discover the Power of Solar Battery Solutions for Your Home,"Goat Solar Inc. 5.0. View All 13 Reviews ... Rancho Mirage, California, United States. 760-641-7431 info@goatsolar.com ...",candidate_found,
1064369,GOGREEN BUILDERS LLC,Limited Liability,15335 MORRISON ST 130,SHERMAN OAKS,CA,91403,Los Angeles,(818) 443 6678,03/16/2020,03/31/2028,B | C39 | C46,Workers' Compensation Insurance,STATE COMPENSATION INSURANCE FUND,05/28/2027,CSLBSearchData_163412289.xlsx,"""GOGREEN BUILDERS LLC"" ""SHERMAN OAKS"" California solar contractor official website",gogreenbuilders.com,https://gogreenbuilders.com/,GoGreen Builders - Sustainable Home Energy Solutions,"© 2024 GoGreen Builders LLC All Rights Reserved. Lic #1064369. Explore ... Suite 130 Sherman Oaks, CA 91403. support@gogreenbuilders.com · (818) 443-6678.",candidate_found,
612405,GOLD RIVER MECHANICAL INC,Corporation,6271 ANGELO COURT,LOOMIS,CA,95650,Placer,(916) 652 6105,02/10/1991,02/28/2027,C20 | C46,Workers' Compensation Insurance,MID-CENTURY INSURANCE COMPANY,06/01/2027,CSLBSearchData_163505900.xlsx,"""GOLD RIVER MECHANICAL INC"" ""LOOMIS"" California solar contractor official website",goldriverheatairsolar.com,https://www.goldriverheatairsolar.com/,"Gold River Mechanical, Inc. | Loomis, CA | Air Conditioning | Heating","6271 Angelo Court Loomis, CA 95650; (916) 652-6105 · grm2842@att.net; License Number: 612405. BBB. Copyright © 2020 Gold River Mechanical, Inc. All Rights ...",candidate_found,
1032117,GOMAXXX INC,Corporation,5000 E 2ND ST STE L,BENICIA,CA,94510,Solano,(707) 782 6611,10/25/2017,10/31/2027,C10 | C46,Workers' Compensation Insurance,STATE COMPENSATION INSURANCE FUND,01/01/2027,CSLBSearchData_163528025.xlsx,"""GOMAXXX INC"" ""BENICIA"" California solar contractor official website",findenergy.com,https://findenergy.com/solar/gomaxxx-inc-solar/,Gomax Solar: Reviews & Solar Pricing,"Gomax Solar: Reviews & Solar Pricing. Solar Installer. 5000 East 2nd Street Suite L, Benicia, CA; gomaxxxsolar.com · (707) 782-6611. High Power ...",candidate_found,
1102888,GOOD APOLLO SOLAR INC,Corporation,1024 E VASSAR AVE,FRESNO,CA,93704,Fresno,(559) 373 1648,03/24/2023,03/31/2027,C46,Workers' Compensation Insurance,STATE COMPENSATION INSURANCE FUND,10/10/2026,CSLBSearchData_163342171.xlsx,"""GOOD APOLLO SOLAR INC"" ""FRESNO"" California solar contractor official website",,,,,no_official_domain_candidate,
1010200,GRAHAM SOLAR SYSTEMS INC,Corporation,9051 CHERRY AVE,ORANGEVALE,CA,95662,Sacramento,(916) 296 9884,01/08/2016,11/30/2026,B | C10 | C46,Workers' Compensation Insurance,STATE COMPENSATION INSURANCE FUND,09/25/2026,CSLBSearchData_163505900.xlsx,"""GRAHAM SOLAR SYSTEMS INC"" ""ORANGEVALE"" California solar contractor official website",dfpi.ca.gov,https://dfpi.ca.gov/regulated-industries/property-assessed-clean-energy-pace-program-administrators/enrolled-pace-solicitor-agents-search/,Enrolled PACE Solicitor Agents Search - DFPI - CA.gov,"... Orangevale, indiv-799037. Sighten Admin, org-407321 - Freestar Inc DBA ... Graham Solar Systems Inc, PACE Funding Group, LLC, Enrolled, 07/01/2021, Exempt ...",candidate_found,
543093,GRASS VALLEY AIR CONDITIONING INC,Corporation,12805 LOMA RICA DR,GRASS VALLEY,CA,95945,Nevada,(530) 272 8171,10/03/1988,10/31/2026,C10 | C20 | C36 | C43 | C46,Workers' Compensation Insurance,OAK RIVER INSURANCE COMPANY,10/01/2026,CSLBSearchData_163444973.xlsx,"""GRASS VALLEY AIR CONDITIONING INC"" ""GRASS VALLEY"" California solar contractor official website",geothermalfinder.com,https://geothermalfinder.com/places/grass-valley-ac-inc/,Grass Valley A/C Inc — Geothermal Contractor | Geothermal Finder,"Grass Valley Air Conditioning Inc., a WaterFurnace dealer, serves Nevada County and surrounding areas from their Grass Valley location with over thirty years of ...",candidate_found,
1127392,GREEN ADDITIONS INC,Corporation,21255 BURBANK BLVD STE 120,LOS ANGELES,CA,91367,Los Angeles,(818) 697 1776,10/04/2024,10/31/2026,C46,Workers' Compensation Insurance,STATE COMPENSATION INSURANCE FUND,11/22/2026,CSLBSearchData_163412289.xlsx,"""GREEN ADDITIONS INC"" ""LOS ANGELES"" California solar contractor official website",bidroom.io,https://bidroom.io/c/ca/los-angeles/solar/green-additions-inc--00091887,"Green Additions Inc — Solar in Los Angeles, CA | Bidroom","Green Additions Inc is a solar contractor serving Los Angeles, California. License records, service area, and how to claim this profile.",candidate_found,
916517,GREEN AIR HEATING AND AIR CONDITIONING INC,Corporation,3953 INDUSTRIAL WAY B,CONCORD,CA,94520,Contra Costa,(925) 284 7336,06/02/2008,06/30/2028,B | C10 | C20 | C46,Workers' Compensation Insurance,STARNET INSURANCE COMPANY,11/11/2026,CSLBSearchData_163342171.xlsx,"""GREEN AIR HEATING AND AIR CONDITIONING INC"" ""CONCORD"" California solar contractor official website",gogreenair.net,https://www.gogreenair.net/,Go Green Air | AC and Heating Contractor in the Bay Area,"Green Air Heating and Air Conditioning, Inc. is your trusted HVAC company in ... Concord, CA 94520, USA. (925) 281-0827. Help. Contact · FAQs · Warranty ...",candidate_found,
938682,GREEN HILL SOLAR INC,Corporation,7020 MIDDLESBURY RIDGE CIR,WEST HILLS,CA,91307,Los Angeles,(310) 667 1154,10/12/2009,10/31/2027,B | C39 | C46,Workers' Compensation Insurance,STATE COMPENSATION INSURANCE FUND,03/01/2027,CSLBSearchData_163412289.xlsx,"""GREEN HILL SOLAR INC"" ""WEST HILLS"" California solar contractor official website",greenhillsolar.com,https://greenhillsolar.com/privacy-policy/,Privacy Policy | Green Hill Solar,"Green Hill Solar Inc. (""Green Hill Solar"") operates /privacy-policy ... 7020 Middlesbury Ridge Cir. West Hills, CA 91307. Phone | Ring! Ring! Call us ...",candidate_found,
1075546,GREEN LINE SOLAR & ENERGY STORAGE,Corporation,120 4TH ST 2640,PETALUMA,CA,94952,Sonoma,(415) 495 4950,05/06/2021,05/31/2027,C46,Workers' Compensation Insurance,STATE COMPENSATION INSURANCE FUND,08/12/2027,CSLBSearchData_163528025.xlsx,"""GREEN LINE SOLAR & ENERGY STORAGE"" ""PETALUMA"" California solar contractor official website",zerofi.ai,https://www.zerofi.ai/pro/green-line-solar-energy-storage-petaluma-ca-77051f61-563b-4f32-8bb0-279055303298,Green Line Solar & Energy Storage - ZeroFi,"Green Line Solar & Energy Storage is a state-licensed solar installer serving Petaluma, CA and nearby communities. Their license is verified ...",candidate_found,
1128206,GREEN POWER DIRECT SOLAR,Sole Owner,440 N BARRANCA AVE # 5688,COVINA,CA,91723,Los Angeles,(626) 524 6296,10/25/2024,10/31/2026,B | C46,Workers' Compensation Insurance,STATE COMPENSATION INSURANCE FUND,03/17/2027,CSLBSearchData_163412289.xlsx,"""GREEN POWER DIRECT SOLAR"" ""COVINA"" California solar contractor official website",secure.cityofirvine.org,https://secure.cityofirvine.org/WebSearch/?webReportGridChangePage=953_20,Businesses Licensed Or In-Process By The City of Irvine,"GREEN POWER DIRECT SOLAR, 440 N BARRANCA AVE PMB 5688, COVINA, CA 91723-1722, Construction, 238210, INSTALL SOLAR PANELS, YI LEE, 1, (626)524-6298, BILLED, 07/ ...",candidate_found,
961800,GREEN STOCK SOLAR,Corporation,PO BOX 3205,NAPA,CA,94558,Napa,(925) 998 8929,06/07/2011,07/31/2027,C46,Workers' Compensation Insurance,STATE COMPENSATION INSURANCE FUND,02/14/2027,CSLBSearchData_163444973.xlsx,"""GREEN STOCK SOLAR"" ""NAPA"" California solar contractor official website",greenstocksolar.com,https://www.greenstocksolar.com/,Green Stock Solar: Best Solar Company in Napa,Green Stock Solar is proud to be one of the best solar companies in Napa. Call our team today for a free quote and invest in your future today.,candidate_found,
1026278,GREEN UNIVERSE INC,Corporation,"17216 SATICOY STREET,#359",VAN NUYS,CA,91406,Los Angeles,(844) 686 4837,04/28/2017,04/30/2027,ASB | B | C21 | C46,Workers' Compensation Insurance,HARTFORD CASUALTY INSURANCE COMPANY,05/17/2027,CSLBSearchData_163412289.xlsx,"""GREEN UNIVERSE INC"" ""VAN NUYS"" California solar contractor official website",thegreenuniverseinc.com,https://thegreenuniverseinc.com/,"Green Universe, Inc.","Green Universe, Inc. A Family owned and operated General Construction ... 17216 Saticoy St Van Nuys, CA 91406. (844) 686-4837. greenuniverseinc@gmail ...",candidate_found,
1047548,GREENCAT INC,Corporation,26501 RIO VISTA DR,HEMET,CA,92544,Riverside,(208) 360 3011,12/05/2018,12/31/2026,B | C-2 | C10 | C17 | C20 | C36 | C46 | D65,Workers' Compensation Insurance,EVEREST NATIONAL INSURANCE COMPANY,01/01/2027,CSLBSearchData_163505900.xlsx,"""GREENCAT INC"" ""HEMET"" California solar contractor official website",cleanenergyconnection.org,https://cleanenergyconnection.org/contractor/greencat-inc,"Greencat, Inc. | Clean Energy Connection","Greencat, Inc. Clean Energy Connection Verified October 2023. Request ... Hemet, CA 92544. United States. Service Area. 92805, 92803, 92812, 92814, 92815 ...",candidate_found,
908145,GREENVOX CORPORATION,Corporation,"3017 NORTH SAN FERNANDO BLVD,UNIT D",BURBANK,CA,91504,Los Angeles,(747) 895 8888,12/18/2007,12/31/2027,C20 | C46,Workers' Compensation Insurance,STATE COMPENSATION INSURANCE FUND,05/23/2027,CSLBSearchData_163412289.xlsx,"""GREENVOX CORPORATION"" ""BURBANK"" California solar contractor official website",local.yahoo.com,https://local.yahoo.com/info-238494600-greenvox-corporation-burbank/,"Greenvox Corporation in Burbank, CA","Read customer reviews and get hours of operation and contact information for Greenvox Corporation, a(n) Solar Installations business in Burbank, CA.",candidate_found,
954140,GREENWIRED INC,Corporation,PO BOX 1686,REDWAY,CA,95560,Humboldt,(707) 923 2001,11/02/2010,11/30/2026,C10 | C20 | C46,Workers' Compensation Insurance,STATE COMPENSATION INSURANCE FUND,08/27/2026,CSLBSearchData_163412289.xlsx,"""GREENWIRED INC"" ""REDWAY"" California solar contractor official website",buildzoom.com,https://www.buildzoom.com/contractor/greenwired-inc-ca,Greenwired | Redway CA | Read Reviews + Get a Free ...,"Greenwired Inc Contact Information. Phone Number: (707) 826-0881. Address: P O BOX 1686, Redway, CA 95560. Greenwired Inc Redway. Quality. 116. 98th percentile.",candidate_found,
858319,GREER'S BANNER AIR OF BAKERSFIELD INC,Corporation,4115 BUCK OWENS BLVD #B,BAKERSFIELD,CA,93308,Kern,(661) 322 5858,05/03/2005,05/31/2027,B | C20 | C43 | C46,Workers' Compensation Insurance,OAK RIVER INSURANCE COMPANY,04/01/2027,CSLBSearchData_163412289.xlsx,"""GREER'S BANNER AIR OF BAKERSFIELD INC"" ""BAKERSFIELD"" California solar contractor official website",bannerair.com,https://www.bannerair.com/,Greer's Banner Air: Bakersfield HVAC Company,"Call us at (661) 795-2779 or fill out the form below to get started. ... Greer's Banner Air of Bakersfield, Inc. License #: 858319. © 2026 All Rights Reserved.",candidate_found,
365955,GREINER HEATING AIR AND ELECTRIC INC,Corporation,8235 PEDRICK RD,DIXON,CA,95620,Solano,(707) 678 1784,11/20/1978,05/31/2028,C-2 | C10 | C20 | C36 | C46,Workers' Compensation Insurance,TRAVELERS PROPERTY CASUALTY COMPANY OF AMERICA,10/01/2026,CSLBSearchData_163528025.xlsx,"""GREINER HEATING AIR AND ELECTRIC INC"" ""DIXON"" California solar contractor official website",contracosta.ca.gov,https://www.contracosta.ca.gov/Archive.aspx?ADID=6908,Building Permits Issued,"Contractor. GREINER HEATING AIR AND ELECTRIC INC. 8235 PEDRICK RD DIXON, CA 95620. NUMBER. TYPE. STATUS. ISSUED. VALUATION. DESCRIPTION. SQ FT.",candidate_found,
867533,GRID ALTERNATIVES,Corporation,1171 OCEAN AVE,OAKLAND,CA,94608,Alameda,(510) 731 1310,11/14/2005,11/30/2027,B | C10 | C46,Workers' Compensation Insurance,HARTFORD FIRE INSURANCE COMPANY,04/01/2027,CSLBSearchData_163342171.xlsx,"""GRID ALTERNATIVES"" ""OAKLAND"" California solar contractor official website",gridalternatives.org,https://gridalternatives.org/regions/bayarea/about,About - GRID Alternatives,"GRID Alternatives was founded in the Bay Area, completing our first solar installation in 2004. Housed in Oakland, the Bay Area regional office primarily ...",candidate_found,
1024264,GSE SOLAR SYSTEMS INC,Corporation,P O BOX 156,ADELANTO,CA,92301,San Bernardino,(760) 246 7733,03/03/2017,03/31/2027,C46,Workers' Compensation Insurance,STATE COMPENSATION INSURANCE FUND,08/12/2027,CSLBSearchData_163505900.xlsx,"""GSE SOLAR SYSTEMS INC"" ""ADELANTO"" California solar contractor official website",agentsolar.ai,https://agentsolar.ai/installers/gse-solar-systems-adelanto-ca-86uz,"GSE Solar Systems, Inc. — Reviews, Prices & Info | Adelanto, CA ...","GSE Solar Systems, Inc. is a solar installation company based in Adelanto, CA. Founded in 1991, the company has over 34 years of experience in the solar ...",candidate_found,
1117117,GU DEVELOPMENT INC,Corporation,4678 FRONTENAC PARK CT,FREMONT,CA,94538,Alameda,(650) 587 8648,02/27/2024,02/29/2028,B | C10 | C46,Workers' Compensation Insurance,STATE COMPENSATION INSURANCE FUND,06/22/2027,CSLBSearchData_163342171.xlsx,"""GU DEVELOPMENT INC"" ""FREMONT"" California solar contractor official website",buildzoom.com,https://www.buildzoom.com/contractor/gu-development-inc,Gu Development | Fremont CA | Read Reviews + Get a Free Bid - BuildZoom,"4678 Frontenac Park Ct, Fremont, CA … holds a General Building, Electrical, Solar license. Phone Number: (650) 587-8648",candidate_found,
997054,GUYOU CONSTRUCTION INC,Corporation,9880 INDIANA AVENUE SUITE 2,RIVERSIDE,CA,92503,Riverside,(866) 464 8968,09/23/2014,09/30/2028,B | C10 | C20 | C39 | C46,Workers' Compensation Insurance,BERKSHIRE HATHAWAY HOMESTATE INSURANCE COMPANY,04/04/2027,CSLBSearchData_163505900.xlsx,"""GUYOU CONSTRUCTION INC"" ""RIVERSIDE"" California solar contractor official website",guyouconstruction.com,https://guyouconstruction.com/,"Roofing & Solar Company Riverside, CA | Guyou Roofing ...","Guyou Roofing & Solar in Riverside, CA delivers durable, energy-efficient roofing and expert solar solutions with 20 years' experience and flexible plans.",candidate_found,
1024165,H C I SOLAR,Corporation,"2121 N CALIFORNIA BLVD,SUITE 290",WALNUT CREEK,CA,94596,Contra Costa,(415) 910 6808,02/28/2017,08/31/2027,C10 | C46,Workers' Compensation Insurance,STARNET INSURANCE COMPANY,08/08/2026,CSLBSearchData_163342171.xlsx,"""H C I SOLAR"" ""WALNUT CREEK"" California solar contractor official website",hcisolarusa.com,https://www.hcisolarusa.com/,Bay Area Solar Companies | Hci Solar | United States,"hci solar Solar-Panels (1). unnamed (9). hci solar Santa Monica. Our work ... Walnut Creek, Ca. 94596. admin@hcisolarusa.com. Tel: 415-910-6808. OPENING ...",candidate_found,
822005,H M W DEVELOPMENT INC,Corporation,30 LAUREL HILL COURT,SAN MATEO,CA,94402,San Mateo,(415) 806 8992,07/21/2003,07/31/2027,A | B | C-7 | C10 | C46,Workers' Compensation Insurance,STATE COMPENSATION INSURANCE FUND,11/25/2026,CSLBSearchData_163528025.xlsx,"""H M W DEVELOPMENT INC"" ""SAN MATEO"" California solar contractor official website",data.sfgov.org,https://data.sfgov.org/api/views/fdm7-jqqf/rows.csv?accessType=DOWNLOAD&api_foundry=true,https://data.sfgov.org/api/views/fdm7-jqqf/rows.cs...,"... San Mateo,Dr,CA,94401-0000,4156477333,,304975,Y,0947359,2026/04/24 05:04:56 ... H M W Development Inc,1803,Louvaine,Dr,CA,94015-0000,,,822005,Y,0378726 ...",candidate_found,
918651,H R C ROOFING AND SOLAR INC,Corporation,27365 INDUSTRIAL BLVD UNIT D,HAYWARD,CA,94545,Alameda,(855) 827 8957,07/03/2008,05/31/2028,B | C39 | C46 | D41,Workers' Compensation Insurance,STATE COMPENSATION INSURANCE FUND,06/21/2027,CSLBSearchData_163342171.xlsx,"""H R C ROOFING AND SOLAR INC"" ""HAYWARD"" California solar contractor official website",hrcroofingandsolar.com,https://www.hrcroofingandsolar.com/,H.R.C. Roofing and Solar Inc.,"HRC Roofing and Solar, Inc. CA LIC. 918651. 27365 Industrial Blvd Unit D Hayward CA 94545 3420 Fostoria Way. Suite. A200- ...",candidate_found,
810016,HAMMER MECHANICAL INC,Corporation,1611 S MELROSE DR STE A286,VISTA,CA,92081,San Diego,(760) 597 9282,06/29/2002,06/30/2028,C20 | C46,Workers' Compensation Insurance,HARTFORD UNDERWRITERS INSURANCE COMPANY,12/01/2026,CSLBSearchData_163505900.xlsx,"""HAMMER MECHANICAL INC"" ""VISTA"" California solar contractor official website",hammermechanical.com,https://hammermechanical.com/,Hammer Mechanical Inc.: Radiant Floor Heating in San Diego,Featured Builder. Hammer Mechanical Inc. earns top honors in energy efficiency and sustainability for our Belle Vista Solar-Radiant project in Coronado.,candidate_found,
1071940,HAMODOT ISAAC,Sole Owner,2131 CENTURY PARK LANE 416,LOS ANGELES,CA,90067,Los Angeles,(714) 244 9812,12/14/2020,12/31/2026,B | C46,Workers' Compensation Insurance,STATE COMPENSATION INSURANCE FUND,07/24/2027,CSLBSearchData_163412289.xlsx,"""HAMODOT ISAAC"" ""LOS ANGELES"" California solar contractor official website",,,,,no_official_domain_candidate,
434631,HANLEY CONSTRUCTION,Corporation,P O BOX 808,STOCKTON,CA,95201,San Joaquin,(209) 462 2446,02/07/1983,02/28/2027,B | C-8 | C10 | C46 | D28,Workers' Compensation Insurance,STATE COMPENSATION INSURANCE FUND,10/01/2026,CSLBSearchData_163505900.xlsx,"""HANLEY CONSTRUCTION"" ""STOCKTON"" California solar contractor official website",rocketreach.co,https://rocketreach.co/hanley-construction-inc-profile_b42bf2d6c1fbb4fe,Hanley Construction Inc Information,"Hanley Construction Inc Information ; Founded, 1952 ; Address, 3333 Delaware Ave, Stockton, California 95204, US ; Phone, (209) 462-2446 ; Fax, (209) 462-4120.",candidate_found,
734617,HARAN CONTRACTING,Sole Owner,11795 PAREY AVE,RED BLUFF,CA,96080,Tehama,(530) 356 7109,04/04/1997,04/30/2027,B | C10 | C46,Workers' Compensation Insurance,STATE COMPENSATION INSURANCE FUND,03/05/2027,CSLBSearchData_163547774.xlsx,"""HARAN CONTRACTING"" ""RED BLUFF"" California solar contractor official website",contractorlicenseproof.com,https://contractorlicenseproof.com/california/contractor/haran-contracting-734617,Haran Contracting — CA Contractor License #734617 | Contractor ...,"Haran Contracting holds an active California (CSLB) contractor license # ... 11795 PAREY AVE, Red Bluff, CA 96080Tehama County ... contractors in Red Bluff. M D ...",candidate_found,
814866,HAVEN-ELECTRIC INC,Corporation,P O BOX 1352,BLUE LAKE,CA,95525,Humboldt,(707) 502 5454,11/15/2002,11/30/2027,B | C10 | C20 | C39 | C46,Workers' Compensation Insurance,STATE COMPENSATION INSURANCE FUND,04/03/2027,CSLBSearchData_163412289.xlsx,"""HAVEN-ELECTRIC INC"" ""BLUE LAKE"" California solar contractor official website",haven-electric.com,https://www.haven-electric.com/,Haven Electric,"HAVEN-ELECTRIC, INC · 405 Chartin Road Blue Lake, CA 95525 · mark@haven-electric.com · (707) 502-5454 · HAVEN-ELECTRIC, INC‍ CA License #814866 ‍©Copyright 2021 ...",candidate_found,
606836,HAWES HEATING & AIR CONDITIONING,Sole Owner,39764 SHARON AVENUE,DAVIS,CA,95616,Yolo,(707) 429 1116,11/20/1990,11/30/2026,C20 | C46,Workers' Compensation Insurance,TECHNOLOGY INSURANCE COMPANY INC,03/06/2027,CSLBSearchData_163547774.xlsx,"""HAWES HEATING & AIR CONDITIONING"" ""DAVIS"" California solar contractor official website",vall-trk.aspgov.com,https://vall-trk.aspgov.com/eTRAKiT/PermitApplication/confirmation.aspx,eTRAKiT - IIS Windows Server,"DAVIS ELECTRIC & SYSTEMS, DAVIS PRO BUILDERS INC, DAVIS SIGN CO INC, DAWSON ... HAWES HEATING & AIR CONDITIONING, HAWK BUILDERS INC, HAWKINS GROUP INC, HAZEL ...",candidate_found,
1115237,HELIOS CONSTRUCTION SERVICES,Limited Liability,11485 COLONY ROAD,GALT,CA,95632,Sacramento,(209) 327 5579,01/22/2024,01/31/2028,B | C10 | C39 | C46,Workers' Compensation Insurance,STATE COMPENSATION INSURANCE FUND,02/20/2027,CSLBSearchData_163505900.xlsx,"""HELIOS CONSTRUCTION SERVICES"" ""GALT"" California solar contractor official website",,,,,no_official_domain_candidate,
855174,HENRY MECHANICAL,Corporation,7656 BELL RD,WINDSOR,CA,95492,Sonoma,(707) 838 3311,02/28/2005,02/28/2027,C10 | C20 | C36 | C43 | C46,Workers' Compensation Insurance,OAK RIVER INSURANCE COMPANY,01/27/2027,CSLBSearchData_163528025.xlsx,"""HENRY MECHANICAL"" ""WINDSOR"" California solar contractor official website",henrymechanical.com,https://henrymechanical.com/,"Henry Mechanical | HVAC Services in the North Bay Area, CA","Welcome to Henry Mechanical, a trusted family-owned Sonoma County HVAC company. ... Windsor, CA 95492. Napa County: 707-838-3311. Sonoma County: 707-838-3311.",candidate_found,
1130591,HHS SOLAR CA LLC,Limited Liability,1121 STIKER AVE STE 150,SACRAMENTO,CA,93065,Sacramento,(818) 254 8209,12/17/2024,12/31/2026,B | C10 | C17 | C33 | C39 | C46,Workers' Compensation Insurance,STATE COMPENSATION INSURANCE FUND,12/11/2026,CSLBSearchData_163505900.xlsx,"""HHS SOLAR CA LLC"" ""SACRAMENTO"" California solar contractor official website",homequotr.com,https://homequotr.com/contractors/solar/sacramento,"Solar Contractors in Sacramento, California | HomeQuotr","Solar Contractors in Sacramento ; HHS SOLAR CA LLC, 1130591, C-46, Active, CA ; ILUM ENERGY SOLUTIONS, 1092865, C-46, Active, CA.",candidate_found,
949189,HIGH DEFINITION SOLAR CONSTRUCTION,Corporation,1190 BURNETT AVE SUITE F,CONCORD,CA,94520,Contra Costa,(925) 566 8282,06/24/2010,06/30/2028,B | C39 | C46,Workers' Compensation Insurance,EMPLOYERS PREFERRED INSURANCE COMPANY,02/05/2027,CSLBSearchData_163342171.xlsx,"""HIGH DEFINITION SOLAR CONSTRUCTION"" ""CONCORD"" California solar contractor official website",homversa.com,https://homversa.com/biz/high-definition-solar-inc-dba-high-definition-solar-construc,High Definition Solar Inc. DBA High Definition Solar Construction,"DBA High Definition Solar Construction is a Concord, California roofing company holding CSLB license #949189, verified against state records, licensed since ...",candidate_found,
907086,HIGH POINT SOLAR,Sole Owner,PO BOX 100 PMB 104,MAMMOTH LAKES,CA,93546,Mono,(760) 914 2555,11/27/2007,11/30/2027,B | C10 | C46,Workers' Compensation Insurance,EMPLOYERS PREFERRED INSURANCE COMPANY,03/21/2027,CSLBSearchData_163444973.xlsx,"""HIGH POINT SOLAR"" ""MAMMOTH LAKES"" California solar contractor official website",highpoint-solar.com,https://highpoint-solar.com/,Highpoint Solar: Solar Power Systems for the Eastern Sierra,"Gain Your Energy Independence. Highpoint Solar, located in Bishop and Mammoth Lakes, California, is a leading solar power company specializing in meeting ...",candidate_found,
960376,HIGHLIGHT SOLAR INC A CALIFORNIA CORPORATION,Corporation,3554 PARKLAND AVE,SAN JOSE,CA,95117,Santa Clara,(408) 489 9273,04/27/2011,04/30/2027,B | C10 | C46,Workers' Compensation Insurance,EMPLOYERS PREFERRED INSURANCE COMPANY,10/01/2026,CSLBSearchData_163528025.xlsx,"""HIGHLIGHT SOLAR INC A CALIFORNIA CORPORATION"" ""SAN JOSE"" California solar contractor official website",agentsolar.ai,https://agentsolar.ai/installers/highlight-solar-san-jose-ca-e9uf,"Highlight Solar — 77 Installs, $3.22/W avg | San Jose, CA","Highlight Solar. San Jose, CA ... Company Details. Associated Companies & Name Variations. highlight solar inc a california corporation ... Data & Insights. Most ...",candidate_found,
846105,HODNE ROOFING & SOLAR,Corporation,18261 FIELDBURY LANE,HUNTINGTON BEACH,CA,92648,Orange,(310) 326 5992,09/09/2004,09/30/2026,B | C39 | C46,Workers' Compensation Insurance,STATE COMPENSATION INSURANCE FUND,10/01/2026,CSLBSearchData_163444973.xlsx,"""HODNE ROOFING & SOLAR"" ""HUNTINGTON BEACH"" California solar contractor official website",local.yahoo.com,https://local.yahoo.com/info-34994056-hodne-roofing-solar-huntington-beach/,"Hodne Roofing & Solar in Huntington Beach, CA – Reviews, Hours ...","Read customer reviews and get hours of operation and contact information for Hodne Roofing & Solar, a(n) Roofing Contractors business in Huntington Beach, CA.",candidate_found,
1008036,HOME BUILT ENERGY INC,Corporation,746 E PALM DRIVE,HANFORD,CA,93230,Kings,(559) 573 8988,10/09/2015,06/30/2028,B | C20 | C46,Workers' Compensation Insurance,STATE COMPENSATION INSURANCE FUND,09/07/2026,CSLBSearchData_163412289.xlsx,"""HOME BUILT ENERGY INC"" ""HANFORD"" California solar contractor official website",homebuiltenergyinc.com,https://homebuiltenergyinc.com/contact-us,Contact Home Built Energy: Your Sustainable Energy Experts,"Home Built Energy Inc. was founded in October of 2015 with the vision to ... Hanford, CA 93230.. Mon-Fri : 8:00AM – 4:00PM Closed on Weekends. SITEMAP.",candidate_found,
1050229,HOME PRO ROOFING AND SOLAR,Corporation,100 S MURPHY AVE SUITE 200,SUNNYVALE,CA,94086,Santa Clara,(800) 650 3134,02/14/2019,02/28/2027,B | C39 | C46,Workers' Compensation Insurance,STATE COMPENSATION INSURANCE FUND,02/07/2027,CSLBSearchData_163528025.xlsx,"""HOME PRO ROOFING AND SOLAR"" ""SUNNYVALE"" California solar contractor official website",homeproca.com,https://homeproca.com/,"Sunnyvale Roofing & Solar Contractor | 5-Star, Local","Home Pro Roofing and Solar is a licensed California contractor (CSLB #1050229) serving Sunnyvale, Mountain View, Los Altos, Palo Alto, Santa Clara, ...",candidate_found,
1053003,HOMEXPERTS INC,Corporation,"1320 WILLOW PASS RD,SUITE 600",CONCORD,CA,94520,Contra Costa,(833) 699 7378,04/30/2019,04/30/2027,B | C39 | C46,Workers' Compensation Insurance,STATE COMPENSATION INSURANCE FUND,05/03/2027,CSLBSearchData_163342171.xlsx,"""HOMEXPERTS INC"" ""CONCORD"" California solar contractor official website",homexpertsinc.com,https://www.homexpertsinc.com/,"HomeXperts Inc.: Roofing Contractor in Concord, CA","Trusted Concord roofing company offering repairs & full roof replacements. Licensed, insured, and affordable. Call HomeXperts Inc. for a free quote today.",candidate_found,
942829,HONEYS AIR & SOLAR,Corporation,501 BITRITTO WAY,MODESTO,CA,95356,Stanislaus,(209) 523 2345,01/29/2010,01/31/2028,C10 | C17 | C20 | C36 | C46,Workers' Compensation Insurance,ZURICH AMERICAN INSURANCE COMPANY,10/01/2026,CSLBSearchData_163528025.xlsx,"""HONEYS AIR & SOLAR"" ""MODESTO"" California solar contractor official website",honeysair.com,https://www.honeysair.com/,"Honey's Air: HVAC & Solar Panel Services in Modesto, CA","Honey's Air & Solar delivers HVAC, heating, cooling, indoor air quality & solar services in Modesto, CA ... Yo L. I highly recommend Honeys Air & Solar. “The ...",candidate_found,
949707,HOOKED ON SOLAR INC,Corporation,2571 WARREN DRIVE,ROCKLIN,CA,95677,Placer,(855) 466 5332,07/08/2010,06/30/2027,B | C10 | C46,Workers' Compensation Insurance,STATE COMPENSATION INSURANCE FUND,06/04/2027,CSLBSearchData_163505900.xlsx,"""HOOKED ON SOLAR INC"" ""ROCKLIN"" California solar contractor official website",hookedonsolar.com,https://hookedonsolar.com/,Hooked on Solar,"Hooked on Solar Inc. 2571 Warren Drive Rocklin, CA 95677 855-466-5332. Latest News. 25. May. Benefits of Solar for 2025 Comments Off on Benefits of Solar for ...",candidate_found,
987927,HORIZON ENERGY SYSTEMS LLC,Limited Liability,5024 ENGLE ROAD,CARMICHAEL,CA,95608,Sacramento,(833) 667 4324,10/23/2013,07/31/2027,B | C10 | C46,Workers' Compensation Insurance,STATE COMPENSATION INSURANCE FUND,11/01/2026,CSLBSearchData_163505900.xlsx,"""HORIZON ENERGY SYSTEMS LLC"" ""CARMICHAEL"" California solar contractor official website",fortresspower.com,https://www.fortresspower.com/where-to-buy/,Where to Buy Fortress Power | Find Local Partners & ...,"Directions Website. Horizon Energy Systems LLC. 5024 Engle Road Carmichael, CA, 95608; 833 667-4324 · Bruce@HES.solar; Mon, Tues, Wed, Thur, Fri, Sat, Sun.",candidate_found,
940550,HOT PURPLE ENERGY,Corporation,P O BOX 261,PALM SPRINGS,CA,92263,Riverside,(760) 898 3939,12/01/2009,12/31/2027,B | C46,Workers' Compensation Insurance,OAK RIVER INSURANCE COMPANY,05/01/2027,CSLBSearchData_163505900.xlsx,"""HOT PURPLE ENERGY"" ""PALM SPRINGS"" California solar contractor official website",hotpurpleenergy.com,https://hotpurpleenergy.com/,Hot Purple Energy – Solar Energy Solar Panels Solar ...,"SOLAR PHOTOS. Having decades of contracting experience, Hot Purple Energy ... Farrell Dr. Palm Springs CA 92262. Email : solar@hotpurpleenergy.com. Tel ...",candidate_found,
898737,HOWE ELECTRIC CONSTRUCTION INC,Corporation,4682 E OLIVE AVENUE,FRESNO,CA,93702,Fresno,(559) 255 8992,06/18/2007,06/30/2027,B | C10 | C46,Workers' Compensation Insurance,CONTINENTAL INSURANCE COMPANY (THE),11/01/2026,CSLBSearchData_163342171.xlsx,"""HOWE ELECTRIC CONSTRUCTION INC"" ""FRESNO"" California solar contractor official website",rocketreach.co,https://rocketreach.co/howe-electric-construction-inc-profile_b5dec07cf42e4f28,"Howe Electric Construction, Inc. Information","Howe Electric Construction, Inc. Information ; Founded, 1949 ; Address, 4682 E. Olive Ave., Fresno, California 93702, US ; Phone, +1 559-255-8992 ; Fax, (559) 255- ...",candidate_found,
1142194,HP ELECTRICAL LLC,Limited Liability,10315 COMSTOCK LANE,AUBURN,CA,95603,Placer,(470) 504 4045,08/19/2025,08/31/2027,B | C10 | C46,Workers' Compensation Insurance,PIE INSURANCE COMPANY (THE),11/12/2026,CSLBSearchData_163505900.xlsx,"""HP ELECTRICAL LLC"" ""AUBURN"" California solar contractor official website",buildzoom.com,https://www.buildzoom.com/contractor/hp-electrical-llc,Hp Electrical | Auburn CA | Read Reviews + Get a Free Quote,"Hp Electrical LLC in Auburn, CA | Photos | Reviews | 1 building permit for $22000. Recent work: Powerwall 3 and expansion battery. Solar License: 1142194.",candidate_found,
1048126,HPM SOLAR INC,Corporation,1081 W 9TH ST,UPLAND,CA,91786,San Bernardino,(909) 297 3284,12/19/2018,12/31/2026,C46,Workers' Compensation Insurance,STATE COMPENSATION INSURANCE FUND,12/01/2026,CSLBSearchData_163505900.xlsx,"""HPM SOLAR INC"" ""UPLAND"" California solar contractor official website",app.bcigem.com,https://app.bcigem.com/company?p=1&rc=8673,Company Database - BCI GEM,"https://www.hpmsolar.com/, HPM Solar Inc. EPC Contractor, Upland, CA, 0, 08/15/2026, 1. https://www.greenskies.com/, Greenskies Clean Energy LLC, Construction ...",candidate_found,
793014,HPS PLUMBING SERVICES,Corporation,3100 E BELLE TERRACE,BAKERSFIELD,CA,93307,Kern,(661) 397 2121,03/27/2001,03/31/2027,A | B | C-2 | C-4 | C10 | C16 | C20 | C34 | C36 | C42 | C43 | C46,Workers' Compensation Insurance,ZURICH AMERICAN INSURANCE COMPANY,07/01/2027,CSLBSearchData_163412289.xlsx,"""HPS PLUMBING SERVICES"" ""BAKERSFIELD"" California solar contractor official website",hps-plumbing-services.wheree.com,https://hps-plumbing-services.wheree.com/,"HPS PLUMBING SERVICES - Reviews, Photos & Phone ...","Solar X Construction Inc · HVAC Services | Roofing Services | Solar Installation Services. 4900 California Ave Ste 305A, Bakersfield, CA 93309, United States.",candidate_found,
975784,HRC HOME IMPROVEMENT INC,Corporation,"27365 INDUTRIAL BLVD,UNIT D",HAYWARD,CA,94545,Alameda,(855) 827 8957,08/14/2012,08/31/2026,B | C39 | C46,Workers' Compensation Insurance,STATE COMPENSATION INSURANCE FUND,06/21/2027,CSLBSearchData_163342171.xlsx,"""HRC HOME IMPROVEMENT INC"" ""HAYWARD"" California solar contractor official website",statecreds.com,https://www.statecreds.com/license/ca/roofer/hrc-home-improvement-inc-975784,Hrc Home Improvement INC — Licensed Roofing Contractor in ...,"Hrc Home Improvement INC is registered with California to do roofing contractor work, license #975784, based in Hayward. Pulled and refreshed from the ...",candidate_found,
352336,HUDSPETH CONSTRUCTION INC,Corporation,817 S BOLLINGER CT,VISALIA,CA,93277,Tulare,(559) 625 1371,02/06/1978,07/31/2028,A | B | C-8 | C46,Workers' Compensation Insurance,EVEREST PREMIER INSURANCE COMPANY,02/01/2027,CSLBSearchData_163547774.xlsx,"""HUDSPETH CONSTRUCTION INC"" ""VISALIA"" California solar contractor official website",homesonspec.com,https://homesonspec.com/homes/cmsloo1da06uadzrehom6x06g,HomesOnSpec — Every new home. Every builder. One search.,Active California-licensed subcontractors near Visalia ... HUDSPETH CONSTRUCTION INC. VISALIA ... AZTEC PLUMBING GENERAL CONTRACTOR. VISALIA · Tulare. CLEAR.,candidate_found,
1028965,I LOVE MY SOLAR INC,Corporation,1550 CARBONDALE ROAD,IONE,CA,95640,Amador,(877) 607 6527,07/14/2017,08/31/2027,B | C10 | C39 | C46,Workers' Compensation Insurance,STATE COMPENSATION INSURANCE FUND,07/12/2027,CSLBSearchData_163342171.xlsx,"""I LOVE MY SOLAR INC"" ""IONE"" California solar contractor official website",zerofi.ai,https://www.zerofi.ai/pro/i-love-my-solar-inc-ione-ca-548199c1-dcdd-48b9-a7d6-b6f156551ec1,"I Love My Solar Inc - Electrician in Ione, CA | ZeroFi","I Love My Solar Inc is a licensed electrician in Ione, CA. License #1028965, verified active. See details and get matched with vetted local pros on ZeroFi.",candidate_found,
937645,ILLUMINATE SOLAR COMPANY,Corporation,155 LAKEWOOD RD,WALNUT CREEK,CA,94598,Contra Costa,(925) 324 7176,09/10/2009,06/30/2027,B | C39 | C46,Workers' Compensation Insurance,STATE COMPENSATION INSURANCE FUND,11/11/2026,CSLBSearchData_163342171.xlsx,"""ILLUMINATE SOLAR COMPANY"" ""WALNUT CREEK"" California solar contractor official website",nextdoor.com,https://nextdoor.com/pages/illuminate-solar-company-walnut-creek-ca/,"Illuminate Solar Company - Walnut Creek, CA - Nextdoor","Based in Walnut Creek, for nine years the highly dedicated and experienced team at Illuminate Solar Company has utilized their trustworthy, honest and thorough ...",candidate_found,
1125951,IMPACT SOLAR ENERGY LLC,Limited Liability,25 SHELL BARK,IRVINE,CA,92618,Orange,(949) 344 5640,09/04/2024,09/30/2028,B | C10 | C46,Workers' Compensation Insurance,STATE COMPENSATION INSURANCE FUND,09/18/2026,CSLBSearchData_163444973.xlsx,"""IMPACT SOLAR ENERGY LLC"" ""IRVINE"" California solar contractor official website",homesonspec.com,https://homesonspec.com/homes/cmrwhcfyf5zs5dzfh9b1z4ntd,HomesOnSpec — Every new home. Every builder. One search.,Active California-licensed subcontractors near Irvine ... MAX CONCRETE CONTRACTOR DRIVEWAY & SIDEWALK. IRVINE · Orange. CLEAR ... IMPACT SOLAR ENERGY LLC. IRVINE · ...,candidate_found,
1086834,INDIGO SOLAR,Sole Owner,26820 CRILLY RD,CORONA,CA,92883,Riverside,(951) 427 4527,02/01/2022,02/29/2028,C46,Workers' Compensation Insurance,PIE INSURANCE COMPANY (THE),11/22/2026,CSLBSearchData_163505900.xlsx,"""INDIGO SOLAR"" ""CORONA"" California solar contractor official website",indigosolarenergy.com,https://indigosolarenergy.com/,Indigo Solar Energy: Solar Installations & System Care,"| Corona, CA. “What a pleasure it was working with Indigo Solar Energy on my solar installation truly amazing experience. Becca and Jorge were always ready ...",candidate_found,
1008917,INFINITE SOLAR INC,Corporation,1111 DORIS AVE,OXNARD,CA,93030,Ventura,(805) 807 5550,11/12/2015,08/31/2028,C46,Workers' Compensation Insurance,STATE COMPENSATION INSURANCE FUND,12/17/2026,CSLBSearchData_163547774.xlsx,"""INFINITE SOLAR INC"" ""OXNARD"" California solar contractor official website",homequotr.com,https://homequotr.com/contractors/solar/oxnard,"Solar Contractors in Oxnard, California | HomeQuotr","... Government ... HomeQuotr lists 1 licensed solar contractors in Oxnard, California. ... INFINITE SOLAR INC. Active. License1008917TypeC-46StateCA. ClaimReport.",candidate_found,
992065,INFINITY ELECTRIC & GENERATORS,Corporation,9076 LYNDORA STREET,DOWNEY,CA,90242,Los Angeles,(323) 382 4271,04/12/2014,03/31/2028,C10 | C46,Workers' Compensation Insurance,PIE INSURANCE COMPANY (THE),06/01/2027,CSLBSearchData_163412289.xlsx,"""INFINITY ELECTRIC & GENERATORS"" ""DOWNEY"" California solar contractor official website",data.lacity.org,https://data.lacity.org/api/views/3qjq-qviy/rows.csv?accessType=DOWNLOAD,https://data.lacity.org/api/views/3qjq-qviy/rows.c...,"... INFINITY ELECTRIC & GENERATORS,9076 LYNDORA ST,DOWNEY,CA,C10,992065,JOAQUIN,,GUTIERREZ,04/30/2022,JOAQUIN,GUTIERREZ,,9076 LYNDORSA ST,,R1-1,2 ,21041-90000 ...",candidate_found,
698270,INSTALLATION OF DATA & TELECOMMUNICATIONS,Partnership,517 JACOBY ST STE C,SAN RAFAEL,CA,94901,Marin,(415) 226 0020,11/01/1994,11/30/2026,C-7 | C46,Workers' Compensation Insurance,HARTFORD CASUALTY INSURANCE COMPANY,04/20/2027,CSLBSearchData_163444973.xlsx,"""INSTALLATION OF DATA & TELECOMMUNICATIONS"" ""SAN RAFAEL"" California solar contractor official website",contractorlicenseproof.com,https://contractorlicenseproof.com/california/solar/san-rafael,"Solar Contractors in San Rafael, CA (C-46) | Contractor License Proof","C-46 · San Rafael, CA. Licensed. Verified August 4, 2026 · Bonded · Installation of Data & Telecommunications. C-46 · San Rafael, CA. Licensed. Verified August ...",candidate_found,
750325,"INTEGRITY HEATING, AIR & SOLAR",Corporation,5213 INDUSTRIAL WAY,ANDERSON,CA,96007,Shasta,(530) 365 9100,06/05/1998,09/30/2026,C20 | C46,Workers' Compensation Insurance,STATE COMPENSATION INSURANCE FUND,07/01/2027,CSLBSearchData_163528025.xlsx,"""INTEGRITY HEATING, AIR & SOLAR"" ""ANDERSON"" California solar contractor official website",integrity-heating-air-solar.wheree.com,https://integrity-heating-air-solar.wheree.com/,"INTEGRITY HEATING, AIR & SOLAR - Reviews, Photos & Phone Number ...","Integrity Heating, Air & Solar offers HVAC installation, repair, and ... Truck Rental Services. 6040 CA-273, Anderson, CA 96007, United States.",candidate_found,
522166,INTERSTATE ROOFING AND SOLAR,Corporation,10401 PEARMAIN STREET,OAKLAND,CA,94603,Alameda,(510) 639 0833,12/29/1987,12/31/2027,C39 | C46,Workers' Compensation Insurance,STATE COMPENSATION INSURANCE FUND,01/01/2027,CSLBSearchData_163342171.xlsx,"""INTERSTATE ROOFING AND SOLAR"" ""OAKLAND"" California solar contractor official website",berkeleyparentsnetwork.org,https://www.berkeleyparentsnetwork.org/recommend/home/roof,Seeking a Roofer,"We used Bill Wong at Interstate Roofing and Solar about six ... As a licensed general contractor for 15 years, I recommend Westco Roofing Inc from Oakland.",candidate_found,
868592,ITECH SOLUTION,Sole Owner,P O BOX 270040,SAN JOSE,CA,95127,Santa Clara,(408) 832 8150,12/03/2005,12/31/2027,A | B | C-7 | C-8 | C10 | C12 | C27 | C46 | D28,Workers' Compensation Insurance,ALLMERICA FINANCIAL BENEFIT INSURANCE COMPANY,04/02/2027,CSLBSearchData_163528025.xlsx,"""ITECH SOLUTION"" ""SAN JOSE"" California solar contractor official website",scribd.com,https://www.scribd.com/document/659775787/21-07-Bidders-List,Central CA Contractors Contact List | PDF | California | Fresno - Scribd,"Itech Solution San Jose CA miguel@[Link] . J Boone Mechanical, Inc. Clovis ... Solar Installer Directory 2018. 5 pages. Central California Contractor ...",candidate_found,
1107914,J AIRCON INC,Corporation,21023 STODDARD WELLS RD,WALNUT,CA,91789,Los Angeles,(626) 890 9109,07/31/2023,07/31/2027,B | C20 | C36 | C46,Workers' Compensation Insurance,NATIONAL FIRE INSURANCE COMPANY OF HARTFORD,07/25/2026,CSLBSearchData_163412289.xlsx,"""J AIRCON INC"" ""WALNUT"" California solar contractor official website",buildzoom.com,https://www.buildzoom.com/contractor/j-aircon-inc,J Aircon | Walnut CA | Read Reviews + Get a Free Estimate,"(626) 890-9109 (855) 713-1088 … 21023 Stoddard Wells Rd, Walnut, CA. General Building, Plumbing, Solar license according to the California license board. Phone ...",candidate_found,
911492,J K B ENERGY,Corporation,P O BOX 2998,TURLOCK,CA,95381,Stanislaus,(209) 632 2647,02/28/2008,02/29/2028,B | C46,Workers' Compensation Insurance,STATE COMPENSATION INSURANCE FUND,12/31/2026,CSLBSearchData_163528025.xlsx,"""J K B ENERGY"" ""TURLOCK"" California solar contractor official website",jkbenergy.com,https://www.jkbenergy.com/privacy-policy,Privacy Policy - JKB ENERGY,"Company refers to JKB Energy Inc., 2310 W Monte Vista Ave, Turlock, CA 95382. Cookies are small files placed on Your computer, mobile device ...",candidate_found,
991112,J K B ENERGY CORPORATION,Corporation,PO BOX 2998,TURLOCK,CA,95381,Stanislaus,(209) 632 2647,03/07/2014,03/31/2028,B | C46,Workers' Compensation Insurance,STATE COMPENSATION INSURANCE FUND,12/31/2026,CSLBSearchData_163528025.xlsx,"""J K B ENERGY CORPORATION"" ""TURLOCK"" California solar contractor official website",dnb.com,https://www.dnb.com/business-directory/company-profiles.jkb_energy_corporation.69a6b24896fc5d44352eeca7a3b3269f.html,"JKB Energy Corporation Company Profile | Turlock, California",... California/Turlock/JKB Energy Corporation. JKB Energy Corporation. Website · Get a D&B Hoovers Free Trial · Claim This Company ... Solar energy contractor. See ...,candidate_found,
1055529,J N BUILDS INC,Corporation,1514 CURTIS AVE,MANHATTAN BEACH,CA,90266,Los Angeles,(310) 426 8055,07/05/2019,07/31/2027,A | B | C46 | C51,Workers' Compensation Insurance,OMAHA NATIONAL CASUALTY COMPANY,07/05/2027,CSLBSearchData_163412289.xlsx,"""J N BUILDS INC"" ""MANHATTAN BEACH"" California solar contractor official website",,,,,no_official_domain_candidate,
865672,J Q S CONSTRUCTION SERVICES,Sole Owner,12962 FENTON AVENUE,SYLMAR,CA,91342,Los Angeles,(818) 613 7221,10/12/2005,10/31/2027,B | C46,Workers' Compensation Insurance,STATE COMPENSATION INSURANCE FUND,07/18/2027,CSLBSearchData_163412289.xlsx,"""J Q S CONSTRUCTION SERVICES"" ""SYLMAR"" California solar contractor official website",,,,,no_official_domain_candidate,
401802,J R PUTMAN INC,Corporation,11330 SUNRISE PARK DR STE A,RANCHO CORDOVA,CA,95742,Sacramento,(916) 638 2442,03/30/1981,09/30/2026,B | C-2 | C20 | C36 | C46,Workers' Compensation Insurance,INDEMNITY INSURANCE COMPANY OF NORTH AMERICA,10/01/2026,CSLBSearchData_163505900.xlsx,"""J R PUTMAN INC"" ""RANCHO CORDOVA"" California solar contractor official website",rocklin.ca.us,https://www.rocklin.ca.us/sites/main/files/file-attachments/feb_6_permits_issued.pdf,Permits Issued with Fee and Values and Contacts,"J R PUTMAN INC. $1,483.00. 02/09/2017. HVAC-RES. CUNLIFFE JOSEPH M & CUNLIFFE T ... 3054 GOLD CANAL DR RANCHO CORDOVA, CA 95670 (916) 444-0551.",candidate_found,
815888,J T ELECTRIC INC,Corporation,7500 MONTEREY ST #3,GILROY,CA,95020,Santa Clara,(408) 426 1867,12/16/2002,09/30/2027,C10 | C46,Workers' Compensation Insurance,HARTFORD CASUALTY INSURANCE COMPANY,12/01/2026,CSLBSearchData_163528025.xlsx,"""J T ELECTRIC INC"" ""GILROY"" California solar contractor official website",pro.porch.com,https://pro.porch.com/gilroy-ca/solar-installation/cs,"Top 10 Solar Energy Installation Services in Gilroy, CA 2026 - Porch","JT Electric Inc. Solar Energy Installation. Serves Gilroy, California. (10) ... His website, crew, and GC license are outstanding. ... Solar Electric Maintenance ...",candidate_found,
1064241,JC SOLAR ENTERPRISES INC,Corporation,4545 INDUSTRIAL ST #5P,SIMI VALLEY,CA,93063,Ventura,(805) 864 9052,03/12/2020,01/31/2028,C46,Workers' Compensation Insurance,STATE COMPENSATION INSURANCE FUND,08/12/2027,CSLBSearchData_163547774.xlsx,"""JC SOLAR ENTERPRISES INC"" ""SIMI VALLEY"" California solar contractor official website",bj8.dcd.myftpupload.com,https://bj8.dcd.myftpupload.com/,"JC Solar Pro: Solar Pool Heating Company in Simi Valley, CA","Turn to JC Solar Pro in Simi Valley, CA to install a solar pool heating ... Welcome to JC Solar Enterprises Inc. Call or Text (805) 864-9052 to set an ...",candidate_found,
909002,JEBL ENGINEERING & CONSTRUCTION INC,Corporation,3629 LAWNWOOD DR,SAN LUIS OBISPO,CA,93401,San Luis Obispo,(805) 215 2556,01/11/2008,09/30/2027,A | B | C10 | C46,Workers' Compensation Insurance,STATE COMPENSATION INSURANCE FUND,01/04/2027,CSLBSearchData_163505900.xlsx,"""JEBL ENGINEERING & CONSTRUCTION INC"" ""SAN LUIS OBISPO"" California solar contractor official website",jeblec.com,https://www.jeblec.com/about-us,805-215-2556 - About Us - JEBL Engineering & Construction,"... San Luis Obispo. After graduating from Cal Poly, he spent 17 years building ... Jesse founded JEBL Engineering & Construction, Inc. to provide a ...",candidate_found,
939675,JEFF PERIERA HOME ENERGY INC,Corporation,3724 ALKEN STREET,BAKERSFIELD,CA,93308,Kern,(661) 454 5568,10/31/2009,01/31/2027,C10 | C46,Workers' Compensation Insurance,STATE COMPENSATION INSURANCE FUND,01/24/2027,CSLBSearchData_163412289.xlsx,"""JEFF PERIERA HOME ENERGY INC"" ""BAKERSFIELD"" California solar contractor official website",mediall.rapmls.com,https://mediall.rapmls.com/bakersfield/listingpics/disclosure/081/00658000109896.pdf?tsp=20260204081338,Untitled,"In accordance with California Contractors State License Board regulations,. Contractor ... Jeff Periera Home Energy Inc. 3724 Alken St ... Bakersfield, CA 93308.",candidate_found,
708935,JONAS ENERGY SOLUTIONS,Corporation,PO BOX 277,LOWER LAKE,CA,95457,Lake,(707) 994 5911,06/27/1995,06/30/2027,C10 | C20 | C46,Workers' Compensation Insurance,PIE INSURANCE COMPANY (THE),08/19/2027,CSLBSearchData_163412289.xlsx,"""JONAS ENERGY SOLUTIONS"" ""LOWER LAKE"" California solar contractor official website",jonas-energy-solutions.wheree.com,https://jonas-energy-solutions.wheree.com/,"JONAS ENERGY SOLUTIONS - Reviews, Photos & Phone Number ...","Jonas Energy Solutions provides HVAC installation ... Tires Services | Auto Repair Services | Auto Parts & Supplies Services. 9245 CA-53, Lower Lake, CA 95457, ...",candidate_found,
874560,JOVIC CONSTRUCTION INC,Corporation,291 E FRANKLIN AVE,POMONA,CA,91766,Los Angeles,(760) 641 1624,03/18/2006,09/30/2027,B | C46,Workers' Compensation Insurance,STATE COMPENSATION INSURANCE FUND,12/04/2026,CSLBSearchData_163412289.xlsx,"""JOVIC CONSTRUCTION INC"" ""POMONA"" California solar contractor official website",zerofi.ai,https://www.zerofi.ai/pro/jovic-construction-inc-pomona-ca-2cc00583-214c-4531-a374-ae209478889b,"Jovic Construction Inc - Solar installer in Pomona, CA | ZeroFi","Jovic Construction Inc is a licensed solar installer in Pomona, CA. License #874560, verified active. See details and get matched with vetted local pros on ...",candidate_found,
1082343,JP SOLAR SERVICES INC,Corporation,5307 FLEMING RD,ATWATER,CA,95301,Merced,(209) 445 0705,10/11/2021,09/30/2027,C46,Workers' Compensation Insurance,STATE COMPENSATION INSURANCE FUND,04/07/2027,CSLBSearchData_163444973.xlsx,"""JP SOLAR SERVICES INC"" ""ATWATER"" California solar contractor official website",jpsolarservices.net,https://www.jpsolarservices.net/,Home | JP SOLAR SERVICES,JP SOLAR SERVICES INC. Your Satisfaction is Our Priority. JP SOLAR ... fleming rd atwater ca 95301. jpiceno@jpsolarservices.net · (209)445-0705. Home ...,candidate_found,
720646,KEN'S SOLAR SERVICE,Sole Owner,5779 WINFIELD BLVD UNIT A-8,SAN JOSE,CA,95123,Santa Clara,(408) 559 8111,04/01/1996,04/30/2028,C46,Workers' Compensation Insurance,STATE COMPENSATION INSURANCE FUND,02/01/2027,CSLBSearchData_163528025.xlsx,"""KEN'S SOLAR SERVICE"" ""SAN JOSE"" California solar contractor official website",,,,,no_official_domain_candidate,
787317,KERN MECHANICAL INC,Corporation,2830 FAIRHAVEN DRIVE,BAKERSFIELD,CA,93308,Kern,(661) 324 0214,11/14/2000,10/13/2026,B | C20 | C43 | C46,Workers' Compensation Insurance,OAK RIVER INSURANCE COMPANY,07/02/2027,CSLBSearchData_163412289.xlsx,"""KERN MECHANICAL INC"" ""BAKERSFIELD"" California solar contractor official website",kerncountybuilderscaassoc.wliinc32.com,https://kerncountybuilderscaassoc.wliinc32.com/General-Building-Contractors-Commercial-Industrial-(B)?xsort=true,General Building Contractors - Commercial & Industrial (B),"Kern Mechanical Inc. (KMI). _. 2830 Fairhaven ... Central California Construction, Inc. _. 7221 downing ave. Bakersfield, CA 93308.",candidate_found,
1119258,KING ELECTRIC AND SOLAR INC,Corporation,P O BOX 3167,AUBURN,CA,95604,Placer,(916) 597 0971,04/12/2024,04/30/2028,C10 | C46,Workers' Compensation Insurance,EMPLOYERS COMPENSATION INSURANCE COMPANY,04/28/2027,CSLBSearchData_163505900.xlsx,"""KING ELECTRIC AND SOLAR INC"" ""AUBURN"" California solar contractor official website",placer.ca.gov,https://www.placer.ca.gov/Archive/ViewFile/Item/962,[PDF] BUILDING PERMITS ISSUED - Placer County,"10485 CRAMER RD, AUBURN. $1,000.00 KING ELECTRIC AND SOLAR INC. BLD25-00509. 02/03/2025. MARSHALL- HVAC C/O. Mechanical. 026-320-023-000. 8540 ...",candidate_found,
1028324,KINGDOM SOLAR INC,Corporation,"2003 PREISKER LN,STE A",SANTA MARIA,CA,93454,Santa Barbara,(925) 481 8903,06/26/2017,10/31/2027,C10 | C39 | C46,Workers' Compensation Insurance,STATE COMPENSATION INSURANCE FUND,09/08/2026,CSLBSearchData_163528025.xlsx,"""KINGDOM SOLAR INC"" ""SANTA MARIA"" California solar contractor official website",homversa.com,https://homversa.com/biz/kingdom-solar-inc,"Kingdom Solar Inc. - License-Verified in Santa Maria, CA","Kingdom Solar Inc. is a Santa Maria, California electrical contractor holding CSLB license #1028324, verified against state records, licensed ...",candidate_found,
1042456,KLEIN CONSTRUCTION INC,Corporation,12442 LA MAIDA STREET,VALLEY VILLAGE,CA,91607,Los Angeles,(323) 653 5085,07/30/2018,07/31/2028,B | C10 | C15 | C16 | C20 | C36 | C46 | C53 | D28,Workers' Compensation Insurance,STATE FARM FIRE AND CASUALTY COMPANY,01/01/2027,CSLBSearchData_163412289.xlsx,"""KLEIN CONSTRUCTION INC"" ""VALLEY VILLAGE"" California solar contractor official website",scribd.com,https://www.scribd.com/document/2363363/ReGreen-Guidelines,ReGreen Guidelines | PDF | Hvac | Green Building,"Location: Valley Village, California. case study. Homeowners: Mary Cordaro ... Contractor: Dave Klein, David Klein Construction, Inc. Area affected: 674 ...",candidate_found,
775849,KS ELECTRIC,Corporation,40380 BRICKYARD DR,MADERA,CA,93636,Madera,(559) 658 2525,03/06/2000,01/31/2027,B | C10 | C46,Workers' Compensation Insurance,STARNET INSURANCE COMPANY,01/20/2027,CSLBSearchData_163412289.xlsx,"""KS ELECTRIC"" ""MADERA"" California solar contractor official website",findenergy.com,https://findenergy.com/solar/ks-electric/,Ks Electric: Reviews & Solar Pricing,"Ks Electric: Reviews & Solar Pricing · Established in 2003 · 40380 Brickyard Drive, Madera, CA · kuykendallsolar.com · (559) 658-2525.",candidate_found,
1158273,KX CONSTRUCTION LLC,Limited Liability,1034 STOCKTON ST APT 6,SAN FRANCISCO,CA,94108,San Francisco,(415) 860 7881,07/20/2026,07/31/2028,B | C10 | C20 | C36 | C46,Workers' Compensation Insurance,EMPLOYERS COMPENSATION INSURANCE COMPANY,06/18/2027,CSLBSearchData_163505900.xlsx,"""KX CONSTRUCTION LLC"" ""SAN FRANCISCO"" California solar contractor official website",scribd.com,https://www.scribd.com/document/884958024/Building-Construction-Hub-Vendors-1,Comprehensive Vendor List for Construction | PDF,"1874385121600 KX Construction LLC. 1742479057800 Kegley, Inc ... 1633 San Francisco, San Antonio TX 78201 BEXAR AS 77 Sugar Creek Center Blvd ...",candidate_found,
1115117,L J HEATING AND AIR CONDITIONING INC,Corporation,P O BOX 828,MARYSVILLE,CA,95901,Yuba,(530) 301 9632,01/17/2024,01/31/2028,C20 | C46,Workers' Compensation Insurance,AMTRUST INSURANCE COMPANY,01/05/2027,CSLBSearchData_163547774.xlsx,"""L J HEATING AND AIR CONDITIONING INC"" ""MARYSVILLE"" California solar contractor official website",ljheatandair.com,https://ljheatandair.com/,L J Heating and Air Conditioning Inc | HVAC Services in ...,"L J Heating and Air Conditioning Inc provides expert HVAC repair, installation, and maintenance in Marysville, CA. Family-owned, veteran-founded.",candidate_found,
983334,L T S SOLAR ENERGY,Sole Owner,18827 RANGELAND ROAD,RAMONA,CA,92065,San Diego,(760) 505 6822,04/30/2013,04/30/2027,C46,Workers' Compensation Insurance,STATE COMPENSATION INSURANCE FUND,12/31/2026,CSLBSearchData_163505900.xlsx,"""L T S SOLAR ENERGY"" ""RAMONA"" California solar contractor official website",buildzoom.com,https://www.buildzoom.com/ramona-ca/solar-contractors,"Top Solar Contractors in Ramona, CA (with Photos) - BuildZoom","The 10 Best Ramona, CA Solar Installers. Search for solar contractors ... 91266 get quote. Lts Solar Energy. BZ SCORE: 104. 11.0 Solar installations. 24.0 ...",candidate_found,
1112295,LA CRESTA HOLDINGS INC,Corporation,"23811 WASHINGTON AVE,STE C 110 - 232",MURRIETA,CA,92562,Riverside,(951) 837 1209,11/03/2023,11/30/2027,A | B | C10 | C39 | C46,Workers' Compensation Insurance,EVEREST PREMIER INSURANCE COMPANY,11/01/2026,CSLBSearchData_163505900.xlsx,"""LA CRESTA HOLDINGS INC"" ""MURRIETA"" California solar contractor official website",opengovus.com,https://opengovus.com/california-contractor-license/374967,"Cresta Landscape Maintenance · 1365 Presioca, Spring Valley, ...","La Cresta Holdings Inc, 23811 Washington Ave, Ste C 110 - 232, Murrieta, CA 92562, 2023-11-03 ; La Cresta Cleaning Service, 1205 Silver Spur Place 76, Oceano, CA ...",candidate_found,
627629,LAKESHORE ELECTRIC & ENGINEERING COMPANY INC,Corporation,44 N JACKSON AVE F - 26,SAN JOSE,CA,95116,Santa Clara,(408) 506 4143,09/05/1991,09/30/2027,A | C10 | C46,Workers' Compensation Insurance,TECHNOLOGY INSURANCE COMPANY INC,11/01/2026,CSLBSearchData_163528025.xlsx,"""LAKESHORE ELECTRIC & ENGINEERING COMPANY INC"" ""SAN JOSE"" California solar contractor official website",buildzoom.com,https://www.buildzoom.com/contractor/lakeshore-electric-engineering-company-inc,Lakeshore Electric & Engineering Company | CA | Get a Bid - BuildZoom,"Lakeshore Electric & Engineering Company Inc, 44 N Jackson Ave, San Jose, CA (Employee: Glenn Dale Davis) holds a General Engineering, Electrical, Solar ...",candidate_found,
1006199,LANDSCAPE & TREE COMPANY,Corporation,9340 VIKING PLACE,ROSEVILLE,CA,95747,Placer,(916) 246 9987,08/06/2015,08/31/2027,B | C27 | C39 | C46 | C53 | D49 | D59,Workers' Compensation Insurance,SUNZ INSURANCE COMPANY,01/01/2027,CSLBSearchData_163505900.xlsx,"""LANDSCAPE & TREE COMPANY"" ""ROSEVILLE"" California solar contractor official website",business.rosevillechamber.com,https://business.rosevillechamber.com/directory/FindStartsWith?term=L,Member Directory - Roseville Area Chamber of Commerce,"Landscape & Tree Company · 9340 Viking Pl., Roseville, CA 95747.",candidate_found,
669156,LANDSCAPE ARTISTRY INCORPORATED,Corporation,1155 CAMINO DEL MAR #555,DEL MAR,CA,92014,San Diego,(858) 483 5030,04/13/1993,12/31/2026,B | C27 | C46 | C53,Workers' Compensation Insurance,TECHNOLOGY INSURANCE COMPANY INC,03/01/2027,CSLBSearchData_163505900.xlsx,"""LANDSCAPE ARTISTRY INCORPORATED"" ""DEL MAR"" California solar contractor official website",sandiego.gov,https://www.sandiego.gov/sites/default/files/tr_active2.csv,https://www.sandiego.gov/sites/default/files/tr_ac...,"... DEL MAR AVE"",""SAN DIEGO"",""92107-3407"",""CA"",""(760) 560-7472"",""GABRIEL CEMAJ ... LANDSCAPE ARTISTRY INCORPORATED"",""03/07/2018"",""01/01/1993"",""12/31/2023 ...",candidate_found,
514239,LAREY V O,Sole Owner,1742 PINE STREET,HUNTINGTON BEACH,CA,92646,Orange,(714) 305 4955,07/15/1987,07/31/2027,B | C39 | C46,Workers' Compensation Insurance,STATE COMPENSATION INSURANCE FUND,11/23/2026,CSLBSearchData_163444973.xlsx,"""LAREY V O"" ""HUNTINGTON BEACH"" California solar contractor official website",,,,,no_official_domain_candidate,
721329,LE HEATING & AIR CONDITIONING,Sole Owner,3016 NIEMAN BLVD,SAN JOSE,CA,95148,Santa Clara,(408) 591 8561,04/12/1996,04/30/2028,C20 | C46,Workers' Compensation Insurance,HARTFORD CASUALTY INSURANCE COMPANY,09/22/2026,CSLBSearchData_163528025.xlsx,"""LE HEATING & AIR CONDITIONING"" ""SAN JOSE"" California solar contractor official website",,,,,no_official_domain_candidate,
296899,LENZI CONSTRUCTION,Sole Owner,PO BOX 343,VICTOR,CA,95253,San Joaquin,(209) 224 5950,08/02/1974,09/30/2027,B | C46,Workers' Compensation Insurance,ZURICH AMERICAN INSURANCE COMPANY,08/24/2026,CSLBSearchData_163505900.xlsx,"""LENZI CONSTRUCTION"" ""VICTOR"" California solar contractor official website",,,,,no_official_domain_candidate,
1007527,LENZI INCORPORATED,Corporation,P O BOX 343,VICTOR,CA,95253,San Joaquin,(209) 224 5950,09/22/2015,09/30/2027,B | C-8 | C21 | C46,Workers' Compensation Insurance,ZURICH AMERICAN INSURANCE COMPANY,08/24/2026,CSLBSearchData_163505900.xlsx,"""LENZI INCORPORATED"" ""VICTOR"" California solar contractor official website",thebluebook.com,https://www.thebluebook.com/iProView/1559032/lenzi-incorporated/general-contractors/locations-contacts/,Lenzi Incorporated - Locations and Key Contacts | ProView,"Home California-Central Valley-Sacramento, Fresno, Bakersfield General Contractors. Logo. Lenzi Incorporated. Share. Victor, CA 95253. Request Quote Pre-Qual",candidate_found,
773026,LGM CONSTRUCTION,Corporation,PO BOX 338,JACKSON,CA,95642,Amador,(209) 223 3583,12/29/1999,12/31/2027,A | B | C46,Workers' Compensation Insurance,STARNET INSURANCE COMPANY,05/07/2027,CSLBSearchData_163342171.xlsx,"""LGM CONSTRUCTION"" ""JACKSON"" California solar contractor official website",lgmconstruction.com,https://www.lgmconstruction.com/,LGM Construction – General Contractor Company,"LGM Construction is a leading engineering, project management and general ... Jackson, California 95642, USA; For Quotes & Bidding (bids@lgmconstruction ...",candidate_found,
978938,LIM SOLUTIONS INC,Corporation,16352 SPARTAN,HUNTINGTON BEACH,CA,92649,Orange,(714) 875 2134,11/27/2012,11/30/2026,B | C20 | C36 | C46,Workers' Compensation Insurance,SEQUOIA INSURANCE COMPANY,09/08/2026,CSLBSearchData_163444973.xlsx,"""LIM SOLUTIONS INC"" ""HUNTINGTON BEACH"" California solar contractor official website",sanclemente.gov,https://www.sanclemente.gov/Archive.aspx?ADID=153,SC Permits Issued for PUBLIC INFORMATION,"LIM SOLUTIONS INC. $14,025.50. Printed: Wednesday, 01 November ... HUNTINGTON BEACH CA 92647-6648. HUNTINGTON BEACH CA 92649. B23-2401. 10 ...",candidate_found,
1033488,LOS ANGELES SOLAR PROS,Corporation,"5260 POMONA BLVD,UNIT 102",LOS ANGELES,CA,90022,Los Angeles,(323) 350 2138,12/01/2017,12/31/2027,C10 | C46,Workers' Compensation Insurance,STATE COMPENSATION INSURANCE FUND,07/07/2027,CSLBSearchData_163412289.xlsx,"""LOS ANGELES SOLAR PROS"" ""LOS ANGELES"" California solar contractor official website",lasolarpros.com,https://lasolarpros.com/,Los Angeles Solar Pros: Home,"Join thousands who trust Los Angeles Solar Pros - Tesla certified, 10+ years of experience, and full-service solar solutions across Southern California.",candidate_found,
983600,LOTUS ENERGY,Sole Owner,PO BOX 15,COLOMA,CA,95613,El Dorado,(530) 409 8501,05/09/2013,05/31/2027,C10 | C46,Workers' Compensation Insurance,STATE COMPENSATION INSURANCE FUND,07/14/2027,CSLBSearchData_163342171.xlsx,"""LOTUS ENERGY"" ""COLOMA"" California solar contractor official website",eldoradocounty.ca.gov,https://www.eldoradocounty.ca.gov/files/assets/county/v/1/documents/land-use/permit-activity-reports/2024/nov-wk-4.pdf,[PDF] permit_no - El Dorado County,2581 COLOMA RD. 050090012. PLACERVILLE. Page 2. PERMIT_NO. PERMITTYPE ... LOTUS ENERGY. 11/26/2024. 3292 FROSTY LN. 325040004. PLACERVILLE.,candidate_found,
1114147,LUMENEXX,Corporation,385 S LEMON AVENUE STE E-242,WALNUT,CA,91789,Los Angeles,(909) 530 0355,12/19/2023,12/31/2027,C46,Workers' Compensation Insurance,STATE COMPENSATION INSURANCE FUND,08/30/2026,CSLBSearchData_163412289.xlsx,"""LUMENEXX"" ""WALNUT"" California solar contractor official website",lumenexx.com,https://lumenexx.com/,Lumenexx,"Lumenexx guides you every step of the way—from solar system design to installation ... Walnut CA, 91789. Facebook-f Twitter Youtube Instagram. Signup our ...",candidate_found,
845219,LUMINALT ENERGY CORPORATION,Corporation,10 CAROLINA STREET,SAN FRANCISCO,CA,94103,San Francisco,(415) 640 4000,08/23/2004,07/31/2028,B | C10 | C20 | C46,Workers' Compensation Insurance,REDWOOD FIRE AND CASUALTY INSURANCE CO,01/24/2027,CSLBSearchData_163505900.xlsx,"""LUMINALT ENERGY CORPORATION"" ""SAN FRANCISCO"" California solar contractor official website",luminalt.com,https://luminalt.com/category/awards/page/2/,Awards Archives - Page 2 of 2 - Luminalt - Solar Energy Solutions,"Last night at a special awards ceremony, the San Francisco Business Times announced that Luminalt Energy Corporation is the 40th fastest growing private company ...",candidate_found,
939364,LUNDY SOLAR AND ROOFING COMPANY,Sole Owner,11501 DUBLIN BLVD SUITE 200,DUBLIN,CA,94568,Alameda,(408) 459 2273,10/26/2009,10/31/2027,B | C10 | C39 | C46,Workers' Compensation Insurance,STATE COMPENSATION INSURANCE FUND,12/01/2026,CSLBSearchData_163342171.xlsx,"""LUNDY SOLAR AND ROOFING COMPANY"" ""DUBLIN"" California solar contractor official website",agentsolar.ai,https://agentsolar.ai/installers/lundy-solar-and-roofing-dublin-ca-g69g,"Lundy Solar and Roofing Co. — 15 Installs, $3.14/W avg | Dublin, CA",real solar installation prices. Rated 5/5 from 14 reviews. Located at 11501 Dublin Blvd ... lundy solar and roofing company. Report issue.,candidate_found,
815891,M D ELECTRIC & SOLAR INC,Corporation,38191 OLD STAGE RD,GUALALA,CA,95445,Mendocino,(707) 884 1862,12/16/2002,08/31/2028,C10 | C46,Workers' Compensation Insurance,STATE COMPENSATION INSURANCE FUND,05/03/2027,CSLBSearchData_163444973.xlsx,"""M D ELECTRIC & SOLAR INC"" ""GUALALA"" California solar contractor official website",mdelectricsolar.com,https://www.mdelectricsolar.com/about-us,"About Us - MD Electric & Solar, Inc.","MD Electric & Solar, Inc. is a local electrical and solar contractor founded in 2003 in Gualala, California. Before starting the company, Mike apprenticed with ...",candidate_found,
440297,M S SHUFELBERGER CONSTRUCTION,Sole Owner,9580 CROSSROADS DR,REDDING,CA,96003,Shasta,(530) 221 8555,05/16/1983,05/31/2027,A | B | C46,Workers' Compensation Insurance,CLEAR SPRING PROPERTY AND CASUALTY COMPANY,10/01/2026,CSLBSearchData_163528025.xlsx,"""M S SHUFELBERGER CONSTRUCTION"" ""REDDING"" California solar contractor official website",homversa.com,https://homversa.com/ca/redding/solar-contractors,"Solar Contractors in Redding, CA - Verified Local Pros - Homversa","Best Licensed Solar Contractors in Redding, CA · 1.M S Shufelberger Construction · ✓ CSLB License #440297 - look up this number at CSLB.",candidate_found,
1000366,MAC GREINE ENERGY CORP,Corporation,1507 E MAPLE AVE UNIT B,EL SEGUNDO,CA,90245,Los Angeles,(310) 428 1749,01/20/2015,01/31/2027,C39 | C46,Workers' Compensation Insurance,MIDWEST EMPLOYERS CASUALTY COMPANY,03/11/2027,CSLBSearchData_163412289.xlsx,"""MAC GREINE ENERGY CORP"" ""EL SEGUNDO"" California solar contractor official website",macgreineenergycorp.com,https://macgreineenergycorp.com/,MacGreine Energy Main Page,"... Mac Greine Energy Corp is your best choice. OUR TEAM. Passion, Experience ... 1507 East Maple Ave, Unit B, El Segundo, CA 90245 . Contact Us . Terms of ...",candidate_found,
477233,MAC'S SOLAR,Corporation,162 VISTA DEL MAR,SANTA BARBARA,CA,93109,Santa Barbara,(805) 682 3386,07/25/1985,05/31/2028,C46,Workers' Compensation Insurance,STATE COMPENSATION INSURANCE FUND,01/01/2027,CSLBSearchData_163528025.xlsx,"""MAC'S SOLAR"" ""SANTA BARBARA"" California solar contractor official website",macsolar.com,https://www.macsolar.com/,<< Mac's Solar >>,"Mac's Solar, located in Santa Barbara, California, sells, installs, and provides thermal solar heating services for swimming pool and domestic hot water ...",candidate_found,
1025477,MAGIC SOLAR SAN DIEGO LLC,Limited Liability,4140 OCEANSIDE BLVD 159-1200,OCEANSIDE,CA,92056,San Diego,(619) 728 4928,04/05/2017,10/31/2027,C10 | C46,Workers' Compensation Insurance,STATE COMPENSATION INSURANCE FUND,04/01/2027,CSLBSearchData_163505900.xlsx,"""MAGIC SOLAR SAN DIEGO LLC"" ""OCEANSIDE"" California solar contractor official website",magicsolarsandiego.com,http://magicsolarsandiego.com/,Magic Solar San Diego LLC ⋆ Affordable solar installation San ...,"4140 OCEANSIDE BLVD #159-1200, OCEANSIDE CA 92056. Contacts. P : 619-728-4928 ... Magic Solar San Diego LLC 2018 ©. Share. Blogger. Bluesky. Delicious. Digg.",candidate_found,
815323,MAGNOLIA HEATING & COOLING INC,Corporation,6990 JURUPA AVENUE,RIVERSIDE,CA,92504,Riverside,(951) 688 3524,11/26/2002,11/30/2026,C20 | C46,Workers' Compensation Insurance,NATIONWIDE GENERAL INSURANCE COMPANY,06/01/2027,CSLBSearchData_163505900.xlsx,"""MAGNOLIA HEATING & COOLING INC"" ""RIVERSIDE"" California solar contractor official website",jurupavalley.org,https://www.jurupavalley.org/DocumentCenter/View/3555,[PDF] Building Permits Issued w/Valuation August 2024 - City of Jurupa Valley,"MAGNOLIA HEATING & COOLING INC. 815323. HVAC CHANGEOUT: 3 TONS ... 11347 RIVERSIDE DR, JURUPA VALLEY, CA 91752. 156112012. MC DANIEL INC.",candidate_found,
799729,MAINTEL INC,Corporation,112 WEST 9TH STREET #410,LOS ANGELES,CA,90015,Los Angeles,(213) 627 4491,09/26/2001,09/30/2027,C-7 | C10 | C46,Workers' Compensation Insurance,STATE COMPENSATION INSURANCE FUND,11/24/2026,CSLBSearchData_163412289.xlsx,"""MAINTEL INC"" ""LOS ANGELES"" California solar contractor official website",,,,,no_official_domain_candidate,
749299,MARIN MECHANICAL II INC,Corporation,3100 KERNER BLVD SUITE B-1,SAN RAFAEL,CA,94901,Marin,(415) 485 4472,05/12/1998,05/31/2028,A | B | C-4 | C36 | C46,Workers' Compensation Insurance,EVEREST PREMIER INSURANCE COMPANY,06/10/2027,CSLBSearchData_163444973.xlsx,"""MARIN MECHANICAL II INC"" ""SAN RAFAEL"" California solar contractor official website",marinmechanical.com,https://marinmechanical.com/projects,Projects - Marin Mechanical,"Marin Mechanical II, Inc. 3100 Kerner Blvd #B1, San Rafael, CA 94901. Phone: (415) 485-4472. Copyright © 2025 Marin Mechanical II, Inc. - All Rights Reserved.",candidate_found,
701317,MARKS SOLAR INC,Corporation,1632 GARDEN ROAD,DURHAM,CA,95938,Butte,(530) 680 7331,01/13/1995,04/30/2027,B | C46,Workers' Compensation Insurance,STATE COMPENSATION INSURANCE FUND,01/25/2027,CSLBSearchData_163342171.xlsx,"""MARKS SOLAR INC"" ""DURHAM"" California solar contractor official website",vceonline.com,https://www.vceonline.com/membership-directory-website/marks-solar-inc,"Marks Solar, Inc.","Back to Membership Directory Website. Photo of Marks Solar Inc. Marks Solar Inc. 1632 Garden Road, Durham, CA 95938. 530.680.7331. Visit Website. VCE Logo ...",candidate_found,
299990,MASELLIS ELECTRIC & SOLAR INC,Corporation,23845 E RIVER ROAD,ESCALON,CA,95320,San Joaquin,(209) 838 1368,11/20/1974,11/30/2026,C10 | C27 | C46,Workers' Compensation Insurance,STATE COMPENSATION INSURANCE FUND,10/01/2026,CSLBSearchData_163505900.xlsx,"""MASELLIS ELECTRIC & SOLAR INC"" ""ESCALON"" California solar contractor official website",solarforyourhouse.com,https://solarforyourhouse.com/california/escalon/masellis-electric-solar-inc-/,"Masellis Electric & Solar, Inc. – Solar for your house","Solar is Environmentally Friendly · Solar Panels Save Money · Blog · About us · Contact us · California · Escalon; Masellis Electric & Solar, Inc. ... Visit ...",candidate_found,
768926,MASTERS ELECTRIC,Corporation,6608 DOOLITTLE AVE,RIVERSIDE,CA,92503,Riverside,(951) 515 1290,09/17/1999,09/30/2027,B | C-7 | C10 | C46,Workers' Compensation Insurance,VALLEY FORGE INSURANCE COMPANY,10/18/2026,CSLBSearchData_163505900.xlsx,"""MASTERS ELECTRIC"" ""RIVERSIDE"" California solar contractor official website",ibew440.org,https://www.ibew440.org/contractors/,Contractors,"Riverside, CA 92509-2057. 951-784-1410. Advanced Cable Solutions. 12004 Vose ... Masters Electric. 7490 Jurupa Ave. Riverside, CA 92504. 951-785-0921. MB ...",candidate_found,
895469,MAXUM ENERGY INC,Corporation,2625 TOWNSGATE ROAD STE 330,WESTLAKE VILLAGE,CA,91361,Ventura,(818) 855 9203,04/28/2007,04/30/2027,C46,Workers' Compensation Insurance,STATE COMPENSATION INSURANCE FUND,05/19/2027,CSLBSearchData_163547774.xlsx,"""MAXUM ENERGY INC"" ""WESTLAKE VILLAGE"" California solar contractor official website",solarmagazine.com,https://solarmagazine.com/entities/maxum-energy-inc/,Maxum Energy Inc. News & Article Archives - Solar Magazine,"Maxum Energy Inc., headquartered in Westlake Village, California, is a family-owned solar energy company specializing in turnkey solar solutions for ...",candidate_found,
941211,MCCALMONT CORPORATION,Corporation,1624 DELL AVENUE,CAMPBELL,CA,95008,Santa Clara,(408) 871 9600,12/21/2009,12/31/2027,B | C10 | C46,Workers' Compensation Insurance,HARTFORD CASUALTY INSURANCE COMPANY,12/16/2026,CSLBSearchData_163528025.xlsx,"""MCCALMONT CORPORATION"" ""CAMPBELL"" California solar contractor official website",govchime.com,https://www.govchime.com/vendors/EFACELLU2835,mccalmont corporation - Federal Contractor Profile,"TL;DR. MCCALMONT CORPORATION is a federal contractor headquartered in CAMPBELL, CA. Their SAM.gov registration identifiers are (UEI EFACELLU2835, CAGE 61T46) ...",candidate_found,
965286,MCKEEVER ENERGY & ELECTRIC INC,Corporation,5000 WEST END RD 4,ARCATA,CA,95521,Humboldt,(707) 407 6990,09/07/2011,09/30/2027,A | C10 | C46,Workers' Compensation Insurance,,,CSLBSearchData_163412289.xlsx,"""MCKEEVER ENERGY & ELECTRIC INC"" ""ARCATA"" California solar contractor official website",leadiq.com,https://leadiq.com/c/mckeever-energy-and-electric-inc/5a1db9782300005b00b60af5,"McKeever Energy and Electric, Inc.","McKeever Energy & Electric, Inc. is a veteran-owned electrical and solar contracting company based in Arcata, California, serving residential, commercial ...",candidate_found,
1060850,MEASURE THE SUN INC,Corporation,11138 DEL AMO BLVD,LAKEWOOD,CA,90715,Los Angeles,(562) 999 1417,11/27/2019,12/31/2027,C10 | C46,Workers' Compensation Insurance,PIE INSURANCE COMPANY (THE),07/28/2027,CSLBSearchData_163412289.xlsx,"""MEASURE THE SUN INC"" ""LAKEWOOD"" California solar contractor official website",,,,,no_official_domain_candidate,
663552,MECHANICAL GROUP,Limited Liability,625 S PALM ST STE H,LA HABRA,CA,90631,Orange,(562) 694 0110,01/25/1993,08/31/2027,C20 | C46,Workers' Compensation Insurance,XL SPECIALTY INSURANCE COMPANY,06/23/2027,CSLBSearchData_163444973.xlsx,"""MECHANICAL GROUP"" ""LA HABRA"" California solar contractor official website",socalhvacr.info,https://socalhvacr.info/contractors,Contractors - UA Local 250,"La Habra, CA 90631. Phone: 562/475-5310. Email: admin@rkindustriesgroups.net ... UNIFIED MECHANICAL GROUP. 10305 Birtcher Dr. Jurupa Valley, CA 91752.",candidate_found,
996940,MECHPROS HEATING AND AIR CONDITIONING,Sole Owner,5702 MARSH DRIVE STE B,PACHECO,CA,94553,Contra Costa,(925) 665 9003,09/20/2014,09/30/2026,C20 | C46,Workers' Compensation Insurance,AMTRUST INSURANCE COMPANY,07/09/2027,CSLBSearchData_163342171.xlsx,"""MECHPROS HEATING AND AIR CONDITIONING"" ""PACHECO"" California solar contractor official website",mechproshvac.com,https://mechproshvac.com/pacheco-ca-hvac-contractor/,"Top-Rated HVAC Contractor In Pacheco, CA | Mech Pros","MechPros Heating and Air Conditioning specializes in efficient heating solutions tailored to Pacheco, CA. Our expert team addresses issues from old systems to ...",candidate_found,
584591,MEDINA'S HEATING AND AIR - CONDITIONING INC,Corporation,3025 W VALLEY BOULEVARD,ALHAMBRA,CA,91803,Los Angeles,(626) 289 9438,01/06/1990,07/31/2028,C10 | C20 | C38 | C43 | C46,Workers' Compensation Insurance,PIE INSURANCE COMPANY (THE),01/25/2027,CSLBSearchData_163412289.xlsx,"""MEDINA'S HEATING AND AIR - CONDITIONING INC"" ""ALHAMBRA"" California solar contractor official website",homversa.com,https://homversa.com/ca/alhambra/solar-contractors,"Best Licensed Solar Contractors in Alhambra, CA - Homversa","Best Licensed Solar Contractors in Alhambra, CA ; 1.Medina's Heating And Air - Conditioning Inc. ✓ CSLB License #584591 - look up this number at ...",candidate_found,
777269,MEGA ELECTRIC & P V INC,Corporation,811 HARBOR ROAD,ALAMEDA,CA,94502,Alameda,(510) 504 9696,04/10/2000,04/30/2028,C10 | C46,Workers' Compensation Insurance,STATE COMPENSATION INSURANCE FUND,10/01/2026,CSLBSearchData_163342171.xlsx,"""MEGA ELECTRIC & P V INC"" ""ALAMEDA"" California solar contractor official website",norcalneca.org,https://norcalneca.org/membership/member-directory/,Member Directory - NorCal NECA,"Mega Electric & PV, Inc. Alameda. (510) 521-2584. Paul Mansung Park 811 Harbor Road Alameda CA 94502. Work Phone: (510) 521-2584. Fax Phone ...",candidate_found,
1029183,MEI RENEWABLES INC,Corporation,382 TESCONI COURT,SANTA ROSA,CA,95401,Sonoma,(707) 791 2000,07/21/2017,07/31/2027,C46,Workers' Compensation Insurance,PRAETORIAN INSURANCE COMPANY,06/26/2027,CSLBSearchData_163528025.xlsx,"""MEI RENEWABLES INC"" ""SANTA ROSA"" California solar contractor official website",meirenewables.com,https://meirenewables.com/,MEI Renewables: Home,"I need a system built. Learn More. 382 Tesconi Ct. Santa Rosa, CA 95401. 707-791-2011. Copyright © MEI Renewables, Inc. 2001-2026. All Rights ...",candidate_found,
949517,MERMAID POOLS,Sole Owner,4830 LIVE OAK CANYON ROAD,LA VERNE,CA,91750,Los Angeles,(800) 606 0406,06/30/2010,06/30/2028,C46 | C53,Workers' Compensation Insurance,HARTFORD CASUALTY INSURANCE COMPANY,10/16/2026,CSLBSearchData_163412289.xlsx,"""MERMAID POOLS"" ""LA VERNE"" California solar contractor official website",,,,,no_official_domain_candidate,
611215,MESA ENERGY SYSTEMS INC,Corporation,2 CROMWELL,IRVINE,CA,92618,Orange,(949) 460 0460,01/27/1991,01/31/2027,B | C-4 | C-7 | C10 | C20 | C36 | C38 | C46,Workers' Compensation Insurance,CONTINENTAL INSURANCE COMPANY (THE),10/01/2026,CSLBSearchData_163444973.xlsx,"""MESA ENERGY SYSTEMS INC"" ""IRVINE"" California solar contractor official website",mesaenergy.com,https://mesaenergy.com/contact,HVAC Repair Contractor Contact Us | Mesa,"Mesa Energy. 2 Cromwell Irvine, CA 92618. Office Phone: 949.460.0460. Service ... Mesa Energy Systems, Inc. About Us · Services · Contact Us. EMCOR Group, Inc ...",candidate_found,
510978,MGP CONSTRUCTION,Sole Owner,P O BOX 355,UPLAND,CA,91785,San Bernardino,(909) 982 2364,05/19/1987,04/30/2027,A | B | C10 | C36 | C46,Workers' Compensation Insurance,STATE COMPENSATION INSURANCE FUND,05/01/2027,CSLBSearchData_163505900.xlsx,"""MGP CONSTRUCTION"" ""UPLAND"" California solar contractor official website",lwb-registry-867.s3.ca-central-1.amazonaws.com,https://lwb-registry-867.s3.ca-central-1.amazonaws.com/Documents/MV2014X0027/MV2014X0027%20MV2014L1-0011%20-%20GNWT-Finance%20-%20New%20LUP%20and%20WL%20Application%20-%20Project%20Description%20-%20Oct31-14.pdf,[PDF] MACKENZIE VALLEY FIBRE LINK Project Description Report - AWS,"... upland spruce –shrub-lichen woodlands are frequent. Lower slope ... MGP construction and operation activities, and also potential ...",candidate_found,
967354,MICHAEL & SUN SOLAR INC,Corporation,P O BOX 442,GRATON,CA,95444,Sonoma,(707) 494 7902,11/02/2011,11/30/2027,C10 | C46,Workers' Compensation Insurance,STATE COMPENSATION INSURANCE FUND,01/19/2027,CSLBSearchData_163528025.xlsx,"""MICHAEL & SUN SOLAR INC"" ""GRATON"" California solar contractor official website",michaelandsunsolar.com,https://michaelandsunsolar.com/customer-reviews/,Solar Reviews - Solar Panel Installers,"Rebecca, Graton, CA. “Michael & Sun Solar made solar installation quicker and easier than any other renovation we've made in the past ten years.” Leslie, Sonoma ...",candidate_found,
835608,MICHAEL ROBERTS CONSTRUCTION INC,Corporation,1660 DELL AVENUE,CAMPBELL,CA,95008,Santa Clara,(408) 374 3662,04/07/2004,04/30/2028,A | B | C-5 | C-9 | C36 | C46 | HAZ,Workers' Compensation Insurance,SENTINEL INSURANCE COMPANY LTD,08/01/2027,CSLBSearchData_163528025.xlsx,"""MICHAEL ROBERTS CONSTRUCTION INC"" ""CAMPBELL"" California solar contractor official website",mrcbuilt.com,https://mrcbuilt.com/employment/,MRC | Employment,"Michael Roberts Construction, Inc is an Equal Opportunity Employer. ... Campbell, CA 95008. BRENTWOOD ADDRESS. (408)374-3662, Fax: (408)374-3667; info ...",candidate_found,
370265,MID - STATE SOLAR,Corporation,450 GLASS LANE STE A-1,MODESTO,CA,95356,Stanislaus,(209) 551 7800,02/27/1979,02/28/2027,C36 | C46 | D35,Workers' Compensation Insurance,CONTINENTAL INDEMNITY COMPANY,01/01/2027,CSLBSearchData_163528025.xlsx,"""MID - STATE SOLAR"" ""MODESTO"" California solar contractor official website",midstatesolar.com,https://www.midstatesolar.com/,Mid-State Solar | Purely Solar Since 1977,"Mid-State Solar has served California's Central Valley since 1977. We specialize in solar electric (PV) systems and solar pool heating for ... Modesto, CA.",candidate_found,
1086362,MID VALLEY POWER,Corporation,3111 STONE AVE,MODESTO,CA,95358,Stanislaus,(209) 554 5505,01/20/2022,01/31/2028,A | C10 | C46,Workers' Compensation Insurance,EMPLOYERS PREFERRED INSURANCE COMPANY,09/01/2026,CSLBSearchData_163528025.xlsx,"""MID VALLEY POWER"" ""MODESTO"" California solar contractor official website",selfgenca.com,https://www.selfgenca.com/documents/developer/approved,Approved SGIP Developer List,"... Solar Power,Escondido,CA 3 & 4 & 5 & 6 & 7 only,No,1 Calle Ziella LLC ... Mid Valley Power,Modesto,CA All,No,MI KASA SOLAR LLC DBA Soorya Unlimited ...",candidate_found,
413730,MIDNIGHT CRANE SERVICES,Corporation,2561 N PURDUE,FRESNO,CA,93727,Fresno,(559) 224 1726,11/04/1981,06/30/2027,C20 | C46,Workers' Compensation Insurance,INSURANCE COMPANY OF THE WEST,02/28/2027,CSLBSearchData_163342171.xlsx,"""MIDNIGHT CRANE SERVICES"" ""FRESNO"" California solar contractor official website",midnightcrane.com,https://midnightcrane.com/fresno-crane-rental/,"Crane Rental Fresno, CA | Midnight Crane Services","Need a crane in Fresno? Call (559) 224-2002 now to schedule your crane rental with Midnight Crane. Trust the local experts for safe, professional crane service.",candidate_found,
731809,MIKE THE POOLMAN INC,Corporation,"705 EAST BIDWELL STREET,#2-299",FOLSOM,CA,95630,Sacramento,(916) 985 7665,01/28/1997,06/30/2028,C46 | C53,Workers' Compensation Insurance,NORGUARD INSURANCE COMPANY,10/27/2026,CSLBSearchData_163505900.xlsx,"""MIKE THE POOLMAN INC"" ""FOLSOM"" California solar contractor official website",romeri.co,https://romeri.co/ca/mike-the-poolman-inc-cslb-731809,"Mike the Poolman Inc – CSLB #731809 License, Bond ...","Mike the Poolman Inc (CSLB #731809), Folsom, CA — license, classification, and bond status from the California CSLB public record.",candidate_found,
1007601,MODERNIZE CONSTRUCTION INC,Corporation,9477 GREENBACK LANE #112,FOLSOM,CA,95630,Sacramento,(916) 293 5900,09/23/2015,09/30/2027,B | C10 | C46,Workers' Compensation Insurance,STATE COMPENSATION INSURANCE FUND,08/13/2027,CSLBSearchData_163505900.xlsx,"""MODERNIZE CONSTRUCTION INC"" ""FOLSOM"" California solar contractor official website",modernizepower.com,https://www.modernizepower.com/privacy-policy,Privacy Policy - Modernize Power,"This Privacy Policy describes how Modernize Construction, Inc. DBA ... #112, Folsom, CA 95630. Untitled design (6).png. From standby generators to ...",candidate_found,
1158734,MOHR ENERGY INC,Corporation,P.O. BOX 424,CORONA,CA,92878,Riverside,(951) 532 7880,07/28/2026,07/31/2028,C46,Workers' Compensation Insurance,STATE COMPENSATION INSURANCE FUND,05/28/2027,CSLBSearchData_163505900.xlsx,"""MOHR ENERGY INC"" ""CORONA"" California solar contractor official website",,,,,no_official_domain_candidate,
594693,MOORE SOLAR AND GREEN CONTRUCTION,Sole Owner,3820 LOMITAS DRIVE,LOS ANGELES,CA,90032,Los Angeles,(323) 221 1260,05/24/1990,02/28/2027,B | C46,Workers' Compensation Insurance,STATE COMPENSATION INSURANCE FUND,01/09/2027,CSLBSearchData_163412289.xlsx,"""MOORE SOLAR AND GREEN CONTRUCTION"" ""LOS ANGELES"" California solar contractor official website",,,,,no_official_domain_candidate,
1075045,MORALES ELECTRIC,Sole Owner,11521 FREEMAN AVE,HAWTHORNE,CA,90250,Los Angeles,(310) 703 9066,04/22/2021,04/30/2027,C10 | C46,Workers' Compensation Insurance,EMPLOYERS PREFERRED INSURANCE COMPANY,03/23/2027,CSLBSearchData_163412289.xlsx,"""MORALES ELECTRIC"" ""HAWTHORNE"" California solar contractor official website",isitlicensed.com,https://www.isitlicensed.com/ca/electrical/hawthorne,"Licensed Electrical (C-10) contractors in Hawthorne, CA ...","The California Contractors State License Board (CSLB) lists 30 Electrical (C-10) contractors in Hawthorne, California. ... Morales Electric Service Company INC.",candidate_found,
481394,MOUNTAIN AIRE HEATING & AIR CONDITIONING INC,Corporation,PO BOX 365,COARSEGOLD,CA,93614,Madera,(559) 683 2040,10/22/1985,12/31/2027,C10 | C20 | C46,Workers' Compensation Insurance,OAK RIVER INSURANCE COMPANY,01/01/2027,CSLBSearchData_163412289.xlsx,"""MOUNTAIN AIRE HEATING & AIR CONDITIONING INC"" ""COARSEGOLD"" California solar contractor official website",mtn-aire.com,https://www.mtn-aire.com/,Mountain Aire Heating and Air Conditioning,"Logo for Mountain Aire Heating & Air Conditioning, Inc. HomeAbout. FAMILY ... Contact Us. 35680 Highway 41 P.O Box 365. Coarsegold, CA 93614. (559)683-2040 ...",candidate_found,
719709,MULTI POWER,Sole Owner,4281 W SHIELDS AVENUE,FRESNO,CA,93722,Fresno,(559) 790 1603,03/05/1996,03/31/2028,B | C10 | C46,Workers' Compensation Insurance,AMERICAN CASUALTY COMPANY OF READING PA,12/18/2026,CSLBSearchData_163342171.xlsx,"""MULTI POWER"" ""FRESNO"" California solar contractor official website",homversa.com,https://homversa.com/biz/multi-power,"Multi Power - License-Verified in Fresno, CA - Homversa","Multi Power is a Fresno, California electrical contractor holding CSLB license #719709, verified against state records, licensed since 1996.",candidate_found,
1155461,MYCROGRID INCORPORATED,Corporation,41-555 COOK ST,PALM DESERT,CA,92211,Riverside,(760) 568 3413,05/19/2026,05/31/2028,B | C10 | C39 | C46,Workers' Compensation Insurance,STARNET INSURANCE COMPANY,05/13/2027,CSLBSearchData_163505900.xlsx,"""MYCROGRID INCORPORATED"" ""PALM DESERT"" California solar contractor official website",statecreds.com,https://www.statecreds.com/license/ca/general_contractor/mycrogrid-incorporated-1155461,Mycrogrid Incorporated — Licensed General Contractor in California ...,"Palm Desert, CA general contractor license records for Mycrogrid Incorporated — license #1155461, active and verified with California Contractors State ...",candidate_found,
1009790,MYNT SYSTEMS INC,Corporation,111 MISSION STREET,SANTA CRUZ,CA,95060,Santa Cruz,(408) 426 5420,12/17/2015,12/31/2027,B | C10 | C46,Workers' Compensation Insurance,NATIONAL CASUALTY COMPANY,12/22/2026,CSLBSearchData_163528025.xlsx,"""MYNT SYSTEMS INC"" ""SANTA CRUZ"" California solar contractor official website",myntsystems.com,https://myntsystems.com/,MYNT Systems - Santa Cruz,"Contact (408) 426-5420 contact@myntsystems.com 111 Mission Street Santa Cruz, CA 95060. © 2026 MYNT Systems Inc.CA Lic. 1009790B / C-10 / C-46. IBEW NECA ...",candidate_found,
761659,N V HEATHORN CO,Corporation,1980 OLIVERA RD STE C,CONCORD,CA,94520,Contra Costa,(510) 569 9100,04/15/1999,04/30/2027,A | B | C-2 | C-4 | C-7 | C10 | C16 | C20 | C21 | C34 | C36 | C38 | C39 | C42 | C43 | C46,Workers' Compensation Insurance,TRAVELERS PROPERTY CASUALTY COMPANY OF AMERICA,10/01/2026,CSLBSearchData_163342171.xlsx,"""N V HEATHORN CO"" ""CONCORD"" California solar contractor official website",rocketreach.co,https://rocketreach.co/nv-heathorn-co-profile_b5ff3b87f42d360e,N.V. Heathorn Co. Information,"N.V. Heathorn Co. Information ; Founded, 1932 ; Address, 1980 Olivera Rd Ste C, Concord, California 94520, US ; Phone, +1 510-569-9100 ; Fax, (510) 569-9106.",candidate_found,
517533,NATIONAL CONSTRUCTION COMPANY INC,Corporation,P O BOX 1472,EL CERRITO,CA,94530,Contra Costa,(510) 812 8292,09/11/1987,09/30/2026,B | C10 | C20 | C36 | C46,Workers' Compensation Insurance,STATE COMPENSATION INSURANCE FUND,11/25/2026,CSLBSearchData_163342171.xlsx,"""NATIONAL CONSTRUCTION COMPANY INC"" ""EL CERRITO"" California solar contractor official website",alamedaca.gov,https://www.alamedaca.gov/files/assets/public/finance/active-license-report-6.2.2021.xls,ActiveLicenseReport6.2.2021,"ARCO/MURRAY NATIONAL CONSTRUCTION COMPANY, INC. 3110 WOODCREEK DR, DOWNERS ... EL CERRITO, CA 94530-2107, 6/30/2021, AIR Cond./Heating (HVAC). 1982, 802605 ...",candidate_found,
420919,NAYLOR MARK SOLAR SPECIALISTS,Sole Owner,7930 ARJONS DR SUITE C,SAN DIEGO,CA,92126,San Diego,(858) 695 9465,04/14/1982,04/30/2028,B | C46,Workers' Compensation Insurance,STATE COMPENSATION INSURANCE FUND,01/01/2027,CSLBSearchData_163505900.xlsx,"""NAYLOR MARK SOLAR SPECIALISTS"" ""SAN DIEGO"" California solar contractor official website",,,,,no_official_domain_candidate,
1029842,NC SOLAR CONSTRUCTION INC,Corporation,6103 NORTHLAND RD,MANTECA,CA,95336,San Joaquin,(209) 340 9496,08/08/2017,08/31/2027,C46,Workers' Compensation Insurance,STATE COMPENSATION INSURANCE FUND,07/17/2027,CSLBSearchData_163505900.xlsx,"""NC SOLAR CONSTRUCTION INC"" ""MANTECA"" California solar contractor official website",buildzoom.com,https://www.buildzoom.com/contractor/nc-solar-construction-inc,Nc Solar Construction | Manteca | Read Reviews + Get a Bid,"Nc Solar Construction Inc, 6103 Northland Rd, Manteca, CA (Employees: Frank Douglas Neto, Miguel Contreras, and Miguel Contreras) holds a Solar license ...",candidate_found,
779970,ND CONSTRUCTION COMPANY INC,Corporation,100 W BROADWAY SUITE 3000,LONG BEACH,CA,90802,Los Angeles,(562) 246 6190,06/07/2000,06/30/2028,A | B | C10 | C46,Workers' Compensation Insurance,STATE COMPENSATION INSURANCE FUND,01/01/2027,CSLBSearchData_163412289.xlsx,"""ND CONSTRUCTION COMPANY INC"" ""LONG BEACH"" California solar contractor official website",statecreds.com,https://www.statecreds.com/license/ca/general_contractor/nd-construction-company-inc-779970,Nd Construction Company INC — Licensed General Contractor in ...,Looking up a general contractor in the Long Beach area? Nd Construction Company INC carries California license #779970. The number above is the one ...,candidate_found,
1076614,NEIGHBORHOOD SOLAR LLC,Limited Liability,30371 SENELA PL,TEMECULA,CA,92592,Riverside,(619) 333 0706,06/07/2021,06/30/2027,C10 | C46,Workers' Compensation Insurance,STATE COMPENSATION INSURANCE FUND,04/10/2027,CSLBSearchData_163505900.xlsx,"""NEIGHBORHOOD SOLAR LLC"" ""TEMECULA"" California solar contractor official website",buildzoom.com,https://www.buildzoom.com/contractor/neighborhood-solar-llc,Neighborhood Solar LLC,"Neighborhood Solar LLC, 30371 Senela Pl, Temecula, CA (Employee: Joshua Michael Basara) holds a Solar, Electrical license according to the California ...",candidate_found,
1053851,NEOSUN,Corporation,135 N VICTORY BLVD SUITE 5,BURBANK,CA,91506,Los Angeles,(818) 296 8183,05/22/2019,05/31/2027,B | C10 | C46,Workers' Compensation Insurance,PIE INSURANCE COMPANY (THE),08/17/2027,CSLBSearchData_163412289.xlsx,"""NEOSUN"" ""BURBANK"" California solar contractor official website",neosun.us,https://neosun.us/,Neosun Energy | Solar & Battery Systems in Southern California,"Contact. (310) 800-2441; info@neosun.us; 135 N Victory Blvd Suite 5. Burbank, CA 91506. © 2026 Neosun. All rights reserved. Privacy PolicyTerms of Service.",candidate_found,
812958,NEW DAY SOLAR,Corporation,30770 WEALTH ST,MURRIETA,CA,92563,Riverside,(855) 444 6329,09/24/2002,09/30/2027,C10 | C46,Workers' Compensation Insurance,BERKSHIRE HATHAWAY HOMESTATE INSURANCE COMPANY,09/01/2026,CSLBSearchData_163505900.xlsx,"""NEW DAY SOLAR"" ""MURRIETA"" California solar contractor official website",newdaysolar.com,https://www.newdaysolar.com/,"New Day Solar: Solar Panel Installation in Murrieta, CA","New Day Solar provides solar panel installation, battery storage, repair, and service for homes and businesses in Murrieta and Southern California.",candidate_found,
775687,NEXT LEVEL HOME PERFORMANCE,Corporation,5909 CERRITO DR,DIAMOND SPRINGS,CA,95619,El Dorado,(916) 851 9999,03/01/2000,06/30/2027,B | C10 | C17 | C20 | C27 | C46 | C53,Workers' Compensation Insurance,MIDWEST EMPLOYERS CASUALTY COMPANY,11/01/2026,CSLBSearchData_163342171.xlsx,"""NEXT LEVEL HOME PERFORMANCE"" ""DIAMOND SPRINGS"" California solar contractor official website",stylemg.com,https://www.stylemg.com/2024/10/02/507781/and-the-winners-are-style-magazines-best-of-el-dorado-county-foothills-for-2024,style best of winners 2024 el dorado county foothills,Rex Calhoun Construction Co. 3. North Works Handyman Best Home Builder 1. Next Level Home Performance ... Diamond Springs Printing 3 ...,candidate_found,
1089797,NEXT WAVE ENERGY MONITORING INC,Corporation,1946 KELLOGG AVE,CARLSBAD,CA,92008,San Diego,(800) 644 0839,04/11/2022,04/30/2028,C10 | C46,Workers' Compensation Insurance,INSURANCE COMPANY OF THE WEST,05/18/2027,CSLBSearchData_163505900.xlsx,"""NEXT WAVE ENERGY MONITORING INC"" ""CARLSBAD"" California solar contractor official website",energy-xprt.com,https://www.energy-xprt.com/companies/keyword-renewable-energy-monitoring-89675,Renewable Energy Monitoring Suppliers & Manufacturers,"Next Wave Energy Monitoring, Inc. based inCarlsbad, CALIFORNIA (USA). Next Wave Energy Monitoring provides a subscription-based software platform ...",candidate_found,
997733,NGUYEN T A CONSTRUCTION INC,Corporation,3060 INDUSTRY STREET STE 105,OCEANSIDE,CA,92054,San Diego,(619) 508 5207,10/18/2014,01/31/2028,B | C10 | C46,Workers' Compensation Insurance,STATE COMPENSATION INSURANCE FUND,10/01/2026,CSLBSearchData_163505900.xlsx,"""NGUYEN T A CONSTRUCTION INC"" ""OCEANSIDE"" California solar contractor official website",,,,,no_official_domain_candidate,
975779,NIPPON ENERGY INC,Corporation,28365 LA CALETA,MISSION VIEJO,CA,92692,Orange,(888) 273 0031,08/14/2012,08/31/2028,C10 | C46,Workers' Compensation Insurance,STATE COMPENSATION INSURANCE FUND,04/06/2027,CSLBSearchData_163444973.xlsx,"""NIPPON ENERGY INC"" ""MISSION VIEJO"" California solar contractor official website",hesperiaca.gov,http://www.hesperiaca.gov/DocumentCenter/View/17340/January-2022-Permit-Activity,[PDF] City of Hesperia Permit Activity Report For the Period 1/1/2022 thru 1/31 ...,"NIPPON ENERGY INC. 28365 LA CALETA, MISSION VIEJO, CA 92692. CONTRACTOR NIPPON ENERGY INC. 28365 LA CALETA, MISSION VIEJO, CA 92692. PAYOR.",candidate_found,
649300,NORTH COAST SOLAR,Corporation,1468 FUNSTON DRIVE,SANTA ROSA,CA,95407,Sonoma,(707) 575 3999,07/07/1992,07/31/2028,B | C46,Workers' Compensation Insurance,STATE COMPENSATION INSURANCE FUND,08/09/2027,CSLBSearchData_163528025.xlsx,"""NORTH COAST SOLAR"" ""SANTA ROSA"" California solar contractor official website",ncsr.com,https://ncsr.com/solar/,Solar Hot Water at Home,"Wright Charter School, Santa Rosa. Amarosa Academy, Santa Rosa. Solar for ... The tracking solar used by North Coast Solar is American made, developed in ...",candidate_found,
498434,NORTH COAST WATERWORKS INC,Corporation,7686 BELL RD,WINDSOR,CA,95492,Sonoma,(707) 578 3411,09/17/1986,09/30/2026,B | C46 | C55,Workers' Compensation Insurance,EMPLOYERS MUTUAL CASUALTY COMPANY,07/28/2027,CSLBSearchData_163528025.xlsx,"""NORTH COAST WATERWORKS INC"" ""WINDSOR"" California solar contractor official website",buildzoom.com,https://www.buildzoom.com/contractor/north-coast-waterworks-inc,North Coast Waterworks | Windsor,"North Coast Waterworks Inc in Windsor, (707) 578-3411 (855) 713-1088 ・ specializes in water treatment solutions ・ 7686 BELL RD, Windsor, CA, 95492. Phone ...",candidate_found,
1006316,NORTHSTAR SOLAR INC,Corporation,822 HARTZ WAY STE 240,DANVILLE,CA,94526,Contra Costa,(925) 400 7479,08/12/2015,01/31/2027,B | C33 | C46,Workers' Compensation Insurance,STATE COMPENSATION INSURANCE FUND,04/11/2027,CSLBSearchData_163342171.xlsx,"""NORTHSTAR SOLAR INC"" ""DANVILLE"" California solar contractor official website",rocketreach.co,https://rocketreach.co/northstar-solar-inc-profile_b4199d69ff4427c6,NorthStar Solar Inc. Information - RocketReach,"NorthStar Solar Inc. is a Renewable Energy Semiconductor Manufacturing company located in Danville, California with 5 employees.",candidate_found,
963509,NPI CONCRETE,Corporation,15439 MONTE ST,SYLMAR,CA,91342,Los Angeles,(818) 367 9340,07/21/2011,06/30/2028,A | B | C-8 | C46 | C53,Workers' Compensation Insurance,ROCHDALE INSURANCE COMPANY,01/17/2027,CSLBSearchData_163412289.xlsx,"""NPI CONCRETE"" ""SYLMAR"" California solar contractor official website",drugfreeconstruction.org,https://www.drugfreeconstruction.org/why-partner/,Why Partner?,"General Contractor, Marietta, GA. DJ Heating & Air Conditioning Inc, Subcontractor, Marlboro, NY. NATIONAL POOLS INC NPI CONCRETE, General Contractor, SYLMAR ...",candidate_found,
1038061,OASIS AIR AND SOLAR,Corporation,1000 E TRUXTUN AVE STE A,BAKERSFIELD,CA,93305,Kern,(661) 322 2665,04/12/2018,04/30/2028,C-2 | C20 | C36 | C38 | C46,Workers' Compensation Insurance,OAK RIVER INSURANCE COMPANY,10/01/2026,CSLBSearchData_163412289.xlsx,"""OASIS AIR AND SOLAR"" ""BAKERSFIELD"" California solar contractor official website",oasisairandsolar.com,https://oasisairandsolar.com/,"Air and Solar Companies Bakersfield, CA","If you are looking for a quality installation of a solar system Bakersfield, CA residents love, turn to Oasis Air and Solar. Call today to get started.",candidate_found,
981865,OCAL,Corporation,P O BOX 7445,SANTA ROSA,CA,95407,Sonoma,(707) 388 2001,03/09/2013,09/30/2026,B | C10 | C39 | C46,Workers' Compensation Insurance,STATE COMPENSATION INSURANCE FUND,11/22/2026,CSLBSearchData_163528025.xlsx,"""OCAL"" ""SANTA ROSA"" California solar contractor official website",sonomacountyenergy.my.site.com,https://sonomacountyenergy.my.site.com/financing/s/account/001t000000GWglDAAT/jbl-solar-energy,Account: JBL Solar Energy,"OCAL. Phone. (707) 388-2001. Help Phone. Email. info@jblsolarelectric.com ... Cotati, CA 94931. 2300 County Center Drive, Suite A105, Santa Rosa, CA 95403.",candidate_found,
591549,OCCIDENTAL POWER SOLAR & COGEN,Corporation,5982 MISSION STREET,SAN FRANCISCO,CA,94112,San Francisco,(415) 681 8861,03/30/1990,06/30/2027,B | C10 | C46,Workers' Compensation Insurance,STATE COMPENSATION INSURANCE FUND,01/01/2027,CSLBSearchData_163505900.xlsx,"""OCCIDENTAL POWER SOLAR & COGEN"" ""SAN FRANCISCO"" California solar contractor official website",zerofi.ai,https://www.zerofi.ai/pro/occidental-power-solar-cogen-san-francisco-ca-bbb2d0fa-f16c-4a48-a228-001bcecff8a6,"Occidental Power Solar & Cogen - Electrician in San Francisco, CA","Occidental Power Solar & Cogen is a state-licensed electrician serving San Francisco, CA and nearby communities. Their license is verified ...",candidate_found,
1123087,OFF GRID SOLAR SOLUTIONS INC,Corporation,14291 FARAWAY PL,VALLEY CENTER,CA,92082,San Diego,(760) 604 7437,07/01/2024,07/31/2028,C46,Workers' Compensation Insurance,STATE COMPENSATION INSURANCE FUND,03/17/2027,CSLBSearchData_163505900.xlsx,"""OFF GRID SOLAR SOLUTIONS INC"" ""VALLEY CENTER"" California solar contractor official website",borregospringsgzcms.preview.gochambermaster.com,http://borregospringsgzcms.preview.gochambermaster.com/list/member/off-grid-solar-solutions-inc-454,Off Grid Solar Solutions Inc. | Solar Powered,Off Grid Solar Solutions Inc. Categories. Solar Powered. 14291 Faraway Place Valley Center CA 92082 · (760) 604-7437 · Visit Website. About Us. Off-grid solar ...,candidate_found,
1069206,OHM SOLAR SOLUTIONS,Corporation,1300 NORD AVE,CHICO,CA,95928,Butte,(530) 433 4609,09/25/2020,09/30/2028,C10 | C46,Workers' Compensation Insurance,CAROLINA CASUALTY INSURANCE COMPANY,10/21/2026,CSLBSearchData_163342171.xlsx,"""OHM SOLAR SOLUTIONS"" ""CHICO"" California solar contractor official website",ohmsolarsolutions.com,https://ohmsolarsolutions.com/,OHM Solar Solutions – #1 California Solar Energy Company,"OHM SOLAR SOLUTIONS LOGO. 1300 Nord Avenue Suite 100. Chico, CA 95926. Explore OHM Solar Solutions. Products · Why OHM? How it works · Service areas · Chico ...",candidate_found,
1128661,ON POINT COMMERCIAL SOLAR INC,Corporation,26074 AVENUE HALL UNIT 4,VALENCIA,CA,91355,Los Angeles,(661) 261 0600,11/04/2024,11/30/2026,B | C10 | C46,Workers' Compensation Insurance,CAROLINA CASUALTY INSURANCE COMPANY,10/15/2026,CSLBSearchData_163412289.xlsx,"""ON POINT COMMERCIAL SOLAR INC"" ""VALENCIA"" California solar contractor official website",isitlicensed.com,https://www.isitlicensed.com/ca/contractor/on-point-commercial-solar-inc-1128661,"Is On Point Commercial Solar INC licensed, insured & complaint ...",Home/California/General Building (B)/Valencia/On Point Commercial Solar INC ... official ... Get a free quote from a vetted general building contractor in Valencia.,candidate_found,
1096220,ONESUN LLC,Limited Liability,4545 WORTSER AVE,STUDIO CITY,CA,91604,Los Angeles,(818) 439 5714,09/07/2022,09/30/2028,C46,Workers' Compensation Insurance,STATE COMPENSATION INSURANCE FUND,02/17/2027,CSLBSearchData_163412289.xlsx,"""ONESUN LLC"" ""STUDIO CITY"" California solar contractor official website",zerofi.ai,https://www.zerofi.ai/pro/onesun-llc-studio-city-ca-df1f3ff1-5955-4318-a9b7-06d71cde278b,"Onesun Llc - Solar installer in Studio City, CA | ZeroFi","Onesun Llc is a state-licensed solar installer serving Studio City, CA and nearby communities. Their license is verified active on the CA contractor registry ( ...",candidate_found,
1142716,OPTERRA ENERGY SERVICES LLC,Limited Liability,35 NORTH LAKE AVE #980,PASADENA,CA,91101,Los Angeles,(626) 377 9038,08/27/2025,08/31/2027,A | B | C10 | C46,Workers' Compensation Insurance,ZURICH AMERICAN INSURANCE COMPANY,06/12/2027,CSLBSearchData_163412289.xlsx,"""OPTERRA ENERGY SERVICES LLC"" ""PASADENA"" California solar contractor official website",selfgenca.com,https://www.selfgenca.com/documents/developer/approved,Approved SGIP Developer List,"... Pasadena,CA All,No,""Green Air Heating and Air Conditioning, Inc."",Concord,CA ... Opterra Energy Services, LLC"",San Jose,CA All,Yes,Option One ...",candidate_found,
1024381,OPTIMUM SOLAR POWER INC,Corporation,10000 INDIANA AVE STE #2,RIVERSIDE,CA,92503,Riverside,(951) 290 0446,03/07/2017,01/31/2028,A | C10 | C46,Workers' Compensation Insurance,EMPLOYERS ASSURANCE COMPANY,07/27/2027,CSLBSearchData_163505900.xlsx,"""OPTIMUM SOLAR POWER INC"" ""RIVERSIDE"" California solar contractor official website",optimumsolarpower.com,https://optimumsolarpower.com/,"Solar Company | Solar Panels Riverside, California | (951 ...","Optimum Solar Power Inc. 10000 Indiana Ave. # 2. Riverside, CA 92503. Office: +1 951-290-0446. Email: squreshi@optimumsolarpower.com. Email: info@ ...",candidate_found,
985340,OPTION ONE SOLAR,Corporation,13581 JOHN GLENN ROAD STE A,APPLE VALLEY,CA,92308,San Bernardino,(760) 646 8444,07/22/2013,07/31/2027,C10 | C46,Workers' Compensation Insurance,A I U INSURANCE COMPANY,06/01/2027,CSLBSearchData_163505900.xlsx,"""OPTION ONE SOLAR"" ""APPLE VALLEY"" California solar contractor official website",optiononesolar.com,https://optiononesolar.com/,Option One Solar: Southern California Solar Installer | Est. 2013,"Why California Trusts Option One Solar ... Bringing space-age reliability to residential and commercial solar since 1970. 13581 John Glenn Rd A, Apple Valley, CA ...",candidate_found,
801858,OPUS PACIFIC DEVELOPMENT INC,Corporation,30 LAUREL HILL COURT,SAN MATEO,CA,94402,San Mateo,(650) 788 5368,12/06/2001,07/31/2027,A | B | C-7 | C10 | C46,Workers' Compensation Insurance,STATE COMPENSATION INSURANCE FUND,11/25/2026,CSLBSearchData_163528025.xlsx,"""OPUS PACIFIC DEVELOPMENT INC"" ""SAN MATEO"" California solar contractor official website",,,,,no_official_domain_candidate,
861315,OR - 5 GENERAL CONTRACTOR CORP,Corporation,23349 CANZONET STREET,WOODLAND HILLS,CA,91367,Los Angeles,(818) 468 3833,07/12/2005,05/31/2027,B | C15 | C20 | C46 | D06 | D38,Workers' Compensation Insurance,STATE COMPENSATION INSURANCE FUND,06/08/2027,CSLBSearchData_163412289.xlsx,"""OR - 5 GENERAL CONTRACTOR CORP"" ""WOODLAND HILLS"" California solar contractor official website",buildzoom.com,https://www.buildzoom.com/contractor/or-5-general-contractor-corp,Or - 5 General Contractor | CA | Read Reviews + Get a Bid,"Serving Woodland Hills and the greater Los Angeles area, Or - 5 General Contractor Corp brings over two decades of experience to residential and commercial ...",candidate_found,
522475,P S I,Sole Owner,1747 COLGATE DRIVE,THOUSAND OAKS,CA,91360,Ventura,(818) 618 2333,01/07/1988,01/31/2028,C13 | C46 | D34,Workers' Compensation Insurance,INSURANCE COMPANY OF THE WEST,01/01/2027,CSLBSearchData_163547774.xlsx,"""P S I"" ""THOUSAND OAKS"" California solar contractor official website",cleanwater1.com,https://cleanwater1.com/pax-mixers,PAX Mixers | THM removal with Solar powered tank mixers,"... PSI motive water. This upward flow of water not only provides axial thrust ... City of Thousand Oaks. Location: City of Thousand Oaks, California Goal ...",candidate_found,
853463,PAB SOLAR AND AIR INC,Corporation,2519 HEBRON AVENUE,SAN JOSE,CA,95121,Santa Clara,(408) 876 0705,01/22/2005,04/30/2028,C20 | C46,Workers' Compensation Insurance,STATE COMPENSATION INSURANCE FUND,02/24/2027,CSLBSearchData_163528025.xlsx,"""PAB SOLAR AND AIR INC"" ""SAN JOSE"" California solar contractor official website",cleanenergyconnection.org,https://cleanenergyconnection.org/contractor/pab-solar-and-air-inc,Pab Solar And Air Inc - Clean Energy Connection,"Pab Solar And Air Inc. Request Quote. Category. Electrification; Home ... San Jose, CA 95121. United States. Service Area. 95121. Request Quote. Contact ...",candidate_found,
544777,PACE SETTER PLUMBING CORPORATION,Corporation,44231 DIVISION ST_STE A,LANCASTER,CA,93535,Los Angeles,(661) 948 2448,10/18/1988,10/31/2026,A | ASB | B | C-2 | C-4 | C21 | C34 | C36 | C42 | C46 | C55 | HAZ,Workers' Compensation Insurance,WESCO INSURANCE COMPANY,07/01/2027,CSLBSearchData_163412289.xlsx,"""PACE SETTER PLUMBING CORPORATION"" ""LANCASTER"" California solar contractor official website",plumbing-expert.com,http://www.plumbing-expert.com/cv.htm,Arnold Rodio CV,"Lancaster, CA 93534. (661) 949-8811. GENERAL INFORMATION. Twenty-five years ... Pace Setter Plumbing Corporation License classifications: A General ...",candidate_found,
917409,PACIFIC BLUE SOLAR INC,Corporation,26915 1/2 FURNIVALL AVE,CANYON COUNTRY,CA,91351,Los Angeles,(661) 259 1004,06/11/2008,06/30/2028,C10 | C46,Workers' Compensation Insurance,STATE COMPENSATION INSURANCE FUND,01/01/2027,CSLBSearchData_163412289.xlsx,"""PACIFIC BLUE SOLAR INC"" ""CANYON COUNTRY"" California solar contractor official website",selfgenca.com,https://www.selfgenca.com/documents/developer/approved,Approved SGIP Developer List,"... Canyon Country,CA All,No,""Home Networks, Electric & Solar"",San Jose,CA ... Pacific Blue Solar, Inc."",Canyon Country,CA All,No,Pacific Builders Crew Inc ...",candidate_found,
660149,PACIFIC LANDMARK INT.,Corporation,415 N TERMINAL ST,SANTA ANA,CA,92701,Orange,(714) 973 8060,12/03/1992,05/31/2028,B | C-6 | C15 | C36 | C46 | C54,Workers' Compensation Insurance,INSURANCE COMPANY OF THE WEST,11/18/2026,CSLBSearchData_163444973.xlsx,"""PACIFIC LANDMARK INT."" ""SANTA ANA"" California solar contractor official website",,,,,no_official_domain_candidate,
812149,PACIFIC SOLAR,Corporation,228 N FAIRFAX AVE SUITE 101,CLOVIS,CA,93612,Fresno,(559) 251 5592,08/30/2002,08/31/2026,B | C10 | C46,Workers' Compensation Insurance,STATE COMPENSATION INSURANCE FUND,08/01/2027,CSLBSearchData_163342171.xlsx,"""PACIFIC SOLAR"" ""CLOVIS"" California solar contractor official website",pacificsolarcompany.com,https://pacificsolarcompany.com/,Pacific Solar | Residential & Commercial Solar Solutions,"Explore Pacific Solar's custom solar energy systems for homes and businesses in Central California. Save ... Clovis, CA; Pismo Beach, CA; Atascadero, CA. Merced, ...",candidate_found,
1004379,PACIFICSKY SOLAR LLC,Limited Liability,20640 BAHAMA ST UNIT B,CHATSWORTH,CA,91311,Los Angeles,(818) 223 8344,06/11/2015,06/30/2027,C10 | C46,Workers' Compensation Insurance,CAROLINA CASUALTY INSURANCE COMPANY,04/15/2027,CSLBSearchData_163412289.xlsx,"""PACIFICSKY SOLAR LLC"" ""CHATSWORTH"" California solar contractor official website",crunchbase.com,https://www.crunchbase.com/organization/pacificsky-solar,PacificSky Solar - Crunchbase Company Profile & Funding,"Legal Name PacificSky Solar LLC. Operating Status Active. Company Type ... PacificSky Solar is located in Chatsworth, California, United States . Who ...",candidate_found,
1035963,PANEL THE PLANET,Corporation,25565 PALERMO WAY,YORBA LINDA,CA,92887,Orange,(424) 256 6912,02/15/2018,02/29/2028,C46,Workers' Compensation Insurance,STATE COMPENSATION INSURANCE FUND,12/29/2026,CSLBSearchData_163444973.xlsx,"""PANEL THE PLANET"" ""YORBA LINDA"" California solar contractor official website",b2bhint.com,https://b2bhint.com/en/company/us-ca/panel-the-planet--3886871,PANEL THE PLANET - California company - 3886871,"PANEL THE PLANET American (California) company. Company ... Legal address25565 PALERMO WAY, YORBA LINDA, CA, 92887 ... ContractorsActive. Solar Contractor. No ...",candidate_found,
1025115,PARAGONSUN,Corporation,7545 IRVINE CENTER DR #200,IRVINE,CA,92618,Orange,(858) 386 0463,03/23/2017,03/31/2027,B | C10 | C46,Workers' Compensation Insurance,PIE INSURANCE COMPANY (THE),05/02/2027,CSLBSearchData_163444973.xlsx,"""PARAGONSUN"" ""IRVINE"" California solar contractor official website",paragonsun.com,https://www.paragonsun.com/,ParagonSun,"ParagonSun is California's premier Enphase Platinum solar installer offering expert solar ... Best Solar Energy Company in Irvine, CA. Background image. Solar ...",candidate_found,
1014673,PARTICIPANT ENERGY CALIFORNIA INC,Corporation,1791 SOLANO AVE,BERKELEY,CA,94707,Alameda,(310) 646 1202,05/27/2016,05/31/2028,C46,Workers' Compensation Insurance,STATE COMPENSATION INSURANCE FUND,02/05/2027,CSLBSearchData_163342171.xlsx,"""PARTICIPANT ENERGY CALIFORNIA INC"" ""BERKELEY"" California solar contractor official website",zerofi.ai,https://www.zerofi.ai/pro/participant-energy-california-inc-berkeley-ca-a3a52cac-a1eb-4ebd-8105-2161d730717c,"Participant Energy California Inc - Solar installer in Berkeley, CA","Participant Energy California Inc is a licensed solar installer in Berkeley, CA. (310) 646 1202 1791 Solano Ave, Berkeley, CA. They handle ...",candidate_found,
1131853,PELICAN CONSTRUCTION & ENERGY INC,Corporation,745 VISTA GRANDE WAY #315,OCEANSIDE,CA,92057,San Diego,(760) 571 3733,01/17/2025,01/31/2027,B | C46,Workers' Compensation Insurance,STATE COMPENSATION INSURANCE FUND,10/15/2026,CSLBSearchData_163505900.xlsx,"""PELICAN CONSTRUCTION & ENERGY INC"" ""OCEANSIDE"" California solar contractor official website",gis.vista.gov,https://gis.vista.gov/files/Vista_Bld_Issued_Permits_2025.xlsx,Building Permits Issued 2025 - IIS Windows Server - City of Vista,"OCEANSIDE ROOFING CONTRACTORS INC, REILLY JOHN J & SBARBARO TIFFANY H ... PELICAN CONSTRUCTION & ENERGY INC, KARWOWSKI ELIZA, PELICAN CONSTRUCTION ...",candidate_found,
798375,PENNIES A/C - SOLAR & CONSTRUCTION,Sole Owner,2851 WEST AVENUE L #215,LANCASTER,CA,93536,Los Angeles,(661) 951 3634,08/15/2001,08/31/2027,B | C20 | C46,Workers' Compensation Insurance,STATE COMPENSATION INSURANCE FUND,10/05/2026,CSLBSearchData_163412289.xlsx,"""PENNIES A/C - SOLAR & CONSTRUCTION"" ""LANCASTER"" California solar contractor official website",zerofi.ai,https://www.zerofi.ai/pro/pennies-a-c-solar-construction-lancaster-ca-bb2c75c3-610c-411a-a08f-67f9587a0186,"Pennies A/C - Solar & Construction - HVAC contractor in Lancaster, CA","Pennies A/C - Solar & Construction is a state-licensed HVAC contractor serving Lancaster, CA and nearby communities. Their license is verified ...",candidate_found,
789106,PERFORMANCE SOLAR INC,Corporation,480 CORPORATE DRIVE,ESCONDIDO,CA,92029,San Diego,(760) 594 0810,12/26/2000,12/31/2026,C46,Workers' Compensation Insurance,CAROLINA CASUALTY INSURANCE COMPANY,01/01/2027,CSLBSearchData_163505900.xlsx,"""PERFORMANCE SOLAR INC"" ""ESCONDIDO"" California solar contractor official website",performancesolar.com,https://performancesolar.com/,Performance Solar - Unleash Your Home's Potential,"Keeping pools heated in Southern California. Our office is located in Escondido. We cover San Diego, Orange County, Riverside and Los Angeles County. San Diego ...",candidate_found,
988549,PERRYBUILT CONSTRUCTION INC,Corporation,P O BOX 125,SOQUEL,CA,95073,Santa Cruz,(831) 359 6891,11/19/2013,11/30/2027,B | C46,Workers' Compensation Insurance,STATE COMPENSATION INSURANCE FUND,12/29/2026,CSLBSearchData_163528025.xlsx,"""PERRYBUILT CONSTRUCTION INC"" ""SOQUEL"" California solar contractor official website",buildzoom.com,https://www.buildzoom.com/contractor/perrybuilt-construction-inc,Perrybuilt Construction | Soquel | Read Reviews + Get a Bid,"From BuildZoom: Perrybuilt Construction Inc, Soquel, Po Box 125, Soquel, CA ... Perrybuilt Construction Inc mostly works on solar installation projects.",candidate_found,
981354,PHOENIX ENERGY SOLUTIONS INC,Corporation,4962 ROCKING HORSE LN,SHINGLE SPRINGS,CA,95682,El Dorado,(916) 716 5650,02/26/2013,02/28/2027,B | C10 | C20 | C46,Workers' Compensation Insurance,CAROLINA CASUALTY INSURANCE COMPANY,05/24/2027,CSLBSearchData_163342171.xlsx,"""PHOENIX ENERGY SOLUTIONS INC"" ""SHINGLE SPRINGS"" California solar contractor official website",selfgenca.com,https://www.selfgenca.com/documents/developer/approved,Approved SGIP Developer List,"... Shingle Springs,CA All,No,Capital City Solar,Roseville,CA All,No,Capital ... Phoenix Energy Solutions Inc.,Cameron Park,CA All,No,Phoenix Solar Energy ...",candidate_found,
997464,PHOTOVOLTAICS CALIFORNIA,Corporation,22588 BYRON STREET,HAYWARD,CA,94541,Alameda,(510) 610 9590,10/08/2014,05/31/2027,C10 | C46,Workers' Compensation Insurance,ZURICH AMERICAN INSURANCE COMPANY,10/01/2026,CSLBSearchData_163342171.xlsx,"""PHOTOVOLTAICS CALIFORNIA"" ""HAYWARD"" California solar contractor official website",findenergy.com,https://findenergy.com/ca/hayward-solar/,"Solar Panels Cost 2.0k-10k in Hayward, CA | August, 2025","Hayward Solar Panel Installation Incentives & Rebates | 2025. For ... Photovoltaics California. Pleasanton, CA(510) 610-9590. Services.",candidate_found,
1135215,PLACER SOLAR SOLUTIONS INC,Corporation,"2264 SIERRA MEADOWS DRIVE UNIT,B",ROCKLIN,CA,95677,Placer,(279) 244 7598,04/02/2025,04/30/2027,C10 | C46,Workers' Compensation Insurance,PIE INSURANCE COMPANY (THE),03/20/2027,CSLBSearchData_163505900.xlsx,"""PLACER SOLAR SOLUTIONS INC"" ""ROCKLIN"" California solar contractor official website",placersolarsolutions.com,https://placersolarsolutions.com/,Placer Solar Solutions,"Contact ; Address. 2264 Sierra Meadows Drive Suite B Rocklin, CA 95677 ; Email. estimating@placersolarsolutions.net ; Phone. (279) 262-9539.",candidate_found,
938313,PLANET SOLAR INCORPORATED,Corporation,117 N SUNNYSIDE AVE,CLOVIS,CA,93611,Fresno,(559) 228 9245,09/29/2009,07/31/2028,B | C46,Workers' Compensation Insurance,STATE COMPENSATION INSURANCE FUND,07/01/2027,CSLBSearchData_163342171.xlsx,"""PLANET SOLAR INCORPORATED"" ""CLOVIS"" California solar contractor official website",contractorlicenseproof.com,https://contractorlicenseproof.com/california/solar/clovis,"Solar Contractors in Clovis, CA (C-46) | Contractor License Proof","C-46 · Clovis, CA. Licensed. Verified June 17, 2026 · Bonded · Planet Solar Incorporated. C-46 · Clovis, CA. Licensed. Verified June 17, 2026 · Bonded · Cencal ...",candidate_found,
879366,POCO SOLAR ENERGY INC,Corporation,3345 KELLER STREET,SANTA CLARA,CA,95054,Santa Clara,(408) 970 0680,06/13/2006,06/30/2028,B | C46,Workers' Compensation Insurance,EVEREST PREMIER INSURANCE COMPANY,04/01/2027,CSLBSearchData_163528025.xlsx,"""POCO SOLAR ENERGY INC"" ""SANTA CLARA"" California solar contractor official website",pocosolar.com,https://www.pocosolar.com/,POCO Solar Energy Inc,"The solar electric experts at POCO Solar Energy, Inc. offer a ... Santa Clara, CA 95054; Email: info@pocosolar.com; Phone: (408) 970-0680 or (650) ...",candidate_found,
978758,POWERAID,Corporation,1715 E WILSHIRE AVE 715,SANTA ANA,CA,92705,Orange,(949) 309 8572,11/16/2012,11/30/2026,C10 | C46,Workers' Compensation Insurance,REPUBLIC INDEMNITY COMPANY OF AMERICA,08/27/2026,CSLBSearchData_163444973.xlsx,"""POWERAID"" ""SANTA ANA"" California solar contractor official website",buildzoom.com,https://www.buildzoom.com/contractor/poweraid,Poweraid | Santa Ana CA | Read Reviews + Get a Free Quote,"Poweraid in Santa Ana, CA | Photos | Reviews | 202 building permits for $923800. Recent work: Remove 90a sub panel on exisitng photovoltaic system.",candidate_found,
1113642,POWERTREE SERVICES INC,Corporation,"360 LANGTON ST,SUITE A",SAN FRANCISCO,CA,94103,San Francisco,(415) 235 5094,12/07/2023,12/31/2027,B | C46,Workers' Compensation Insurance,STATE COMPENSATION INSURANCE FUND,02/01/2027,CSLBSearchData_163505900.xlsx,"""POWERTREE SERVICES INC"" ""SAN FRANCISCO"" California solar contractor official website",powertreeservices.com,https://www.powertreeservices.com/,"POWERTREE Services Inc. – Integrated solar, EV charging and ...",Regulation friendly. 31 unit apartment building with Powertree Solar in San Francisco ... © 2022 POWERTREE Services Inc. | CA Contractor License #1113642.,candidate_found,
924885,"PR PLUMBING,HEATING AND AIR CONDITIONING INC",Corporation,P O BOX 2010,CLOVIS,CA,93613,Fresno,(559) 244 0440,11/14/2008,11/30/2026,B | C-2 | C20 | C36 | C46,Workers' Compensation Insurance,TRAVELERS PROPERTY CASUALTY COMPANY OF AMERICA,04/18/2027,CSLBSearchData_163342171.xlsx,"""PR PLUMBING,HEATING AND AIR CONDITIONING INC"" ""CLOVIS"" California solar contractor official website",prplumbingfresno.com,https://www.prplumbingfresno.com/near-me/clovis-plumber,"Plumber in Clovis, CA - PR Plumbing Heating and Air Conditioning","Recent Projects for Clovis, CA. Top quality heating and air conditioning packaged unit install! PR Plumbing, Heating, and Air Conditioning inc. completed a ...",candidate_found,
428900,PRECISE AIR SYSTEMS INC,Corporation,P O BOX 39609,LOS ANGELES,CA,90039,Los Angeles,(818) 240 1737,10/06/1982,10/31/2026,C10 | C20 | C46,Workers' Compensation Insurance,PACIFIC COMPENSATION INSURANCE COMPANY,03/02/2027,CSLBSearchData_163412289.xlsx,"""PRECISE AIR SYSTEMS INC"" ""LOS ANGELES"" California solar contractor official website",preciseairsystems.com,https://www.preciseairsystems.com/,Precise Air Systems: Expert HVAC Services in Los Angeles - 2026,"Precise Air Systems Inc. is an excellent Air Conditioning company. We ... ac repair los angeles ca, air conditioning service los angeles, hvac los angeles ...",candidate_found,
534116,PRECISION ELECTRIC CO,Corporation,8137 WINTER GARDENS BLVD,LAKESIDE,CA,92040,San Diego,(619) 390 2991,07/07/1988,07/31/2028,A | B | C-7 | C10 | C46,Workers' Compensation Insurance,ZURICH AMERICAN INSURANCE COMPANY,07/01/2027,CSLBSearchData_163505900.xlsx,"""PRECISION ELECTRIC CO"" ""LAKESIDE"" California solar contractor official website",precisionelectricco.com,https://www.precisionelectricco.com/,Precision Electric – Powering your projects,"8137 Winter Gardens Blvd. Lakeside, CA 92040 800-390-2991 24/7 emergency ... Apply here. COPYRIGHT 2020 PRECISION ELECTRIC CO, ALL RIGHT RESERVED. HOME ...",candidate_found,
950065,PRECISION ELECTRIC SOLAR,Corporation,8137 WINTER GARDENS BLVD,LAKESIDE,CA,92040,San Diego,(619) 390 2991,07/16/2010,07/31/2028,A | B | C-7 | C10 | C46,Workers' Compensation Insurance,ZURICH AMERICAN INSURANCE COMPANY,07/01/2027,CSLBSearchData_163505900.xlsx,"""PRECISION ELECTRIC SOLAR"" ""LAKESIDE"" California solar contractor official website",ibew569.org,https://ibew569.org/contractor-directory/listing/contractors-precision-electric-solar/,PRECISION ELECTRIC SOLAR - IBEW Local 569,"PRECISION ELECTRIC SOLAR. 8137 Winter Gardens Boulevard, Lakeside, California 92040, United States. 619-390-2991 · info@precisionelectricco.com · http://www ...",candidate_found,
967732,PRIDE INDUSTRIES ONE INC,Corporation,PO BOX 1200,ROCKLIN,CA,95747,Placer,(800) 550 6005,11/16/2011,11/30/2027,A | B | C-4 | C-7 | C10 | C16 | C20 | C27 | C36 | C38 | C43 | C46,Workers' Compensation Insurance,HARTFORD CASUALTY INSURANCE COMPANY,07/01/2027,CSLBSearchData_163505900.xlsx,"""PRIDE INDUSTRIES ONE INC"" ""ROCKLIN"" California solar contractor official website",nrgcemetery.com,https://www.nrgcemetery.com/files/916747a36/Pride+Industries+One%2C+Inc..pdf,00 41 43-bid forms,"NAME OF BIDDER: PRIDE Industries One, Inc. ... Rocklin, CA 95747. Phone (916) 788-2100. FAX. Name ... business, (b) the California contractor license number, (c) ...",candidate_found,
992887,PRIME ENC INC,Corporation,2629 W WOODLAND DR,ANAHEIM,CA,92801,Orange,(714) 502 4843,05/14/2014,05/31/2028,B | C20 | C36 | C39 | C46,Workers' Compensation Insurance,STATE COMPENSATION INSURANCE FUND,09/10/2026,CSLBSearchData_163444973.xlsx,"""PRIME ENC INC"" ""ANAHEIM"" California solar contractor official website",buildzoom.com,https://www.buildzoom.com/contractor/prime-enc-inc,Prime Enc Inc,"Serving Anaheim and the surrounding areas, Prime Enc Inc specializes in providing environmental and restoration services for residential and commercial ...",candidate_found,
1126479,PRISTINE SOLAR & ELECTRIC INC,Corporation,MM P O BOX 145,HANFORD,CA,93232,Kings,(559) 442 9233,09/16/2024,08/31/2027,C10 | C46,Workers' Compensation Insurance,STATE COMPENSATION INSURANCE FUND,01/10/2027,CSLBSearchData_163412289.xlsx,"""PRISTINE SOLAR & ELECTRIC INC"" ""HANFORD"" California solar contractor official website",isitlicensed.com,https://www.isitlicensed.com/ca/contractor/pristine-solar-electric-inc-1126479,"Is Pristine Solar & Electric INC licensed, insured & complaint-free in ...","Home/California/Electrical (C-10)/Hanford/Pristine Solar & Electric INC. Is Pristine Solar & Electric INC licensed, insured & complaint-free in California?",candidate_found,
498775,PRO - AIR INC,Corporation,P O BOX 2106,CITRUS HEIGHTS,CA,95611,Sacramento,(916) 722 8300,09/25/1986,05/31/2027,B | C20 | C46,Workers' Compensation Insurance,HARTFORD CASUALTY INSURANCE COMPANY,06/24/2027,CSLBSearchData_163505900.xlsx,"""PRO - AIR INC"" ""CITRUS HEIGHTS"" California solar contractor official website",reviews.birdeye.com,https://reviews.birdeye.com/pro-air-inc-165407346537182,Pro-Air Inc. - 78 Reviews - Heating & Air Conditioning/HVAC in Citrus ...,"Read 78 customer reviews of Pro-Air Inc., one of the best Heating & Air Conditioning/HVAC businesses at 6009 Auburn Blvd, Citrus Heights, CA 95621 United ...",candidate_found,
1107275,PSG ROOFING,Limited Liability,825 DICKSON STREET,MARINA DEL REY,CA,90292,Los Angeles,(424) 353 9997,07/14/2023,07/31/2027,C10 | C39 | C46,Workers' Compensation Insurance,STATE COMPENSATION INSURANCE FUND,03/12/2027,CSLBSearchData_163412289.xlsx,"""PSG ROOFING"" ""MARINA DEL REY"" California solar contractor official website",,,,,no_official_domain_candidate,
808734,PURE POWER SOLUTIONS,Corporation,1083 VINE ST #279,HEALDSBURG,CA,95448,Sonoma,(707) 433 6556,05/30/2002,09/30/2027,C10 | C46,Workers' Compensation Insurance,STATE COMPENSATION INSURANCE FUND,03/25/2027,CSLBSearchData_163528025.xlsx,"""PURE POWER SOLUTIONS"" ""HEALDSBURG"" California solar contractor official website",purepowersolutions.com,https://purepowersolutions.com/,Pure Power Solutions: Solar & Battery Systems Experts - Home,"Pure Power Solutions designs and installs solar energy and battery storage solutions for homeowners and commercial property owners in Sonoma, Napa, Marin, ...",candidate_found,
963602,PURE PWR POOL SERVICE,Corporation,1317 SIMPSON WAY STE L,ESCONDIDO,CA,92029,San Diego,(760) 805 4135,07/25/2011,07/31/2027,C46 | D35,Workers' Compensation Insurance,MIDWEST EMPLOYERS CASUALTY COMPANY,08/02/2026,CSLBSearchData_163505900.xlsx,"""PURE PWR POOL SERVICE"" ""ESCONDIDO"" California solar contractor official website",contractorlicenseproof.com,https://contractorlicenseproof.com/california/solar/escondido,"Solar Contractors in Escondido, CA (C-46) | Contractor License Proof","C-46 · Escondido, CA. Licensed. Verified August 4, 2026 · Bonded · Pure PWR Pool Service. C-46 · Escondido, CA. Licensed. Verified August 4, 2026 · Bonded.",candidate_found,
939143,PURE SOLAR POWER,Sole Owner,147 COOP COURT,ENCINITAS,CA,92024,San Diego,(760) 840 9984,10/23/2009,10/31/2027,B | C46,Workers' Compensation Insurance,STATE COMPENSATION INSURANCE FUND,11/07/2026,CSLBSearchData_163505900.xlsx,"""PURE SOLAR POWER"" ""ENCINITAS"" California solar contractor official website",buildzoom.com,https://www.buildzoom.com/contractor/pure-solar-power,Pure Solar Power | Encinitas CA | Read Reviews + Get a Bid,"Pure Solar Power, Encinitas, CA (Owned by: Jeffrey Konek) holds a Contractor license and 2 other licenses according to the Oceanside license board.",candidate_found,
1149696,PV PLUS LLC,Limited Liability,15123 E COLLIER RD #2,ACAMPO,CA,95220,San Joaquin,(833) 378 7587,01/29/2026,01/31/2028,C10 | C46,Workers' Compensation Insurance,EMPLOYERS COMPENSATION INSURANCE COMPANY,09/29/2026,CSLBSearchData_163505900.xlsx,"""PV PLUS LLC"" ""ACAMPO"" California solar contractor official website",zerofi.ai,https://www.zerofi.ai/pro/pv-plus-llc-acampo-ca-20b492d2-9cff-40a1-b280-943af687ef03,"Pv Plus Llc - Electrician in Acampo, CA - ZeroFi","Pv Plus Llc is a licensed electrician in Acampo, CA. (833) 378 7587 15123 E Collier Rd #2, Acampo, CA. They handle panel upgrades, wiring, ...",candidate_found,
939078,PYCEM INC,Corporation,3065 BEYER BLVD STE B103,SAN DIEGO,CA,92154,San Diego,(619) 271 0110,10/22/2009,10/31/2026,C-7 | C10 | C46,Workers' Compensation Insurance,STATE COMPENSATION INSURANCE FUND,04/11/2027,CSLBSearchData_163505900.xlsx,"""PYCEM INC"" ""SAN DIEGO"" California solar contractor official website",calssa-backend.squarespace.com,https://calssa-backend.squarespace.com/s/2023-CALSSA-Annual-Report-WEB-h45x.pdf,[PDF] ANNUAL REPORT - CalSSA,"PYCEM, INC. PYTES (USA) Energy Inc. Q CELLS. Quattro Solar, Inc ... San Diego County Solar. San Diego Solar Inc. Sandbar Solar. Santa Cruz Solar.",candidate_found,
1090641,QCELLS FOR NEW HOMES,Corporation,300 SPECTRUM CENTER DR #500,IRVINE,CA,92618,Orange,(760) 578 7215,04/25/2022,04/30/2028,C10 | C46,Workers' Compensation Insurance,STATE COMPENSATION INSURANCE FUND,04/08/2027,CSLBSearchData_163444973.xlsx,"""QCELLS FOR NEW HOMES"" ""IRVINE"" California solar contractor official website",,,,,no_official_domain_candidate,
1144551,QMR INC,Corporation,1981 LIME AVE,MC KINLEYVILLE,CA,95519,Humboldt,(707) 481 7279,10/03/2025,10/31/2027,B | C10 | C46,Workers' Compensation Insurance,CONTINENTAL CASUALTY COMPANY,11/06/2026,CSLBSearchData_163412289.xlsx,"""QMR INC"" ""MC KINLEYVILLE"" California solar contractor official website",,,,,no_official_domain_candidate,
959548,QUALITY HOME RENOVATORS INC,Corporation,5225 QUAKERTOWN AVE,WOODLAND HILLS,CA,91364,Los Angeles,(888) 916 9955,04/05/2011,04/30/2027,B | C17 | C33 | C39 | C46,Workers' Compensation Insurance,STATE COMPENSATION INSURANCE FUND,11/14/2026,CSLBSearchData_163412289.xlsx,"""QUALITY HOME RENOVATORS INC"" ""WOODLAND HILLS"" California solar contractor official website",buildzoom.com,https://www.buildzoom.com/contractor/quality-home-renovators-inc,QUALITY HOME RENOVATORS | CA | Read Reviews + Get a Bid,"QUALITY HOME RENOVATORS INC, 5225 Quakertown Ave, Woodland Hills, CA (Employees: Bradley Alan Smith and Michael Steven Haines) holds a General Building, ...",candidate_found,
954020,QUATTRO SOLAR INC,Corporation,25 HAMILTON DRIVE SUITE K,NOVATO,CA,94949,Marin,(415) 312 2661,10/29/2010,09/30/2028,C10 | C46,Workers' Compensation Insurance,STATE COMPENSATION INSURANCE FUND,07/09/2027,CSLBSearchData_163444973.xlsx,"""QUATTRO SOLAR INC"" ""NOVATO"" California solar contractor official website",thebluebook.com,https://www.thebluebook.com/iProView/1775052/quattro-solar-inc/subcontractors/,"Quattro Solar, Inc. - Novato, California | ProView","... Solar Systems--Sales, Cleaning & Maint. Q. Quattro Solar, Inc. Novato, CA 94949. Pre-Qual. Home Contact Us · Phone (415) 312-2661 · Website. Company Info.",candidate_found,
951053,R B H CONSTRUCTION INC,Corporation,2795 E BIDWELL STREET #100-190,FOLSOM,CA,95630,Sacramento,(916) 835 8642,08/11/2010,08/31/2028,A | B | C46 | HAZ,Workers' Compensation Insurance,STATE COMPENSATION INSURANCE FUND,09/18/2027,CSLBSearchData_163505900.xlsx,"""R B H CONSTRUCTION INC"" ""FOLSOM"" California solar contractor official website",network.procore.com,https://network.procore.com/us/ca/cambria/concrete?page=6,"Find Concrete Contractors in Cambria, CA","rbh construction, inc is a General Contractor that serves the Folsom, CA area and specializes in Cast In Place Concrete, Cast In Place Concrete Retaining ...",candidate_found,
1055446,R C SOLAR,Sole Owner,5341 SIERRA VISTA AVE,RIVERSIDE,CA,92505,Riverside,(951) 858 0602,07/02/2019,07/31/2027,C46,Workers' Compensation Insurance,STATE COMPENSATION INSURANCE FUND,03/25/2027,CSLBSearchData_163505900.xlsx,"""R C SOLAR"" ""RIVERSIDE"" California solar contractor official website",findenergy.com,https://findenergy.com/solar/rc-solar-roofing/,Rc Solar & Roofing: Reviews & Solar Pricing - FindEnergy,"Rc Solar & Roofing is known for carrying exceptional products from dependable companies that include: Tesla, Enphase, SolarEdge, Q Cells, and ...",candidate_found,
503251,R T MAHER CONSTRUCTION,Sole Owner,3185 STRETCH ROAD,MERCED,CA,95340,Merced,(209) 384 1227,12/24/1986,11/30/2027,B | C10 | C46,Workers' Compensation Insurance,STAR INSURANCE COMPANY,01/01/2027,CSLBSearchData_163444973.xlsx,"""R T MAHER CONSTRUCTION"" ""MERCED"" California solar contractor official website",rtmaher.com,https://rtmaher.com/,R T Maher Construction,"About us R.T. Maher Construction is located out of Merced, Ca. We have been in business for nearly 35 years servicing the Central Valley and beyond.",candidate_found,
958638,R&R HORN CONTRACTORS INC,Corporation,P O BOX 6697,CHICO,CA,95927,Butte,(530) 342 8655,03/10/2011,03/31/2027,A | B | C13 | C46 | HAZ,Workers' Compensation Insurance,TRAVELERS PROPERTY CASUALTY COMPANY OF AMERICA,10/01/2026,CSLBSearchData_163342171.xlsx,"""R&R HORN CONTRACTORS INC"" ""CHICO"" California solar contractor official website",buildzoom.com,https://www.buildzoom.com/contractor/r-and-r-horn-inc,R and R Horn | Chico CA | Read Reviews + Get a Free Quote,"... Solar ... business request a quote. Home; /; Search; /; Chico. R and R Horn Engineer. R and R Horn Inc, Chico, Po Box 6697, Chico, CA ... R&R Horn Contractors Inc.",candidate_found,
1007610,RADIANT SOLAR TECHNOLOGY INC,Corporation,355 LUNZLER RANCH ROAD SUITE N,UKIAH,CA,95482,Mendocino,(707) 485 8359,09/23/2015,09/30/2027,B | C-4 | C10 | C36 | C46,Workers' Compensation Insurance,PIE INSURANCE COMPANY (THE),03/29/2027,CSLBSearchData_163444973.xlsx,"""RADIANT SOLAR TECHNOLOGY INC"" ""UKIAH"" California solar contractor official website",radiantsolar.tech,https://www.radiantsolar.tech/,"Radiant Solar Technology, Inc.","... SendSend. Radiant Solar Technology, Inc. CSLB # 1007610. Location. 355 Kunzler Ranch Road ste. N Ukiah, CA 95482. Contact. rst@mcn.org (707) 485-8359.",candidate_found,
1107898,RANGER ROOFING AND SOLAR,Corporation,"34077 PACIFIC COAST HIGHWAY,GH",MALIBU,CA,90265,Los Angeles,(213) 444 1514,07/31/2023,01/31/2027,B | C39 | C46,Workers' Compensation Insurance,STATE COMPENSATION INSURANCE FUND,08/14/2027,CSLBSearchData_163412289.xlsx,"""RANGER ROOFING AND SOLAR"" ""MALIBU"" California solar contractor official website",idcrawl.com,https://www.idcrawl.com/chad-kozak,"Chad Kozak's Instagram, Twitter & Facebook on ...","Chad Anthony Kozak, age 29, Malibu, CA. Lived in: Los Angeles CA ... CEO at Ranger Roofing and Solar. Chad Kozak - LinkedIn. Chad Kozak. Cantak ...",candidate_found,
967900,RBT ELECTRIC INC,Corporation,2108 N ST STE 6169,SACRAMENTO,CA,95816,Sacramento,(800) 661 5006,11/22/2011,11/30/2027,A | B | C10 | C20 | C46,Workers' Compensation Insurance,REPUBLIC INDEMNITY COMPANY OF AMERICA,08/14/2027,CSLBSearchData_163505900.xlsx,"""RBT ELECTRIC INC"" ""SACRAMENTO"" California solar contractor official website",rbt-electric.com,https://www.rbt-electric.com/,RBT Electric,"Sacramento, CA 95816; Phone: 800-661-5006 · Fax: 800-659-9196 · Email: info@rbt-electric.com · Home · About Us · Portfolio · RBT Electric, Inc. RBT Construction ...",candidate_found,
1050161,RE-GEN ELECTRIC INC,Corporation,2659 N FOWLER AVE,FRESNO,CA,93727,Fresno,(559) 412 2464,02/13/2019,03/31/2028,B | C10 | C46,Workers' Compensation Insurance,SENTINEL INSURANCE COMPANY LTD,09/01/2026,CSLBSearchData_163342171.xlsx,"""RE-GEN ELECTRIC INC"" ""FRESNO"" California solar contractor official website",re-genelectric.com,https://www.re-genelectric.com/other-electrical,Other Electrical Services | Re-Gen Electric,"Not only does Re-Gen Electric install solar systems, batteries and ... Re-Gen Electric, Inc. | 2659 N. Fowler Avenue, Fresno CA 93727 | 559.412 ...",candidate_found,
1144151,REDDING ROOFING & SOLAR,Corporation,3030 THORNTREE DR SUITE 2,CHICO,CA,95973,Butte,(530) 895 9071,09/26/2025,09/30/2027,C39 | C46,Workers' Compensation Insurance,NATIONAL CASUALTY COMPANY,09/01/2026,CSLBSearchData_163342171.xlsx,"""REDDING ROOFING & SOLAR"" ""CHICO"" California solar contractor official website",zerofi.ai,https://www.zerofi.ai/pro/redding-roofing-solar-chico-ca-d971bea2-ee20-4c5b-8fd2-153fd19cd447,"Redding Roofing & Solar - Roofing contractor in Chico, CA | ZeroFi","Redding Roofing & Solar is a state-licensed roofing contractor serving Chico, CA and nearby communities. Their license is verified active on the CA contractor ...",candidate_found,
697406,REFRESHED HEATING & COOLING,Sole Owner,4070 NELSON AVE SUITE G,CONCORD,CA,94520,Contra Costa,(925) 755 4440,10/17/1994,09/30/2027,C20 | C46,Workers' Compensation Insurance,HARTFORD CASUALTY INSURANCE COMPANY,02/06/2027,CSLBSearchData_163342171.xlsx,"""REFRESHED HEATING & COOLING"" ""CONCORD"" California solar contractor official website",elcr-trk.aspgov.com,https://elcr-trk.aspgov.com/eTRAKiT/login.aspx?lt=either&rd=%7E/PermitApplication/confirmation.aspx,eTRAKiT - IIS Windows Server,"MR ELECTRIC OF CONCORD CA, MR KING TUT GENERAL CONSTRUCTION, MR ROOTER ... REFRESHED HEATING & COOLING, REGINATO CONSTRUCTION, RELIANCE HEATING & AIR ...",candidate_found,
616351,REINEKE BUILDING,Corporation,P O BOX 2207,GRANITE BAY,CA,95746,Placer,(916) 343 3805,03/24/1991,07/31/2027,B | C10 | C36 | C39 | C46 | C51,Workers' Compensation Insurance,STATE COMPENSATION INSURANCE FUND,08/02/2027,CSLBSearchData_163505900.xlsx,"""REINEKE BUILDING"" ""GRANITE BAY"" California solar contractor official website",reinekebuildinginc.com,https://www.reinekebuildinginc.com/,Reineke Building Roofing Solar Electric,"re-installation of solar panels Solar roofing system … 2207 Granite Bay, Ca 95746 Contact reinekebuilding.inc@gmail.com (916)343-3805",candidate_found,
944636,RENEWABLE SOLAR,Corporation,601 W GRANGEVILLE BLVD,HANFORD,CA,93220,Kings,(559) 410 8640,03/22/2010,11/30/2027,B | C10 | C46,Workers' Compensation Insurance,"NATIONAL UNION FIRE INSURANCE COMPANY OF PITTSBURGH, PA",03/01/2027,CSLBSearchData_163412289.xlsx,"""RENEWABLE SOLAR"" ""HANFORD"" California solar contractor official website",renewablesolarhanford.com,https://renewablesolarhanford.com/?tid=EPD86ss00Q0J9dndxqr3gD_OrPe3qhzZvnm,Home – Central California's Best Solar Installation Company,"Grangeville Blvd., Hanford, CA - 93230; 559 - 410 - 8640; info@RSI.solar ... © Renewable Solar. All Rights Reserved. Site by Black Diamond Marketing ...",candidate_found,
1083377,RENVO,Corporation,6326 MAIN AVE # 13,ORANGEVALE,CA,95662,Sacramento,(916) 900 6030,11/04/2021,11/30/2027,B | C10 | C46 | C54,Workers' Compensation Insurance,TECHNOLOGY INSURANCE COMPANY INC,11/21/2026,CSLBSearchData_163505900.xlsx,"""RENVO"" ""ORANGEVALE"" California solar contractor official website",renvoco.com,https://renvoco.com/,"General Contractor - Renvo - We Build ADU's, Additions ...","Renvo is a family owned general contractor specializing in Custom Home Builds, Kitchen ... Orangevale, CA 95662. +1 916-900-6030.",candidate_found,
1068160,REVAMP SOLAR AND ROOFING LLC,Limited Liability,P O BOX 3,MAGALIA,CA,95954,Butte,(530) 282 2753,08/24/2020,03/31/2028,C10 | C39 | C46,Workers' Compensation Insurance,STATE COMPENSATION INSURANCE FUND,04/10/2027,CSLBSearchData_163342171.xlsx,"""REVAMP SOLAR AND ROOFING LLC"" ""MAGALIA"" California solar contractor official website",,,,,no_official_domain_candidate,
1069078,REVAMP SOLAR CO,Corporation,216 E FOOTHILL BLVD,MONROVIA,CA,91016,Los Angeles,(323) 899 0507,09/23/2020,09/30/2028,B | C10 | C46,Workers' Compensation Insurance,PIE INSURANCE COMPANY (THE),08/12/2027,CSLBSearchData_163412289.xlsx,"""REVAMP SOLAR CO"" ""MONROVIA"" California solar contractor official website",rpvca.gov,https://www.rpvca.gov/DocumentCenter/View/23095/2025-January-Active-Licenses,Business License List,MONROVIA. 91016. 1/9/2019. 12/31/2025. CONTRACTOR - SUB. SUBCONTRACTOR ... REVAMP SOLAR CO. 10/22/2025. BLCS-10507. OUTDOOR DIMENSIONS. LLC. 1/15 ...,candidate_found,
387219,REVCO SOLAR ENGINEERING INC,Corporation,26631 CABOT RD STE B,LAGUNA HILLS,CA,92653,Orange,(949) 367 0740,02/14/1980,02/29/2028,B | C10 | C46,Workers' Compensation Insurance,MIDWEST EMPLOYERS CASUALTY COMPANY,01/01/2027,CSLBSearchData_163444973.xlsx,"""REVCO SOLAR ENGINEERING INC"" ""LAGUNA HILLS"" California solar contractor official website",revcosolar.com,https://www.revcosolar.com/privacy-policy/,Privacy Policy,"Revco Solar Engineering INC. 26631 Cabot Rd, Unit B, Laguna Hills, CA 92653, United States www.revcosolar.com. Revco Solar. Contact Us.",candidate_found,
1106092,REVEL SOLAR ENERGY,Corporation,3943 IRVINE STE 2055,IRVINE,CA,92602,Orange,(949) 281 7171,06/16/2023,06/30/2027,B | C10 | C46,Workers' Compensation Insurance,TRAVELERS INDEMNITY COMPANY (THE),06/08/2027,CSLBSearchData_163444973.xlsx,"""REVEL SOLAR ENERGY"" ""IRVINE"" California solar contractor official website",c-13digest.com,http://c-13digest.com/revel-energy-inc-dba-revel-solar-energyc7a7083f,REVEL ENERGY INC DBA REVEL SOLAR ENERGY | C-13 Digest,"REVEL ENERGY INC DBA REVEL SOLAR ENERGY ; B General Building Contractors ; Address. 3943 IRVINE STE 2055, IRVINE, CA 92602 ; Phone Number. (949) 281 7171 ; License ...",candidate_found,
1135603,REVOLVING POWER SOLAR,Corporation,4112 35TH AVE,SACRAMENTO,CA,95824,Sacramento,(916) 318 6527,04/08/2025,04/30/2027,C10 | C46,Workers' Compensation Insurance,STATE COMPENSATION INSURANCE FUND,12/10/2026,CSLBSearchData_163505900.xlsx,"""REVOLVING POWER SOLAR"" ""SACRAMENTO"" California solar contractor official website",rpsol.co,https://rpsol.co/,Revolving Power Solar: Solar System Not Producing? Sacramento's #1 ...,"Revolving Power Solar is Sacramento's locally owned solar energy system service company. We repair underperforming systems, install batteries and EV chargers, ...",candidate_found,
987150,RF SOLAR & GREEN ENERGY INC,Corporation,P O BOX 2402,WEST COVINA,CA,91793,Los Angeles,(949) 520 2313,09/23/2013,09/30/2027,B | C10 | C20 | C36 | C46,Workers' Compensation Insurance,STATE COMPENSATION INSURANCE FUND,04/16/2027,CSLBSearchData_163412289.xlsx,"""RF SOLAR & GREEN ENERGY INC"" ""WEST COVINA"" California solar contractor official website",statecreds.com,https://www.statecreds.com/license/ca/hvac/rf-solar-green-energy-inc-987150,Rf Solar & Green Energy INC — Licensed HVAC Contractor in ...,"West Covina, CA hvac contractor license records for Rf Solar & Green Energy INC — license #987150, active and verified with California Contractors State ...",candidate_found,
702649,RICH AL C,Sole Owner,3301 ARYA WAY,CARMICHAEL,CA,95608,Sacramento,(916) 612 8418,02/14/1995,05/31/2027,C46,Workers' Compensation Insurance,BERKSHIRE HATHAWAY DIRECT INSURANCE COMPANY,05/25/2027,CSLBSearchData_163505900.xlsx,"""RICH AL C"" ""CARMICHAEL"" California solar contractor official website",,,,,no_official_domain_candidate,
538702,RICK'S REFRIGERATION,Corporation,8615 LAUREL MIST COURT,GRANITE BAY,CA,95746,Placer,(916) 201 0808,08/19/1988,08/31/2028,C20 | C38 | C46,Workers' Compensation Insurance,AMERICAN CASUALTY COMPANY OF READING PA,02/04/2027,CSLBSearchData_163505900.xlsx,"""RICK'S REFRIGERATION"" ""GRANITE BAY"" California solar contractor official website",contractorlicenseproof.com,https://contractorlicenseproof.com/california/solar/granite-bay,"Solar Contractors in Granite Bay, CA (C-46) | Contractor License Proof","Solar Contractors in Granite Bay, CA · James Gillespy. C-46 · Granite Bay, CA · Allright Enterprises Inc DBA Rick's Refrigeration. C-46 · Granite Bay, CA · Reineke ...",candidate_found,
260176,RIDOUT ROOFING COMPANY INC,Corporation,621 WILLIAMS ST,SAN LEANDRO,CA,94577,Alameda,(510) 351 1922,10/30/1969,04/30/2027,C-2 | C39 | C46 | D24,Workers' Compensation Insurance,NATIONAL CASUALTY COMPANY,01/01/2027,CSLBSearchData_163342171.xlsx,"""RIDOUT ROOFING COMPANY INC"" ""SAN LEANDRO"" California solar contractor official website",datanyze.com,https://www.datanyze.com/companies/ridout-roofing/48890525,Ridout Roofing Company Profile | Management and Employees ...,"621 Williams St, San Leandro, California, 94577, United States. (510) 351-1922 ... solar solutions. They ... Ridout Roofing Company Inc. East Bay Roofing ...",candidate_found,
791025,RIGHT NOW AIR,Corporation,821 EUBANKS DR STE C,VACAVILLE,CA,95688,Solano,(707) 447 3063,02/06/2001,12/31/2027,B | C20 | C46,Workers' Compensation Insurance,STATE COMPENSATION INSURANCE FUND,01/01/2027,CSLBSearchData_163528025.xlsx,"""RIGHT NOW AIR"" ""VACAVILLE"" California solar contractor official website",rightnowairandsolar.com,https://www.rightnowairandsolar.com/,"Right Now Air & Solar: HVAC & Solar Company in Vacaville, CA",Right Now Air & Solar is your one-stop shop for dependable HVAC and solar services in Vacaville. Call for a free estimate. Financing and emergency service ...,candidate_found,
1008581,RIOS SOLAR,Sole Owner,16620 ROAD 30 1/2,MADERA,CA,93636,Madera,(559) 285 5255,10/30/2015,10/31/2027,B | C10 | C46 | C54,Workers' Compensation Insurance,STATE COMPENSATION INSURANCE FUND,06/16/2027,CSLBSearchData_163412289.xlsx,"""RIOS SOLAR"" ""MADERA"" California solar contractor official website",dnb.com,https://www.dnb.com/business-directory/company-profiles.rios_solar.53605e0ddf3b05b6173a2c001f8453e2.html,"RIOS SOLAR Company Profile | Competitors, Financials & Contacts",... Contractors/Building Equipment Contractors/United States/California/Madera/RIOS SOLAR ... What is RIOS SOLAR's website? RIOS SOLAR's website is www.riossolar.com.,candidate_found,
1096492,RISE UP ROOFING AND CONSTRUCTION INC,Corporation,2182 S EL CAMINO REAL STE 202,OCEANSIDE,CA,92054,San Diego,(760) 802 2103,09/13/2022,09/30/2026,B | C39 | C46,Workers' Compensation Insurance,STATE COMPENSATION INSURANCE FUND,09/13/2026,CSLBSearchData_163505900.xlsx,"""RISE UP ROOFING AND CONSTRUCTION INC"" ""OCEANSIDE"" California solar contractor official website",owenscorning.com,https://www.owenscorning.com/en-us/roofing/contractors/contractor-profile/247226,"Rise Up Roofing and Construction, Inc. | Roofing Contractor","Rise Up Roofing and Construction, Inc. 2182 S El Camino Real #202 | Oceanside, CA 92054 Spanish Available. (760) 802-2103Email. https:// ...",candidate_found,
1077450,RME INNOVATIONS INC,Corporation,3901 PELL CIRCLE STE B,SACRAMENTO,CA,95838,Sacramento,(916) 871 2992,06/25/2021,04/30/2027,C10 | C46,Workers' Compensation Insurance,PIE CASUALTY INSURANCE COMPNAY,08/19/2026,CSLBSearchData_163505900.xlsx,"""RME INNOVATIONS INC"" ""SACRAMENTO"" California solar contractor official website",energyranked.com,https://energyranked.com/solar-installers/california/sacramento/rme-innovations-inc/,RME Innovations Inc | EnergyRanked,"RME Innovations Inc is a solar installer in Sacramento, with a 4.3-star rating from 15 reviews. Compare quotes from top-rated installers on EnergyRanked.",candidate_found,
1132476,ROAM SOLAR ENERGY INC,Corporation,1701 FORTUNE DR UNIT M,SAN JOSE,CA,95131,Santa Clara,(408) 627 9802,02/03/2025,02/28/2027,C46,Workers' Compensation Insurance,STATE COMPENSATION INSURANCE FUND,01/01/2027,CSLBSearchData_163528025.xlsx,"""ROAM SOLAR ENERGY INC"" ""SAN JOSE"" California solar contractor official website",romeri.co,https://romeri.co/ca/roam-solar-energy-inc-cslb-1132476,"Roam Solar Energy Inc – CSLB #1132476 License, Bond ...","Roam Solar Energy Inc (CSLB #1132476), San Jose, CA — license, classification, and bond status from the California CSLB public record.",candidate_found,
606942,ROBERT JAMES CORTEZ,Sole Owner,3155 GOLDEN CREST COMMON 2,LIVERMORE,CA,94551,Alameda,(925) 455 0720,11/21/1990,11/30/2026,C20 | C36 | C46,Workers' Compensation Insurance,HARTFORD CASUALTY INSURANCE COMPANY,04/10/2027,CSLBSearchData_163342171.xlsx,"""ROBERT JAMES CORTEZ"" ""LIVERMORE"" California solar contractor official website",,,,,no_official_domain_candidate,
991938,ROCKIN ROOFERS,Corporation,1740 CORPORATE CIRCLE,PETALUMA,CA,94954,Sonoma,(707) 285 7037,04/08/2014,04/30/2028,B | C10 | C39 | C46,Workers' Compensation Insurance,STATE COMPENSATION INSURANCE FUND,05/05/2027,CSLBSearchData_163528025.xlsx,"""ROCKIN ROOFERS"" ""PETALUMA"" California solar contractor official website",renovationsup.com,https://www.renovationsup.com/88570/metal-roof-systems,"Metal Roof Systems Petaluma, CA | Renovations Up","See our Solar examples. Website Update. Share ... Petaluma, CA · 94954; 1309 Ross St; (415) 935-7663 ... Rockin' Roofers · Petaluma, CA.",candidate_found,
1050566,ROCKLIN SOLAR REPAIR,Limited Liability,6518 LONETREE BLVD #2050,ROCKLIN,CA,95765,Placer,(916) 741 0194,02/25/2019,02/28/2027,B | C46,Workers' Compensation Insurance,STATE COMPENSATION INSURANCE FUND,12/09/2026,CSLBSearchData_163505900.xlsx,"""ROCKLIN SOLAR REPAIR"" ""ROCKLIN"" California solar contractor official website",rocklinsolarrepair.com,https://rocklinsolarrepair.com/,Rocklin Solar Repair,"If you have questions or special requests, drop us a line. 916-741-0194. Rocklin Solar Repair. 6518 Lonetree Blvd #2050, Rocklin, California 95765, United ...",candidate_found,
592190,RODDICK R POOL CONSTRUCTION INC,Corporation,1270 GRAHAM HILL RD,SANTA CRUZ,CA,95060,Santa Cruz,(831) 588 9262,04/18/1990,05/31/2028,C46 | C53,Workers' Compensation Insurance,PIE INSURANCE COMPANY (THE),04/01/2027,CSLBSearchData_163528025.xlsx,"""RODDICK R POOL CONSTRUCTION INC"" ""SANTA CRUZ"" California solar contractor official website",zerofi.ai,https://www.zerofi.ai/pro/roddick-r-pool-construction-inc-santa-cruz-ca-61c98495-5608-44f5-ad7c-13cf603de1fe,"Roddick R Pool Construction Inc - Solar installer in Santa Cruz, CA","Roddick R Pool Construction Inc is a state-licensed solar installer serving Santa Cruz, CA and nearby communities. Their license is verified ...",candidate_found,
1082435,ROI SOLAR INC,Corporation,2000 W TURNER RD,LODI,CA,95242,San Joaquin,(209) 600 4433,10/12/2021,08/31/2027,C10 | C46,Workers' Compensation Insurance,PIE INSURANCE COMPANY (THE),12/08/2026,CSLBSearchData_163505900.xlsx,"""ROI SOLAR INC"" ""LODI"" California solar contractor official website",roisolarpower.com,https://roisolarpower.com/,ROI Solar Inc. — Central Valley Solar Installation,"R.O.I. Solar Inc. is a family-owned solar EPC serving Lodi, Stockton, Modesto, and the Central Valley since 2008. 3500+ installs. In-house crews.",candidate_found,
1062195,ROOFXPERTS,Corporation,P O BOX 58,STANDARD,CA,95373,Tuolumne,(209) 770 7807,01/09/2020,01/31/2028,B | C10 | C39 | C46,Workers' Compensation Insurance,ACCREDITED SURETY AND CASUALTY COMPANY INC,01/21/2027,CSLBSearchData_163547774.xlsx,"""ROOFXPERTS"" ""STANDARD"" California solar contractor official website",tuolumnecounty.ca.gov,https://www.tuolumnecounty.ca.gov/DocumentCenter/View/29765/PERMITS-ISSUED-JULY-2025,Merged,"Standard Building Permit (Residential/Commercial), 45839, KEENOM, JOANNE ... Ca. 95370, Residential Reroof, 7289, 18000 TINNIN RD, ROOFXPERTS, SONORA, CA, 95370.",candidate_found,
1041899,ROOZBEH INC,Corporation,P O BOX 218,BEVERLY HILLS,CA,90213,Los Angeles,(310) 717 0170,07/16/2018,01/31/2027,A | B | C46 | C53,Workers' Compensation Insurance,PIE INSURANCE COMPANY (THE),06/01/2027,CSLBSearchData_163412289.xlsx,"""ROOZBEH INC"" ""BEVERLY HILLS"" California solar contractor official website",statecreds.com,https://www.statecreds.com/license/ca/pool_contractor/roozbeh-inc-1041899,Roozbeh INC — Licensed Pool Contractor in California | StateCreds,"Roozbeh INC operates as a pool contractor in Beverly Hills, CA on California license #1041899. Whatever you'd see in a counter-top check at California ...",candidate_found,
1123304,ROWAN BUILT LLC,Limited Liability,16671 COUNTRY RANCH CT,VICTORVILLE,CA,92395,San Bernardino,(310) 625 2875,07/05/2024,07/31/2028,C46,Workers' Compensation Insurance,STATE COMPENSATION INSURANCE FUND,05/14/2027,CSLBSearchData_163505900.xlsx,"""ROWAN BUILT LLC"" ""VICTORVILLE"" California solar contractor official website",bidroom.io,https://bidroom.io/c/ca/victorville/solar/rowan-built-llc--00088135,"Rowan Built Llc — Solar in Victorville, CA | Bidroom","Rowan Built Llc is a solar contractor serving Victorville, California. License records, service area, and how to claim this profile.",candidate_found,
510286,ROYAL AIRE INC,Corporation,2530 ZANELLA WAY STE A,CHICO,CA,95928,Butte,(530) 899 9999,05/07/1987,07/31/2028,B | C-2 | C10 | C20 | C36 | C46,Workers' Compensation Insurance,SUNZ INSURANCE COMPANY,01/01/2027,CSLBSearchData_163342171.xlsx,"""ROYAL AIRE INC"" ""CHICO"" California solar contractor official website",edocs.buttecounty.ca.gov,https://edocs.buttecounty.ca.gov/WebLink/DocView.aspx?id=1035742&dbid=0&repo=DR00,Laserfiche WebLink,"... SOLAR ... ROYAL AIRE INC TIFFANY DAARUD Building Garage Remdi/Addn 2530 ZANELLA WAY SUITE A 2530 ZANELLA WAY SUITE 0 0 0 CHICO ... California Licensed Contractor, ...",candidate_found,
638729,ROYALTECH SERVICES,Sole Owner,1030 GREYCLIFF AVE,LA PUENTE,CA,91744,Los Angeles,(626) 333 0333,03/02/1992,03/31/2028,A | B | C-7 | C10 | C16 | C20 | C36 | C46,Workers' Compensation Insurance,WESCO INSURANCE COMPANY,05/19/2027,CSLBSearchData_163412289.xlsx,"""ROYALTECH SERVICES"" ""LA PUENTE"" California solar contractor official website",statecreds.com,https://www.statecreds.com/license/ca/electrician/royaltech-services-638729,Royaltech Services — Licensed Electrician in California | StateCreds,"Look up Royaltech Services, a California state-licensed electrician professional (license #638729) operating in La Puente, CA. Official licensing data, updated…",candidate_found,
1129921,RUVA ELECTRIC,Corporation,105 KEARNEY STREET,CHULA VISTA,CA,91910,San Diego,(619) 581 0220,12/04/2024,12/31/2026,C10 | C46,Workers' Compensation Insurance,TECHNOLOGY INSURANCE COMPANY INC,09/30/2026,CSLBSearchData_163505900.xlsx,"""RUVA ELECTRIC"" ""CHULA VISTA"" California solar contractor official website",,,,,no_official_domain_candidate,
982533,SADLER SOLAR DEVELOPMENT,Sole Owner,30502 S COAST HWY B4,LAGUNA BEACH,CA,92651,Orange,(949) 584 4800,04/05/2013,04/30/2027,C46,Workers' Compensation Insurance,STATE COMPENSATION INSURANCE FUND,01/26/2027,CSLBSearchData_163444973.xlsx,"""SADLER SOLAR DEVELOPMENT"" ""LAGUNA BEACH"" California solar contractor official website",agentsolar.ai,https://agentsolar.ai/installers/sadler-solar-development-laguna-beach-ca-o3xd,"Sadler Solar Development — 61 Installs, $3.63/W avg","Sadler Solar Development is a solar installation company based in Laguna Beach, CA. The company has over 16 years of experience in the solar industry.",candidate_found,
1081457,SAFEHOME SOLAR,Corporation,P O BOX 3763,SOUTH PASADENA,CA,91031,Los Angeles,(213) 915 8007,09/20/2021,09/30/2027,B | C10 | C46,Workers' Compensation Insurance,STATE COMPENSATION INSURANCE FUND,09/01/2026,CSLBSearchData_163412289.xlsx,"""SAFEHOME SOLAR"" ""SOUTH PASADENA"" California solar contractor official website",gsfahome.org,https://gsfahome.org/programs/energy/arp/arp-developers.aspx,Approved Developers | Advanced Rebate Payment Program,"California Solar Electric Company, 779624, Grass Valley. Cervus Inc ... SafeHome.Solar, 1081457, South Pasadena. Six Rivers Solar LLC, 1091624 ...",candidate_found,
387886,SAFEWAY ELECTRIC,Corporation,3133 MISSION INN AVENUE,RIVERSIDE,CA,92507,Riverside,(909) 824 6075,03/11/1980,02/29/2028,B | C-7 | C10 | C46,Workers' Compensation Insurance,ZURICH AMERICAN INSURANCE COMPANY OF ILLINOIS,01/15/2027,CSLBSearchData_163505900.xlsx,"""SAFEWAY ELECTRIC"" ""RIVERSIDE"" California solar contractor official website",safewayelectric.com,https://www.safewayelectric.com/,Safeway Electric: Home,Safeway Electric is a premier licensed C-10 (#893299) Electrical Contractor ... Riverside. Our Services. We offer a full suite of services available in the ...,candidate_found,
959155,SAN DIEGO COUNTY SOLAR,Corporation,P O BOX 232593,ENCINITAS,CA,92023,San Diego,(760) 230 2220,03/23/2011,03/31/2027,C10 | C46,Workers' Compensation Insurance,PIE INSURANCE COMPANY (THE),04/01/2027,CSLBSearchData_163505900.xlsx,"""SAN DIEGO COUNTY SOLAR"" ""ENCINITAS"" California solar contractor official website",sandiegocountysolar.com,https://sandiegocountysolar.com/,San Diego County Solar: Home,"San Diego County Solar service areas include, but are not limited to Bonita, Cardiff, Carlsbad, Carmel Valley, Clairemont, Del Mar, El Cajon, Encinitas ...",candidate_found,
1046417,SANTA CRUZ RENEWABLES,Sole Owner,2630 ORCHARD STREET SPACE 22,SOQUEL,CA,95073,Santa Cruz,(530) 400 8593,11/02/2018,11/30/2026,C46,Workers' Compensation Insurance,STATE COMPENSATION INSURANCE FUND,12/11/2026,CSLBSearchData_163528025.xlsx,"""SANTA CRUZ RENEWABLES"" ""SOQUEL"" California solar contractor official website",screnewable.com,https://www.screnewable.com/,Santa Cruz Renewable: Home,"Soquel, CA. 10kW Enphase 5p Batteries ... Take it from a retired building inspector, you can absolutely trust Santa Cruz Renewables for your solar needs.",candidate_found,
1059767,SARITA SOLAR INC,Corporation,12128 SIERRA ROJO ROAD,VALLEY CENTER,CA,92082,San Diego,(714) 616 4908,10/30/2019,10/31/2027,C46,Workers' Compensation Insurance,STATE COMPENSATION INSURANCE FUND,08/25/2026,CSLBSearchData_163505900.xlsx,"""SARITA SOLAR INC"" ""VALLEY CENTER"" California solar contractor official website",saritasolar.com,https://saritasolar.com/about/,Family-Owned Solar Company in San Diego,"Quality Focused. Sarita Solar, Inc. is a family-owned solar company based in Valley Center, California. We proudly serve San Diego County with dependable, ...",candidate_found,
1109286,SCHMITZ DOUGLAS G INC,Corporation,2945 OSTROM AVE,LONG BEACH,CA,90815,Los Angeles,(562) 357 2151,08/24/2023,08/31/2027,C20 | C46,Workers' Compensation Insurance,STATE COMPENSATION INSURANCE FUND,08/02/2027,CSLBSearchData_163412289.xlsx,"""SCHMITZ DOUGLAS G INC"" ""LONG BEACH"" California solar contractor official website",,,,,no_official_domain_candidate,
380125,SCHOTT ROOFING INC,Corporation,729 OLIVE AVE,VISTA,CA,92083,San Diego,(760) 630 6450,08/13/1979,08/31/2027,B | C39 | C43 | C46,Workers' Compensation Insurance,CYPRESS INSURANCE COMPANY,01/01/2027,CSLBSearchData_163505900.xlsx,"""SCHOTT ROOFING INC"" ""VISTA"" California solar contractor official website",owenscorning.com,https://www.owenscorning.com/en-us/roofing/contractors/locations/ca/pauma-valley,Independent Roofing Contractors Near Me | Owens Corning Roofing,"|Website · Roof Rite. Vista, CA. (760) 295-6129|Website. REQUEST A QUOTE. REQUEST A QUOTE. scroll to footer. Schott Roofing Inc. Vista, CA. (760) 821-8497|",candidate_found,
935649,SCOTT NICHOLAS JAMES,Sole Owner,1444 NORTH WHITNEY,FRESNO,CA,93703,Fresno,(559) 255 1644,07/21/2009,07/31/2027,C20 | C46,Workers' Compensation Insurance,AMERICAN ZURICH INSURANCE COMPANY,09/30/2026,CSLBSearchData_163342171.xlsx,"""SCOTT NICHOLAS JAMES"" ""FRESNO"" California solar contractor official website",,,,,no_official_domain_candidate,
869203,SCOTTY'S ENTERPRISES INC,Corporation,3655 CHUCKWAGON WAY #B,PLACERVILLE,CA,95667,El Dorado,(530) 644 2206,12/12/2005,04/30/2028,C20 | C46,Workers' Compensation Insurance,ELECTRIC INSURANCE COMPANY,01/01/2027,CSLBSearchData_163342171.xlsx,"""SCOTTY'S ENTERPRISES INC"" ""PLACERVILLE"" California solar contractor official website",statecreds.com,https://www.statecreds.com/license/ca/hvac/scotty-s-enterprises-inc-869203,Scotty'S Enterprises INC — Licensed HVAC Contractor in California ...,"Scotty'S Enterprises INC is registered with California to do hvac contractor work, license #869203, based in Placerville. Status is active, and the current ...",candidate_found,
1036962,SCURFIELD ELECTRIC HEATING & SOLAR,Corporation,550 SOUTH G STREET #14,ARCATA,CA,95521,Humboldt,(707) 825 0759,03/19/2018,03/31/2028,C10 | C20 | C36 | C46,Workers' Compensation Insurance,STATE COMPENSATION INSURANCE FUND,01/01/2027,CSLBSearchData_163412289.xlsx,"""SCURFIELD ELECTRIC HEATING & SOLAR"" ""ARCATA"" California solar contractor official website",scurfield-electric-heating-solar.wheree.com,https://scurfield-electric-heating-solar.wheree.com/,"Scurfield Electric Heating & Solar - Reviews, Photos & Phone ...","Scurfield Electric Heating & Solar stands out as a beacon of quality and innovation in the home services sector, particularly in solar energy solutions and ...",candidate_found,
1127458,SDA CONSTRUCTION INC,Corporation,10901 GOSS ST,SUN VALLEY,CA,91352,Los Angeles,(818) 235 4549,10/08/2024,10/31/2026,B | C10 | C46,Workers' Compensation Insurance,TECHNOLOGY INSURANCE COMPANY INC,09/11/2026,CSLBSearchData_163412289.xlsx,"""SDA CONSTRUCTION INC"" ""SUN VALLEY"" California solar contractor official website",,,,,no_official_domain_candidate,
900399,SEA BRIGHT SOLAR INC,Corporation,P O BOX 10231,SAN BERNARDINO,CA,92423,San Bernardino,(909) 335 0820,07/18/2007,07/31/2027,C46,Workers' Compensation Insurance,NATIONAL CASUALTY COMPANY,11/01/2026,CSLBSearchData_163505900.xlsx,"""SEA BRIGHT SOLAR INC"" ""SAN BERNARDINO"" California solar contractor official website",hesperiaca.gov,http://www.hesperiaca.gov/DocumentCenter/View/17528/May-2022-Permit-Activity,[PDF] City of Hesperia Permit Activity Report For the Period 5/1/2022 thru 5/31 ...,"CONTRACTOR SEA BRIGHT SOLAR INC. P O BOX 10231, SAN BERNARDINO, CA ... 494 S MACY STREET SPACE 56, SAN BERNARDINO, CA 92410. CONTRACTOR ...",candidate_found,
1038751,SEABRIGHT SOLAR,Corporation,PO BOX 2064,APTOS,CA,95001,Santa Cruz,(831) 688 1338,04/30/2018,05/31/2028,C46,Workers' Compensation Insurance,HARTFORD CASUALTY INSURANCE COMPANY,04/11/2027,CSLBSearchData_163528025.xlsx,"""SEABRIGHT SOLAR"" ""APTOS"" California solar contractor official website",seabrightsolarca.com,https://seabrightsolarca.com/,Seabright Solar: Solar Pool Heating in the Bay Area ...,"... solar from Seabright Solar. We professionally install the most efficient and ... Location. 500 Cathedral Drive Box 2064 Aptos, CA 95001-2064. Owned and ...",candidate_found,
1083681,SEMPER AIR,Corporation,1805 JOHN TOWERS AVE,EL CAJON,CA,92020,San Diego,(619) 790 4485,11/12/2021,11/30/2027,B | C10 | C20 | C39 | C46,Workers' Compensation Insurance,PRAETORIAN INSURANCE COMPANY,10/10/2026,CSLBSearchData_163505900.xlsx,"""SEMPER AIR"" ""EL CAJON"" California solar contractor official website",hvac.sempersolaris.com,https://hvac.sempersolaris.com/,Local Veteran-Owned Air Conditioning and Heating Company,"Semper Solaris Logo. Air Conditioning & Heating. Corporate Office. 1200 Billy Mitchel Dr, Suite A,. El Cajon, CA 92020. More from Semper ...",candidate_found,
978152,SEMPER SOLARIS,Corporation,1805 JOHN TOWERS AVENUE,EL CAJON,CA,92020,San Diego,(619) 715 4054,10/26/2012,10/31/2026,B | C10 | C20 | C39 | C46,Workers' Compensation Insurance,PRAETORIAN INSURANCE COMPANY,10/10/2026,CSLBSearchData_163505900.xlsx,"""SEMPER SOLARIS"" ""EL CAJON"" California solar contractor official website",sempersolaris.com,https://www.sempersolaris.com/locations/el-cajon/,"Best Solar Panel, Battery Storage, & Roofing Company In ...","Best Solar Panel, Battery Storage, & Roofing Company In El Cajon is Semper Solaris. We can help with a variety of home improvement services.",candidate_found,
1018979,SENGOKU SOLAR LLC,Limited Liability,29733 NIGHTVIEW CIRCLE,TEMECULA,CA,92591,Riverside,(951) 541 4465,10/04/2016,10/31/2026,C10 | C46,Workers' Compensation Insurance,STATE COMPENSATION INSURANCE FUND,04/27/2027,CSLBSearchData_163505900.xlsx,"""SENGOKU SOLAR LLC"" ""TEMECULA"" California solar contractor official website",sengokusolar.com,https://www.sengokusolar.com/,Sengoku Solar LLC | A Clean and Natural Solution | Temecula ...,"Sengoku Solar LLC. Veteran Owned & Operated · Est. 2016 · Temecula, CA. A Clean and Natural Solution. Solar & Energy Storage Systems. A Clean and Natural ...",candidate_found,
1051281,SHADE POWER LLC,Limited Liability,100 S MURPHY AVENUE SUITE 200,SUNNYVALE,CA,94086,Santa Clara,(408) 780 0968,03/14/2019,03/31/2027,C46,Workers' Compensation Insurance,PIE INSURANCE COMPANY (THE),03/09/2027,CSLBSearchData_163528025.xlsx,"""SHADE POWER LLC"" ""SUNNYVALE"" California solar contractor official website",getshadepower.com,https://getshadepower.com/,Shade Power: Solar Pergola & Carport Installation - San ...,"Shade Power LLC. LIC#1051281. Serving the San Francisco Bay Area ... Murphy Avenue Suite 200, Sunnyvale, CA 94086. Phone:408-780-0968Opens in your ...",candidate_found,
968940,SHINE ON SOLAR & MAINTENANCE,Sole Owner,7924 ADRIAN DRIVE,ROHNERT PARK,CA,94928,Sonoma,(707) 593 9026,01/04/2012,03/31/2027,C46,Workers' Compensation Insurance,STATE COMPENSATION INSURANCE FUND,06/18/2027,CSLBSearchData_163528025.xlsx,"""SHINE ON SOLAR & MAINTENANCE"" ""ROHNERT PARK"" California solar contractor official website",shineonsolar.us,https://shineonsolar.us/about,About Us | Shine On Solar & Maintenance,"Rohnert Park; Windsor; Healdsburg; Sonoma; Sebastopol; Cloverdale; Cotati ... Shine On Solar & Maintenance is not related to Shine Solar LLC in Rogers, AK or ...",candidate_found,
709389,SHUFELBERGER CONSTRUCTION INC,Corporation,9580 CROSSROADS DR,REDDING,CA,96003,Shasta,(530) 221 8555,07/10/1995,07/31/2027,A | B | C46,Workers' Compensation Insurance,CLEAR SPRING PROPERTY AND CASUALTY COMPANY,10/01/2026,CSLBSearchData_163528025.xlsx,"""SHUFELBERGER CONSTRUCTION INC"" ""REDDING"" California solar contractor official website",buildwithsci.com,https://www.buildwithsci.com/,Shufelberger Construction Inc,"Established in 1982, Shufelberger Construction, Inc. is a family owned ... Redding, CA 96003. Tel: (530) 221-8555. Fax: (530) 221-6300. Email: info ...",candidate_found,
453302,SIERRA PACIFIC HOME & COMFORT INC,Corporation,2550 MERCANTILE DR SUITE D,RANCHO CORDOVA,CA,95742,Sacramento,(916) 638 0543,03/12/1984,03/31/2028,B | C10 | C20 | C36 | C46 | C53,Workers' Compensation Insurance,OLD REPUBLIC INSURANCE COMPANY,05/01/2027,CSLBSearchData_163505900.xlsx,"""SIERRA PACIFIC HOME & COMFORT INC"" ""RANCHO CORDOVA"" California solar contractor official website",sierrapacifichome.com,https://www.sierrapacifichome.com/,"Sierra Pacific | Sacramento, CA | Solar, HVAC, Electrical ...","Logo of Sierra Pacific Home & Comfort, Inc. Schedule Service. 2550 Mercantile Drive, Suite D Rancho Cordova, CA ...",candidate_found,
360454,SIERRA SOLAR INC,Corporation,P O BOX 1464,MAMMOTH LAKES,CA,93546,Mono,(760) 937 0846,07/11/1978,12/31/2026,B | C10 | C46,Workers' Compensation Insurance,STATE COMPENSATION INSURANCE FUND,10/25/2026,CSLBSearchData_163444973.xlsx,"""SIERRA SOLAR INC"" ""MAMMOTH LAKES"" California solar contractor official website",solarnearme.us.com,https://solarnearme.us.com/solar-companies/california/mammoth-lakes/,"Top Solar Companies in Mammoth Lakes, CA","Sierra Solar Inc. 4.8 (18 reviews). location_on220 Sierra Manor Rd apt 16, Mammoth Lakes, CA 93546, United States. phone+1 760-937 ...",candidate_found,
826606,SIERRA VALLEY MECHANICAL,Corporation,11476 ELKS CIRCLE,RANCHO CORDOVA,CA,95742,Sacramento,(916) 635 3120,10/24/2003,10/31/2027,B | C10 | C17 | C20 | C46,Workers' Compensation Insurance,PRAETORIAN INSURANCE COMPANY,08/01/2027,CSLBSearchData_163505900.xlsx,"""SIERRA VALLEY MECHANICAL"" ""RANCHO CORDOVA"" California solar contractor official website",sierravalleymechanical.com,https://www.sierravalleymechanical.com/,Sierra Valley Mechanical: Heating & Air Conditioning in ...,"Sierra Valley Mechanical provides air conditioning, heating, heat pump, and mini split services in Rancho Cordova and surrounding areas.",candidate_found,
997639,"SIG SOLAR, S.I.G.",Corporation,P O BOX 265,OAKDALE,CA,95361,Stanislaus,(209) 495 1126,10/16/2014,10/31/2026,C10 | C46,Workers' Compensation Insurance,NATIONAL CASUALTY COMPANY,04/02/2027,CSLBSearchData_163528025.xlsx,"""SIG SOLAR, S.I.G."" ""OAKDALE"" California solar contractor official website",sig.solar,https://www.sig.solar/sig-installs/,SIG Installs - SIG Solar Installation Group Inc.,"SIG Solar is a family owned Solar Installation contractor specializing in Residential, Commercial, and Agricultural installations. ... Oakdale, California 95361.",candidate_found,
1001143,SILVERLINE SOLAR,Corporation,21410 CHASE ST #4,CANOGA PARK,CA,91304,Los Angeles,(855) 884 4790,02/13/2015,02/28/2027,B | C10 | C46,Workers' Compensation Insurance,STARSTONE NATIONAL INSURANCE COMPANY,08/15/2027,CSLBSearchData_163412289.xlsx,"""SILVERLINE SOLAR"" ""CANOGA PARK"" California solar contractor official website",silverlinesolar.com,https://www.silverlinesolar.com/contact,Contact | Silverline Solar,"Canoga Park, CA Las Vegas, NV Pittsburg, CA Yucaipa, CA. Get in Touch with Silverline Solar Today. Silverline Solar (2).png. phone (10).png · 855.884.4790 ...",candidate_found,
765156,SIMMITRI INC,Corporation,P O BOX 1778,MORGAN HILL,CA,95038,Santa Clara,(408) 779 3333,06/30/1999,06/30/2027,C-2 | C39 | C46 | D24,Workers' Compensation Insurance,INDEMNITY INSURANCE COMPANY OF NORTH AMERICA,10/01/2026,CSLBSearchData_163528025.xlsx,"""SIMMITRI INC"" ""MORGAN HILL"" California solar contractor official website",simmitri.com,https://simmitri.com/service-areas/california/morgan-hill/,"Morgan Hill, CA Roofing & Solar Energy Company","Protect your Morgan Hill home with expert roofing from Simmitri. From fast repairs to full roof replacements and solar-ready upgrades, we ...",candidate_found,
990055,SIMPLY SOLAR LLC,Limited Liability,10970 ARROW RT #106,RANCHO CUCAMONGA,CA,91730,San Bernardino,(310) 532 0995,01/22/2014,05/31/2028,C10 | C46,Workers' Compensation Insurance,MIDWEST EMPLOYERS CASUALTY COMPANY,04/28/2027,CSLBSearchData_163505900.xlsx,"""SIMPLY SOLAR LLC"" ""RANCHO CUCAMONGA"" California solar contractor official website",simplysolarsocal.com,https://simplysolarsocal.com/,Simply Solar: Solar Installers in Southern California,"SIMPLY SOLAR, LLC 10970 Arrow Route Rancho Cucamonga, CA 91730 · License #: 990055 · About SimplySolar · Residential Solar Installation · Commercial Solar ...",candidate_found,
1091624,SIX RIVERS SOLAR LLC,Limited Liability,818 BROADWAY,EUREKA,CA,95501,Humboldt,(707) 443 5652,05/17/2022,05/31/2028,B | C10 | C46,Workers' Compensation Insurance,COMPWEST INSURANCE CO,01/01/2027,CSLBSearchData_163412289.xlsx,"""SIX RIVERS SOLAR LLC"" ""EUREKA"" California solar contractor official website",rocketreach.co,https://rocketreach.co/six-rivers-solar-llc-profile_b448db0ffce1eb36,Six Rivers Solar LLC Information,"Six Rivers Solar LLC Information ; Revenue, $6 million ; Employees, 13 (2 on RocketReach) ; Founded, 1980 ; Address, 818 Broadway St, Eureka, California 95501, US.",candidate_found,
998255,SMART SOLAR CONSTRUCTION,Limited Liability,"9520 OWENSMOUTH AVE,UNIT 3",CHATSWORTH,CA,91311,Los Angeles,(818) 292 8065,10/30/2014,10/31/2026,C46,Workers' Compensation Insurance,STATE COMPENSATION INSURANCE FUND,06/11/2027,CSLBSearchData_163412289.xlsx,"""SMART SOLAR CONSTRUCTION"" ""CHATSWORTH"" California solar contractor official website",isitlicensed.com,https://www.isitlicensed.com/ca/contractor/smart-solar-construction-1040990,"Is Smart Solar Construction licensed, insured & complaint-free in ...","Home/California/Solar (C-46)/Chatsworth/Smart Solar Construction. Is Smart Solar Construction licensed, insured & complaint-free in California?",candidate_found,
1141919,SMARTBUILT INC,Corporation,3606 LINDA VISTA AVE,NAPA,CA,94558,Napa,(707) 956 9199,08/12/2025,08/31/2027,B | C10 | C27 | C46,Workers' Compensation Insurance,STATE COMPENSATION INSURANCE FUND,08/09/2027,CSLBSearchData_163444973.xlsx,"""SMARTBUILT INC"" ""NAPA"" California solar contractor official website",homversa.com,https://homversa.com/ca/napa/solar-contractors,"Solar Contractors in Napa, CA - Verified Local Pros - Homversa","Best Licensed Solar Contractors in Napa, CA · 1.Peterson & Sons Inc. DBA Green Stock Solar · 2.Smartbuilt Inc. ✓ CSLB License #1141919 - look up ...",candidate_found,
871200,SMITH ELECTRICAL CONTRACTORS INC,Corporation,206 GREENFIELD DR STE G,EL CAJON,CA,92020,San Diego,(619) 758 9829,01/19/2006,01/31/2028,C10 | C46,Workers' Compensation Insurance,STATE COMPENSATION INSURANCE FUND,10/23/2026,CSLBSearchData_163505900.xlsx,"""SMITH ELECTRICAL CONTRACTORS INC"" ""EL CAJON"" California solar contractor official website",residentsolarpower.com,https://residentsolarpower.com/installers/smith-electrical-contractors-inc-review/,"Smith Electrical Contractors, Inc. review 2026 - Resident Solar Power","... El Cajon, CA 92020, United States, +16197589829. Smith Electrical Contractors, Inc. Overview. Expert Score: 4.8/5. Founded in: 2006. Smith Electrical ...",candidate_found,
724082,SOCAL HYDRONICS & PHOENIX BUILD CONSORTIUM,Corporation,5308 DERRY AVENUE SUITE S,AGOURA HILLS,CA,91356,Los Angeles,(818) 699 6031,06/17/1996,10/31/2026,A | B | C16 | C20 | C36 | C46,Workers' Compensation Insurance,PIE INSURANCE COMPANY (THE),07/31/2026,CSLBSearchData_163412289.xlsx,"""SOCAL HYDRONICS & PHOENIX BUILD CONSORTIUM"" ""AGOURA HILLS"" California solar contractor official website",zerofi.ai,https://www.zerofi.ai/pro/socal-hydronics-phoenix-build-consortium-agoura-hills-ca-7c6a50cc-cc59-42b3-b2dd-42302ab1a22c,Socal Hydronics & Phoenix Build Consortium - ZeroFi,"Socal Hydronics & Phoenix Build Consortium is a state-licensed low-voltage & security serving Agoura Hills, CA and nearby communities. Their license is verified ...",candidate_found,
1077212,SOL R US INCORPORATED,Corporation,4465 GRANITE DRIVE SUITE 1033,ROCKLIN,CA,95677,Placer,(916) 281 7200,06/22/2021,06/30/2027,C46,Workers' Compensation Insurance,CAROLINA CASUALTY INSURANCE COMPANY,07/08/2027,CSLBSearchData_163505900.xlsx,"""SOL R US INCORPORATED"" ""ROCKLIN"" California solar contractor official website",zerofi.ai,https://www.zerofi.ai/pro/sol-r-us-incorporated-rocklin-ca-2fa68fba-3834-4b55-9d86-27ebc7fa782e,"Sol R Us Incorporated - Solar installer in Rocklin, CA | ZeroFi","Sol R Us Incorporated is a licensed solar installer in Rocklin, CA. (916) 281 7200 4465 Granite Drive Suite 1033, Rocklin, CA",candidate_found,
1072735,SOL-TEK SOLAR,Limited Liability,827 JEFFERSON AVE,CLOVIS,CA,93612,Fresno,(559) 455 1720,01/13/2021,01/31/2027,C10 | C46,Workers' Compensation Insurance,TRAVELERS PROPERTY CASUALTY COMPANY OF AMERICA,05/05/2027,CSLBSearchData_163342171.xlsx,"""SOL-TEK SOLAR"" ""CLOVIS"" California solar contractor official website",solteksolar.com,https://solteksolar.com/,Sol-Tek Solar: Best Solar Company Fresno and Clovis,Powered by Westech. Learn More. Contractors License #1072735. Why Sol-Tek Solar · Services · Get Started · Blog. Email Address Sign Up. 827 Jefferson Ave Clovis ...,candidate_found,
953443,SOLA-LITE,Corporation,P O BOX 11571,PALM DESERT,CA,92255,Riverside,(760) 779 5591,10/13/2010,10/31/2026,B | C46,Workers' Compensation Insurance,STATE COMPENSATION INSURANCE FUND,08/14/2027,CSLBSearchData_163505900.xlsx,"""SOLA-LITE"" ""PALM DESERT"" California solar contractor official website",puresunlight.com,https://puresunlight.com/,Sola-Lite Coachella Valley: Home,"Sola-Lite - We're experts in Solatube skylights, garage fans, and attic ... 42220 Green Way, Palm Desert, CA 92211. This dealer is responsible for the ...",candidate_found,
752181,SOLAR - TEC SYSTEMS INC,Corporation,39971 - A SILVER LANTERN,DANA POINT,CA,92629,Orange,(949) 603 6677,07/23/1998,09/30/2027,B | C46,Workers' Compensation Insurance,STATE COMPENSATION INSURANCE FUND,09/01/2026,CSLBSearchData_163444973.xlsx,"""SOLAR - TEC SYSTEMS INC"" ""DANA POINT"" California solar contractor official website",solar-tec.com,https://solar-tec.com/our-services/,Our Services - Solar-Tec,"... Contractor ... Dana Point, California 92629. 949-603-6677 info@solar-tec.com. Copyright 2026 © All rights reserved. Powered by Solar-Tec Systems, Inc.",candidate_found,
1115785,SOLAR AND MORE INC,Corporation,16881 ROCKY GLENN RD,PERRIS,CA,92570,Riverside,(951) 720 1209,01/30/2024,01/31/2028,B | C39 | C46,Workers' Compensation Insurance,MIDWEST EMPLOYERS CASUALTY COMPANY,04/17/2027,CSLBSearchData_163505900.xlsx,"""SOLAR AND MORE INC"" ""PERRIS"" California solar contractor official website",,,,,no_official_domain_candidate,
872323,SOLAR CENTER,Limited Liability,2913 EL CAMINO REAL STE 512,TUSTIN,CA,92782,Orange,(949) 636 6991,02/07/2006,06/30/2028,B | C10 | C46,Workers' Compensation Insurance,STATE COMPENSATION INSURANCE FUND,07/07/2027,CSLBSearchData_163444973.xlsx,"""SOLAR CENTER"" ""TUSTIN"" California solar contractor official website",findenergy.com,https://findenergy.com/ca/richmond-solar/,"Solar Panels Cost 2.2k-11k in Richmond, CA | August, 2025","... Tustin 567 Installers · Napa 497 Installers · Chino Hills 567 Installers ... Solar Center. Menlo Park, CA(650) 327-3200. Services.",candidate_found,
488066,SOLAR CENTER INC,Corporation,1185 O'BRIEN DRIVE,MENLO PARK,CA,94025,San Mateo,(650) 327 3200,03/06/1986,03/31/2028,B | C10 | C17 | C20 | C46 | D12,Workers' Compensation Insurance,STATE COMPENSATION INSURANCE FUND,01/01/2027,CSLBSearchData_163528025.xlsx,"""SOLAR CENTER INC"" ""MENLO PARK"" California solar contractor official website",document.epiq11.com,https://document.epiq11.com/document/getdocumentbycode/?docId=2161823&projectCode=STT&source=DM,[PDF] exhibit a,"CENTER ACCOUNTS PAYABLE MENLO PARK CA 94025. STAPLE, ARNOLD. 59 MARIA LANE ... THE SOLAR CENTER INC. 47 WOODLAND AVE ROCKAWAY NJ 07866. THE SOLAR CENTER ...",candidate_found,
1051362,SOLAR CENTRAL INC,Corporation,72056 NORTH SHORE ST STE B,THOUSAND PALMS,CA,92276,Riverside,(760) 640 0000,03/15/2019,03/31/2027,C46,Workers' Compensation Insurance,STATE COMPENSATION INSURANCE FUND,03/18/2027,CSLBSearchData_163505900.xlsx,"""SOLAR CENTRAL INC"" ""THOUSAND PALMS"" California solar contractor official website",solarcentralinc.com,https://www.solarcentralinc.com/,Home | Solar Central Inc,"... : Monday - Friday: 8:00 AM - 3:30 PM. Address: 72056 Northshore St. Ste. B. Thousand Palms, CA 92276. Lic# 1051362. © 2023 SOLAR CENTRAL INC. bottom of page.",candidate_found,
1007296,SOLAR CENTURY,Sole Owner,8780 SUNSET AVENUE,FAIR OAKS,CA,95628,Sacramento,(916) 505 3836,09/14/2015,09/30/2026,C46,Workers' Compensation Insurance,STATE COMPENSATION INSURANCE FUND,01/15/2027,CSLBSearchData_163505900.xlsx,"""SOLAR CENTURY"" ""FAIR OAKS"" California solar contractor official website",agentsolar.ai,https://agentsolar.ai/installers/solar-century-fair-oaks-ca-ptm5,"SOLAR CENTURY — 9 Installs, $2.95/W avg | Fair Oaks, CA ...","SOLAR CENTURY is a solar installation company based in Fair Oaks, CA. Founded in 2015, the company has over 10 years of experience in the solar industry.",candidate_found,
683128,SOLAR CONTRACTOR THE,Corporation,309 RIVERSIDE RD,OAK VIEW,CA,93022,Ventura,(805) 649 8630,12/30/1993,07/31/2028,B | C46 | D03 | D34,Workers' Compensation Insurance,STATE COMPENSATION INSURANCE FUND,08/22/2027,CSLBSearchData_163547774.xlsx,"""SOLAR CONTRACTOR THE"" ""OAK VIEW"" California solar contractor official website",thesolarcontractor.net,http://thesolarcontractor.net/gallery,Solar Installation Gallery,"Home · Contact us · Services · Blog · Gallery · Careers. Contact. 309 Riverside Rd. Oak View, CA 93022, US. (805) 331-4347. © 2026 The Solar Contractor.",candidate_found,
1014977,SOLAR DISCOVERY INC,Corporation,8824 SHIRLEY AVE STE 10,NORTHRIDGE,CA,91324,Los Angeles,(818) 925 1252,06/08/2016,06/30/2028,B | C10 | C39 | C46,Workers' Compensation Insurance,STATE COMPENSATION INSURANCE FUND,04/02/2027,CSLBSearchData_163412289.xlsx,"""SOLAR DISCOVERY INC"" ""NORTHRIDGE"" California solar contractor official website",,,,,no_official_domain_candidate,
1040134,SOLAR HARMONICS INC,Corporation,2004 RIDDLING COURT,BRENTWOOD,CA,94513,Contra Costa,(925) 756 6944,06/04/2018,06/30/2028,C46,Workers' Compensation Insurance,STATE COMPENSATION INSURANCE FUND,11/03/2026,CSLBSearchData_163342171.xlsx,"""SOLAR HARMONICS INC"" ""BRENTWOOD"" California solar contractor official website",ecohome.net,https://www.ecohome.net/en/companies/services/66503/solar-harmonics-inc-renewable-energy-engineers/,"Solar Harmonics, Inc. - Renewable energy engineers","Solar Harmonics, Inc. specializes in high-efficiency renewable energy solutions for residential properties throughout the Brentwood region.",candidate_found,
1050433,SOLAR MOTION,Corporation,528 PINE ST,APTOS,CA,95003,Santa Cruz,(831) 588 6991,02/21/2019,02/28/2027,B | C10 | C46,Workers' Compensation Insurance,STATE COMPENSATION INSURANCE FUND,09/13/2026,CSLBSearchData_163528025.xlsx,"""SOLAR MOTION"" ""APTOS"" California solar contractor official website",solarmotion.com,https://solarmotion.com/our-mission,Our Mission - SOLAR MOTION,"Solar Motion is an Aptos, CA company with experienced professionals providing bay area solar installations as well as home battery and generator ...",candidate_found,
1021919,SOLAR NEGOTIATORS,Corporation,4603 W JENNIFER AVE,FRESNO,CA,93722,Fresno,(559) 447 1557,12/20/2016,12/31/2026,B | C10 | C39 | C46,Workers' Compensation Insurance,REDWOOD FIRE AND CASUALTY INSURANCE CO,06/19/2027,CSLBSearchData_163342171.xlsx,"""SOLAR NEGOTIATORS"" ""FRESNO"" California solar contractor official website",solarnegotiators.com,https://www.solarnegotiators.com/,Solar Negotiators | The Highest-Rated Solar Installation ...,"At Solar Negotiators, we believe solar works when done right. That's ... Solar Negotiator Fresno. Get a Solar Estimate Right From Your Phone. Find out ...",candidate_found,
1084699,SOLAR NOW,Limited Liability,56624 TWENTYNINE PALMS HWY,YUCCA VALLEY,CA,92284,San Bernardino,(760) 228 3188,12/08/2021,06/30/2028,C46,Workers' Compensation Insurance,STATE COMPENSATION INSURANCE FUND,06/02/2027,CSLBSearchData_163505900.xlsx,"""SOLAR NOW"" ""YUCCA VALLEY"" California solar contractor official website",solarnowyv.com,https://solarnowyv.com/,Solar Now: Solar Installation Yucca Valley,"Solar Now is a trusted, certified solar installation company located in Yucca Valley, dedicated to providing the Morongo Basin community with cleaner energy ...",candidate_found,
1054153,SOLAR PANEL SOLUTIONS INC,Corporation,5479 DON JUAN CIRCLE,SAN JOSE,CA,95123,Santa Clara,(408) 666 0548,05/30/2019,05/31/2027,C46,Workers' Compensation Insurance,STATE COMPENSATION INSURANCE FUND,10/01/2026,CSLBSearchData_163528025.xlsx,"""SOLAR PANEL SOLUTIONS INC"" ""SAN JOSE"" California solar contractor official website",pegbo.com,https://pegbo.com/contractor/solar-panel-solutions-inc,"SOLAR PANEL SOLUTIONS INC | San Jose, CA","Solar Panel Solutions Inc. is a leading provider of innovative solar ... installation, and maintenance ... San Jose, California. Upgrade to see more info.",candidate_found,
924564,SOLAR POOL SERVICES INC,Corporation,16780 RABBIT SCRAMBLE TRL,RIVERSIDE,CA,92504,Riverside,(951) 276 8286,11/04/2008,11/30/2026,C46,Workers' Compensation Insurance,STATE COMPENSATION INSURANCE FUND,06/15/2027,CSLBSearchData_163505900.xlsx,"""SOLAR POOL SERVICES INC"" ""RIVERSIDE"" California solar contractor official website",solarpoolservicesinc.com,https://www.solarpoolservicesinc.com/,Solar Pool Services: Southern California Solar Pool Heating,"Thousands of systems installed across Riverside, San Bernardino, Orange County, and surrounding areas. ... © 2026 Solar Pool Services Inc. All rights ...",candidate_found,
947141,SOLAR POWER CONSTRUCTION & PLUMBING CO,Sole Owner,919 E PALM AVE,BURBANK,CA,91501,Los Angeles,(747) 272 2404,05/12/2010,05/31/2028,B | C10 | C36 | C46,Workers' Compensation Insurance,STATE COMPENSATION INSURANCE FUND,10/01/2026,CSLBSearchData_163412289.xlsx,"""SOLAR POWER CONSTRUCTION & PLUMBING CO"" ""BURBANK"" California solar contractor official website",statecreds.com,https://www.statecreds.com/license/ca/plumber/solar-power-construction-plumbing-co-947141,Solar Power Construction & Plumbing CO — Licensed Plumbing ...,"Solar Power Construction & Plumbing CO is credentialed with California to do plumbing contractor work, license #947141, based in Burbank.",candidate_found,
1097059,SOLAR POWER FUND,Corporation,919 THE ALAMEDA,SAN JOSE,CA,95126,Santa Clara,(408) 350 7500,09/27/2022,09/30/2028,C46,Workers' Compensation Insurance,EMPLOYERS PREFERRED INSURANCE COMPANY,08/12/2026,CSLBSearchData_163528025.xlsx,"""SOLAR POWER FUND"" ""SAN JOSE"" California solar contractor official website",bidroom.io,https://bidroom.io/c/ca/san-jose/solar/solar-power-fund--00066675,"Solar Power Fund — Solar in San Jose, CA | Bidroom","Solar Power Fund is a solar contractor serving San Jose, California. License records, service area, and how to claim this profile.",candidate_found,
1088859,SOLAR POWERGEN INC,Corporation,405 N KENTER AVENUE,LOS ANGELES,CA,90049,Los Angeles,(310) 717 1946,03/21/2022,03/31/2028,C46,Workers' Compensation Insurance,STATE COMPENSATION INSURANCE FUND,02/04/2027,CSLBSearchData_163412289.xlsx,"""SOLAR POWERGEN INC"" ""LOS ANGELES"" California solar contractor official website",re-plus.com,https://www.re-plus.com/see-whos-attending/,See Who's Attending,"Los Angeles Solar Pros, Shenzhen Letsolar Technology Co.,LTD. Aderis Energy ... Solar PowerGen, Inc. Ampure, EticaAg, Mighty Max Battery, Solar Price ...",candidate_found,
913359,SOLAR PROJECTS UNLIMITED,Sole Owner,932 9TH ST,ARCATA,CA,95521,Humboldt,(707) 845 5685,04/03/2008,04/30/2028,C46,Workers' Compensation Insurance,PIE INSURANCE COMPANY (THE),10/01/2026,CSLBSearchData_163412289.xlsx,"""SOLAR PROJECTS UNLIMITED"" ""ARCATA"" California solar contractor official website",solarprojectsunlimited.com,https://www.solarprojectsunlimited.com/,Solar Projects Unlimited,"Solar Projects Unlimited · John Davis, our founder with 20+ years of experience · solarprojectsunlimited@gmail.com · Or drop in at our office 932 9th St. Arcata, ...",candidate_found,
990943,SOLAR RENEWABLE ENERGY,Corporation,"770 SYCAMORE AVE, 122-112",VISTA,CA,92083,San Diego,(760) 805 4664,02/27/2014,06/30/2028,C10 | C46,Workers' Compensation Insurance,STATE COMPENSATION INSURANCE FUND,06/17/2027,CSLBSearchData_163505900.xlsx,"""SOLAR RENEWABLE ENERGY"" ""VISTA"" California solar contractor official website",ziprecruiter.com,"https://www.ziprecruiter.com/Jobs/Solar-Energy-Installation/-in-San-Diego,CA","$21-$33/hr Solar Energy Installation Jobs in San Diego, CA","... solar, renewable energy, or a related field. ... Chula Vista, CA · On-site. LGCY is one of the ... installers work efficiently and safely on varied ...",candidate_found,
1051284,SOLAR SERVICE PROFESSIONALS INC,Corporation,14431 VENTURA BLVD #174,SHERMAN OAKS,CA,91423,Los Angeles,(866) 765 7767,03/14/2019,12/31/2026,C10 | C39 | C46,Workers' Compensation Insurance,STATE COMPENSATION INSURANCE FUND,09/20/2026,CSLBSearchData_163412289.xlsx,"""SOLAR SERVICE PROFESSIONALS INC"" ""SHERMAN OAKS"" California solar contractor official website",sanclemente.gov,https://www.sanclemente.gov/Archive.aspx?ADID=185,SC Permits Issued for PUBLIC INFORMATION (no Applicant),"SOLAR SERVICE PROFESSIONALS INC. $1,680.41. 14431 VENTURA BLVD #174. SHERMAN OAKS CA 91423. B25-1136. 06/30/2025. MECHANICAL. RES. ES - HVAC.",candidate_found,
580995,SOLAR SERVICES OF SAN DIEGO INC,Corporation,10020 PROSPECT AVE B-2,SANTEE,CA,92071,San Diego,(619) 258 0846,11/16/1989,07/31/2027,C46,Workers' Compensation Insurance,STATE COMPENSATION INSURANCE FUND,03/01/2027,CSLBSearchData_163505900.xlsx,"""SOLAR SERVICES OF SAN DIEGO INC"" ""SANTEE"" California solar contractor official website",data.sandiegocounty.gov,https://data.sandiegocounty.gov/api/views/eqjy-uqyj/rows.csv?accessType=DOWNLOAD&api_foundry=true,https://data.sandiegocounty.gov/api/views/eqjy-uqy...,"... SANTEE ELECTRIC,432008,ELECTRICAL 6430,SANTEE ELECTRIC,432008,Electrical ... SOLAR SERVICES OF SAN DIEGO INC,580995,SOLAR 6790,SOLAR SERVICES OF SAN ...",candidate_found,
925231,SOLAR SOURCE INC,Corporation,2954 E 14TH ST,LONG BEACH,CA,90804,Los Angeles,(562) 852 5626,11/21/2008,03/31/2027,C10 | C39 | C46,Workers' Compensation Insurance,STARNET INSURANCE COMPANY,09/24/2026,CSLBSearchData_163412289.xlsx,"""SOLAR SOURCE INC"" ""LONG BEACH"" California solar contractor official website",solarsourceinc.com,https://www.solarsourceinc.com/,SOLAR SOURCE | Solar Design | Solar Installation | Southern ...,SOLAR SOURCE is based in Long Beach California and designs and installs residential and commercial solar systems across California.,candidate_found,
1040428,SOLAR SPECTROM INC,Corporation,"144 W LOS ANGELES AVE,STE 106-199",MOORPARK,CA,93021,Ventura,(805) 506 9084,06/08/2018,06/30/2028,C46,Workers' Compensation Insurance,STATE COMPENSATION INSURANCE FUND,09/25/2026,CSLBSearchData_163547774.xlsx,"""SOLAR SPECTROM INC"" ""MOORPARK"" California solar contractor official website",buildzoom.com,https://www.buildzoom.com/contractor/solar-spectrom-inc,Solar Spectrom | Moorpark CA | Read Reviews + Get a Bid - BuildZoom,"... Solar Spectrom Inc Contact Information. Phone Number: (805) 506-9084. Address: 144 W LOS ANGELES AVE STE 106-199, Moorpark, CA 93021. Solar Spectrom Inc ...",candidate_found,
988146,SOLAR SYMPHONY CONSTRUCTION INC,Corporation,1291 PACIFIC OAKS PL STE 117,ESCONDIDO,CA,92029,San Diego,(760) 300 4141,10/31/2013,10/31/2027,B | C46,Workers' Compensation Insurance,STATE COMPENSATION INSURANCE FUND,12/01/2026,CSLBSearchData_163505900.xlsx,"""SOLAR SYMPHONY CONSTRUCTION INC"" ""ESCONDIDO"" California solar contractor official website",solar-symphony-construction-inc.wheree.com,https://solar-symphony-construction-inc.wheree.com/,"SOLAR SYMPHONY CONSTRUCTION, INC. - Reviews ...","Solar Symphony Construction, Inc. stands out as a premier choice for ... 1955 Citracado Parkwy Ste 200, Escondido, CA 92029, United States.",candidate_found,
1106777,SOLAR TECH ENERGY SYSTEMS INC,Corporation,9410 BOND AVE,EL CAJON,CA,92021,San Diego,(619) 743 9193,06/30/2023,06/30/2027,C10 | C39 | C46,Workers' Compensation Insurance,QBE INSURANCE CORPORATION,11/01/2026,CSLBSearchData_163505900.xlsx,"""SOLAR TECH ENERGY SYSTEMS INC"" ""EL CAJON"" California solar contractor official website",solartechonline.com,https://solartechonline.com/blog/solartech-named-to-2026-top-solar-contractors-list-for-third-consecutive-year/,SolarTech Named To 2026 Top Solar Contractors List For Third ...,"SolarTech Energy Systems, Inc. is a solar, energy storage, solar pool heating and roofing contractor headquartered in El Cajon, California, ...",candidate_found,
932914,SOLAR TECHNOLOGIES,Corporation,14 BETA CT,SAN RAMON,CA,94583,Contra Costa,(925) 791 6511,05/21/2009,05/31/2027,C10 | C46,Workers' Compensation Insurance,INDEMNITY INSURANCE COMPANY OF NORTH AMERICA,10/01/2026,CSLBSearchData_163342171.xlsx,"""SOLAR TECHNOLOGIES"" ""SAN RAMON"" California solar contractor official website",solartechnologies.com,https://solartechnologies.com/,Solar Technologies: California Commercial Solar EPC ...,"California organizations choose Solar Technologies for proven commercial solar ... San Ramon, CA 94583. view map. Santa Cruz. 705 N Branciforte Ave. Santa Cruz, ...",candidate_found,
393565,SOLAR UNLIMITED INC,Corporation,170 W LIVE OAK AVE,ARCADIA,CA,91007,Los Angeles,(626) 461 5777,09/26/1980,09/30/2026,C46,Workers' Compensation Insurance,STATE COMPENSATION INSURANCE FUND,03/01/2027,CSLBSearchData_163412289.xlsx,"""SOLAR UNLIMITED INC"" ""ARCADIA"" California solar contractor official website",solarunlimited.com,https://solarunlimited.com/,Solar Unlimited: Best Solar Panel Installation Company in Southern ...,"... California installations, Solar Unlimited is Arcadia's most established solar installation company. ... © 2024 Solar Unlimited Inc. All rights reserved.",candidate_found,
991559,SOLAR XPRESS INC,Corporation,3566 ADAMSVILLE AVENUE,CALABASAS,CA,91302,Los Angeles,(818) 209 8280,03/22/2014,03/31/2028,C46,Workers' Compensation Insurance,STATE COMPENSATION INSURANCE FUND,06/10/2027,CSLBSearchData_163412289.xlsx,"""SOLAR XPRESS INC"" ""CALABASAS"" California solar contractor official website",bidroom.io,https://bidroom.io/c/ca/calabasas/solar/solar-xpress-inc--00243383,"Solar Xpress Inc — Solar in Calabasas, CA | Bidroom","Solar Xpress Inc is a solar contractor serving Calabasas, California. License records, service area, and how to claim this profile.",candidate_found,
1001001,SOLARCO ENERGY,Corporation,22982 LA CADENA DR STE 27,LAGUNA HILLS,CA,92653,Orange,(949) 482 2232,02/09/2015,07/31/2028,C10 | C46,Workers' Compensation Insurance,STATE COMPENSATION INSURANCE FUND,01/27/2027,CSLBSearchData_163444973.xlsx,"""SOLARCO ENERGY"" ""LAGUNA HILLS"" California solar contractor official website",solarcoenergy.com,https://solarcoenergy.com/,Top Commercial Solar Company in California | SolarCO Energy,"SolarCO Energy is a leading commercial solar company in California ... 22982 La Cadena Dr#219, Laguna Hills, CA 92653, USA. Newletter. Join us to get ...",candidate_found,
1007852,SOLARCON INC,Corporation,5225 CANNON CREST DR #71821,RIVERSIDE,CA,92507,Riverside,(213) 703 5080,10/02/2015,10/31/2027,B | C10 | C17 | C20 | C38 | C46,Workers' Compensation Insurance,PIE INSURANCE COMPANY (THE),02/03/2027,CSLBSearchData_163505900.xlsx,"""SOLARCON INC"" ""RIVERSIDE"" California solar contractor official website",,,,,no_official_domain_candidate,
497797,SOLARCRAFT SERVICES INC,Corporation,8 DIGITAL DR #101,NOVATO,CA,94949,Marin,(415) 382 7717,09/04/1986,09/30/2026,B | C10 | C46 | D35,Workers' Compensation Insurance,STATE COMPENSATION INSURANCE FUND,01/01/2027,CSLBSearchData_163444973.xlsx,"""SOLARCRAFT SERVICES INC"" ""NOVATO"" California solar contractor official website",buildzoom.com,https://www.buildzoom.com/contractor/solarcraft-services-inc,SolarCraft Services | Novato CA | Read Reviews + Get a Bid,"From BuildZoom: SolarCraft Services Inc, 285 Bel Marin Keys Blvd, Novato, CA ... SolarCraft Services Inc mostly works on solar installation and ...",candidate_found,
971194,SOLARGRAHAM,Corporation,36504 RANCH HOUSE ST,MURRIETA,CA,92563,Riverside,(909) 749 0106,03/23/2012,12/31/2026,C10 | C46,Workers' Compensation Insurance,STATE COMPENSATION INSURANCE FUND,02/04/2027,CSLBSearchData_163505900.xlsx,"""SOLARGRAHAM"" ""MURRIETA"" California solar contractor official website",solargraham.com,https://solargraham.com/,SOLARGRAHAM | Solar Power Installation & Repair Services ...,"SolarGraham is a HomeAdvisor “Screened and Approved” solar professional. ... , SolarGraham Customer (Murrieta, CA). “Greg is extremely knowledgeable in ...",candidate_found,
970970,SOLARHUT LLC,Limited Liability,6590 COMMERCE WAY,DIAMOND SPRINGS,CA,95619,El Dorado,(530) 651 5111,03/16/2012,07/31/2028,C10 | C46,Workers' Compensation Insurance,EMPLOYERS COMPENSATION INSURANCE COMPANY,10/02/2026,CSLBSearchData_163342171.xlsx,"""SOLARHUT LLC"" ""DIAMOND SPRINGS"" California solar contractor official website",solarhut.org,https://solarhut.org/,SOLARHUT LLC,"SolarHut, LLC provides full-service solar, battery, and electrical ... Headquartered in Diamond Springs, California, we proudly serve customers ...",candidate_found,
972048,SOLARMAX RENEWABLE ENERGY PROVIDER INC,Corporation,3080 12TH STREET,RIVERSIDE,CA,92507,Riverside,(951) 300 0788,04/12/2012,04/30/2028,C10 | C46,Workers' Compensation Insurance,INDEMNITY INSURANCE COMPANY OF NORTH AMERICA,10/01/2026,CSLBSearchData_163505900.xlsx,"""SOLARMAX RENEWABLE ENERGY PROVIDER INC"" ""RIVERSIDE"" California solar contractor official website",solarmaxtech.com,https://solarmaxtech.com/,SolarMax Technology | Utility EPC & Home Solar Experts,"Riverside, CA | Solar Carport + Storage. icon. 2019. icon. K–12 School. icon ... 2026 SolarMax Renewable Energy Provider, Inc. | LIC #972048 • Privacy ...",candidate_found,
561720,SOLARON,Corporation,3460 BUSINESS DR STE 100,SACRAMENTO,CA,95820,Sacramento,(916) 631 9293,03/23/1989,09/30/2027,C46 | C53,Workers' Compensation Insurance,STATE COMPENSATION INSURANCE FUND,01/01/2027,CSLBSearchData_163505900.xlsx,"""SOLARON"" ""SACRAMENTO"" California solar contractor official website",solaron.net,https://solaron.net/,Solaron: Solar Electricity & Pool Heating in Sacramento,Delivering cost effective solar electricity and solar pool heating to the greater Sacramento and Bay Areas ... installation crew told me how to use the Solaron ...,candidate_found,
930425,SOLARPARK USA INC,Corporation,111 DEERWOOD RD STE 200,SAN RAMON,CA,94583,Contra Costa,(510) 483 7200,03/26/2009,03/31/2027,C10 | C46,Workers' Compensation Insurance,PIE INSURANCE COMPANY (THE),09/26/2026,CSLBSearchData_163342171.xlsx,"""SOLARPARK USA INC"" ""SAN RAMON"" California solar contractor official website",solarparkusa.com,https://www.solarparkusa.com/,SolarPark USA - Solar Made Simple,SolarPark USA Inc. 111 Deerwood Road Ste-200. San Ramon CA 94583. Phone number: 510-483-7200. Fax number: 510-483-7201,candidate_found,
391670,SOLARPONICS INC,Corporation,4700 EL CAMINO REAL,ATASCADERO,CA,93422,San Luis Obispo,(805) 466 5595,07/07/1980,07/31/2028,B | C10 | C20 | C36 | C46,Workers' Compensation Insurance,STARNET INSURANCE COMPANY,12/10/2026,CSLBSearchData_163505900.xlsx,"""SOLARPONICS INC"" ""ATASCADERO"" California solar contractor official website",solarponics.com,https://solarponics.com/wp-content/uploads/2017/02/chgtgs.pdf,The Complete Homeowners' Guide To Going Solar,"The Complete Homeowners' Guide To Going Solar. Originally published by Solarponics, Inc., December 23, 2013. ... Solarponics was voted Green Business of the Year ...",candidate_found,
656905,SOLARPORTS DEVELOPMENT,Corporation,115 INEZ PL,MILL VALLEY,CA,94941,Marin,(415) 888 4000,10/21/1992,10/31/2026,B | C46,Workers' Compensation Insurance,STATE COMPENSATION INSURANCE FUND,01/15/2027,CSLBSearchData_163444973.xlsx,"""SOLARPORTS DEVELOPMENT"" ""MILL VALLEY"" California solar contractor official website",solarports.com,https://solarports.com/projects,SolarPorts Projects in California | Commercial Solar ...,"SolarPorts Development is a commercial solar trailblazer. Our unique ... MILL VALLEY, CA · 107 kW DC · 183,401 kWh/yr. $88,400 Year 1 savings.",candidate_found,
932764,SOLARTRONICS USA,Corporation,1449 LINVILLE LANE,COLTON,CA,92324,San Bernardino,(909) 821 7580,05/18/2009,05/31/2027,C-7 | C10 | C46,Workers' Compensation Insurance,STATE COMPENSATION INSURANCE FUND,11/07/2026,CSLBSearchData_163505900.xlsx,"""SOLARTRONICS USA"" ""COLTON"" California solar contractor official website",solartronicsusa.com,https://solartronicsusa.com/contact,Contact Us,"Solartronics USA provides cutting-edge solar energy solutions, battery storage systems, and solar training ... Colton, California. 9431 Haven Aven Suite 100 PMB ...",candidate_found,
678517,SOLEX,Sole Owner,P O BOX 411,CARMEL VALLEY,CA,93924,Monterey,(831) 333 1919,10/07/1993,10/31/2027,C46,Workers' Compensation Insurance,CAROLINA CASUALTY INSURANCE COMPANY,07/31/2027,CSLBSearchData_163444973.xlsx,"""SOLEX"" ""CARMEL VALLEY"" California solar contractor official website",appliedsolarenergy.com,http://www.appliedsolarenergy.com/Solar_Index_Nav.html,"Solar Installer Serving Monterey,Santa Cruz, Salinas Valley ...",SOLEX / Applied Solar Energy is a Sub-contracting Partner of non-profit ... Recent Carmel Valley Solar Projects · Corralitos Solar · Pacific Grove Solar · Is ...,candidate_found,
973676,SOLGREEN DEVELOPMENT,Sole Owner,1515 EVANS AVE,POMONA,CA,91766,Los Angeles,(909) 751 5151,06/04/2012,06/30/2028,B | C10 | C46,Workers' Compensation Insurance,STATE COMPENSATION INSURANCE FUND,08/16/2027,CSLBSearchData_163412289.xlsx,"""SOLGREEN DEVELOPMENT"" ""POMONA"" California solar contractor official website",findacontractorfast.com,https://findacontractorfast.com/states/california/index.html?trade_id=2,California - Find A Contractor Fast,"Pomona, CA, 91768 · A P E CONSTRUCTION GENERAL BUILDING San Diego, CA, 92154 ... SOLGREEN DEVELOPMENT GENERAL BUILDING, SOLAR, ELECTRICAL Pomona, CA ...",candidate_found,
982727,SOLINSURE,Sole Owner,1716 CHESTNUT STREET,BERKELEY,CA,94702,Alameda,(341) 333 0721,04/13/2013,04/30/2027,C46,Workers' Compensation Insurance,STATE COMPENSATION INSURANCE FUND,12/09/2026,CSLBSearchData_163342171.xlsx,"""SOLINSURE"" ""BERKELEY"" California solar contractor official website",solinsure.com,https://www.solinsure.com/existing-systems,Existing Systems | Mysite - Solinsure,"Solinsure. 1716 Chestnut Street. Berkeley, California 94702. Email : Thomas@solinsure.com · (341) 333 - 0721 · White LinkedIn Icon · White Facebook Icon. © 2023 ...",candidate_found,
1050892,SOLIRVINE LLC,Limited Liability,31 TISBURY WAY,LADERA RANCH,CA,92694,Orange,(925) 548 4924,03/04/2019,03/31/2027,C46,Workers' Compensation Insurance,PIE CASUALTY INSURANCE COMPNAY,12/17/2026,CSLBSearchData_163444973.xlsx,"""SOLIRVINE LLC"" ""LADERA RANCH"" California solar contractor official website",sanclemente.gov,https://www.sanclemente.gov/Archive.aspx?ADID=173,[PDF] SC Permits Issued for PUBLIC INFORMATION (no Applicant),"SOLIRVINE LLC. $20,000.00. 31 TISBURY WAY. LADERA RANCH CA 92694. B24 ... On-site Construction Inspection,. Grading Proj. ENG23-353. 229 W ...",candidate_found,
1033780,SOLTECH ENERGY INC,Corporation,1814 HAWTHORNE ST,SAN JACINTO,CA,92583,Riverside,(951) 349 8521,12/08/2017,04/30/2028,C46,Workers' Compensation Insurance,PIE CASUALTY INSURANCE COMPNAY,11/11/2026,CSLBSearchData_163505900.xlsx,"""SOLTECH ENERGY INC"" ""SAN JACINTO"" California solar contractor official website",buildzoom.com,https://www.buildzoom.com/contractor/soltech-energy-inc,Soltech Energy | San Jacinto CA | Read Reviews + Get a Bid,"Soltech Energy Inc, 1814 Hawthorne St, San Jacinto, CA (Employee: Moises Rodriguez Vazquez) holds a Solar license according to the California license board.",candidate_found,
1083907,SOLV ENERGY LLC,Limited Liability,16680 WEST BERNARDO DR,SAN DIEGO,CA,92127,San Diego,(858) 251 4888,11/19/2021,11/30/2027,A | B | C10 | C46,Workers' Compensation Insurance,TRAVELERS PROPERTY CASUALTY COMPANY OF AMERICA,05/01/2027,CSLBSearchData_163505900.xlsx,"""SOLV ENERGY LLC"" ""SAN DIEGO"" California solar contractor official website",solvenergy.com,https://www.solvenergy.com/news/solv-energy-formerly-known-as-swinerton-renewable-energy-and-solv-inc-announces-completion-of-acquisition-by-american-securities,"SOLV Energy, Formerly Known as Swinerton Renewable…","San Diego, CA, December 23, 2021 – SOLV Energy LLC, a premier Engineering, Procurement and Construction (EPC) and Operations and Maintenance ...",candidate_found,
901436,SON LIGHT INC,Corporation,P O BOX 81796,BAKERSFIELD,CA,93380,Kern,(661) 393 5500,08/03/2007,08/31/2027,B | C10 | C46,Workers' Compensation Insurance,AMTRUST INSURANCE COMPANY,02/01/2027,CSLBSearchData_163412289.xlsx,"""SON LIGHT INC"" ""BAKERSFIELD"" California solar contractor official website",contractorlicenseproof.com,https://contractorlicenseproof.com/california/solar/bakersfield,"Solar Contractors in Bakersfield, CA (C-46) | Contractor License Proof",Contractor License Proof · Browse CaliforniaGuidesAboutClaim your listing · Home · California · Solar; Bakersfield ... Has a website ... Son Light Inc. C-46 · ...,candidate_found,
1035189,SONOMARIN SOLAR INC,Corporation,675 IDYLBERY RD,SAN RAFAEL,CA,94903,Marin,(415) 985 5458,01/24/2018,01/31/2028,C10 | C46,Workers' Compensation Insurance,STATE COMPENSATION INSURANCE FUND,01/19/2027,CSLBSearchData_163444973.xlsx,"""SONOMARIN SOLAR INC"" ""SAN RAFAEL"" California solar contractor official website",cityofsanrafael.org,https://www.cityofsanrafael.org/epermits,eTRAKiT,"SONOMARIN SOLAR INC, Soria Constrution Inc, SOS Electric, Source Power Services ... The City of San Rafael, CA makes every effort to produce and publish ...",candidate_found,
805496,SOURCE SOLAR INC,Corporation,"310 N INDIAN HILL BLVD,#403",CLAREMONT,CA,91711,Los Angeles,(714) 715 5901,03/12/2002,06/30/2027,B | C-5 | C10 | C46,Workers' Compensation Insurance,STATE COMPENSATION INSURANCE FUND,09/25/2026,CSLBSearchData_163412289.xlsx,"""SOURCE SOLAR INC"" ""CLAREMONT"" California solar contractor official website",sourcesolarinc.com,https://www.sourcesolarinc.com/,Source Solar Inc | Solar Panels | Solar Company Claremont ...,ABOUT SOURCE SOLAR INC. Our Mission is to Make the Process Easy. From your ... Ready to talk to our team? Office: 310 N Indian Hill Blvd. #403. Claremont ...,candidate_found,
1055498,SOUTH SHORE ELECTRIC,Corporation,29336 TOURNAMENT,LAKE ELSINORE,CA,92530,Riverside,(951) 866 2828,07/03/2019,04/30/2027,B | C10 | C46,Workers' Compensation Insurance,STATE COMPENSATION INSURANCE FUND,04/13/2027,CSLBSearchData_163505900.xlsx,"""SOUTH SHORE ELECTRIC"" ""LAKE ELSINORE"" California solar contractor official website",local.yahoo.com,https://local.yahoo.com/sitemap202.xml,[XML] sitemap202.xml - Yahoo Local,... lake-elsinore/</loc></url> <url><loc>https://local.yahoo.com/info-218648000 ... south-shore-electric-inc-kihei/</loc></url> <url><loc>https://local ...,candidate_found,
1022373,SOUTHBAY NRG,Corporation,10408 NEWHOME AVE,SUNLAND,CA,91040,Los Angeles,(323) 251 4382,01/09/2017,01/31/2027,B | C10 | C20 | C39 | C46,Workers' Compensation Insurance,STATE COMPENSATION INSURANCE FUND,07/04/2027,CSLBSearchData_163412289.xlsx,"""SOUTHBAY NRG"" ""SUNLAND"" California solar contractor official website",craigslist.org,https://www.craigslist.org/view/d/sunland-laborer-roofing-solar-and/c5X7YCnwHJyfw3qFvvwh6T,"Laborer, Roofing, Solar, and Electrical worker**** (Sunland)","**** Laborer, Roofing, Solar, and Electrical worker**** (Sunland). Southbay NRG. compensation: Starting $20.00/hr. employment type: full-time.",candidate_found,
1062963,SRS ROOFING & SOLAR INC,Corporation,1271 WASHINGTON AVE #337,SAN LEANDRO,CA,94577,Alameda,(510) 600 2299,02/03/2020,02/29/2028,C-2 | C39 | C46 | D24,Workers' Compensation Insurance,NATIONAL CASUALTY COMPANY,01/01/2027,CSLBSearchData_163342171.xlsx,"""SRS ROOFING & SOLAR INC"" ""SAN LEANDRO"" California solar contractor official website",buildzoom.com,https://www.buildzoom.com/contractor/srs-roofing-solar-inc,Srs Roofing & Solar | California | Read Reviews + Get a Bid | BuildZoom,"Srs Roofing & Solar Inc in San Leandro, CA | Photos | Reviews | Based in San Leandro, ranks in the top 27% of licensed contractors in California.",candidate_found,
984910,STATEN SOLAR CORPORATION,Corporation,175 NORTECH PKWY,SAN JOSE,CA,95134,Santa Clara,(408) 780 2889,06/29/2013,06/30/2027,A | B | C10 | C46,Workers' Compensation Insurance,STATE COMPENSATION INSURANCE FUND,09/13/2026,CSLBSearchData_163528025.xlsx,"""STATEN SOLAR CORPORATION"" ""SAN JOSE"" California solar contractor official website",govtribe.com,https://govtribe.com/vendors/staten-solar-corp-9nj41,Staten Solar Corporation,"Staten Solar Corporation. UEI D9NXU8Z3MX36. Overview · AI Insights · Details ... 175 Nortech Pkwy, San Jose, CA 95134, USA. A Portfolio Platform of GovExec ...",candidate_found,
769804,STEED JOHN HOMES,Sole Owner,"16252 CONSTRUCTION CIR EAST,STE C",IRVINE,CA,92606,Orange,(949) 697 5652,10/06/1999,10/31/2027,ASB | B | C-5 | C-6 | C-7 | C-8 | C-9 | C10 | C20 | C36 | C46 | C54,Workers' Compensation Insurance,BENCHMARK INSURANCE COMPANY,11/15/2026,CSLBSearchData_163444973.xlsx,"""STEED JOHN HOMES"" ""IRVINE"" California solar contractor official website",,,,,no_official_domain_candidate,
975678,STJ ENERGY,Sole Owner,11344 COLOMA RD STE 542,GOLD RIVER,CA,95670,Sacramento,(916) 335 5678,08/08/2012,10/31/2027,C20 | C38 | C46,Workers' Compensation Insurance,STATE COMPENSATION INSURANCE FUND,07/01/2027,CSLBSearchData_163505900.xlsx,"""STJ ENERGY"" ""GOLD RIVER"" California solar contractor official website",romeri.co,https://romeri.co/ca/stj-energy-cslb-975678,"STJ Energy – CSLB #975678 License, Bond & Classifications ...","STJ Energy (CSLB #975678), Gold River, CA — license, classification, and bond status from the California CSLB public record.",candidate_found,
1131980,STRAIGHT LINE ROOFING & CONSTRUCTION LLC,Limited Liability,3811 DIVIDEND DR STE A,SHINGLE SPRINGS,CA,95682,El Dorado,(530) 672 9995,01/22/2025,01/31/2027,B | C-2 | C-5 | C17 | C33 | C39 | C43 | C46 | C47 | D24 | D39 | D41 | D63 | D65,Workers' Compensation Insurance,NATIONAL CASUALTY COMPANY,10/01/2026,CSLBSearchData_163342171.xlsx,"""STRAIGHT LINE ROOFING & CONSTRUCTION LLC"" ""SHINGLE SPRINGS"" California solar contractor official website",eldoradocounty.ca.gov,https://www.eldoradocounty.ca.gov/files/assets/county/v/1/documents/land-use/permit-activity-reports/2026/2.2-to-2.8.xlsx,Worksheet1,"SHINGLE SPRINGS. 7, 0389823, ONLINE RESIDENTIAL SOLAR, ONLINE RES ROOF MOUNT ... STRAIGHT LINE ROOFING & CONSTRUCTION LLC, 4481 CANTINA LN, 104250014, PILOT ...",candidate_found,
939095,SULPIZIO STUART,Sole Owner,8512 BRIER DR,LOS ANGELES,CA,90046,Los Angeles,(818) 216 3613,10/22/2009,10/31/2027,B | C10 | C20 | C46,Workers' Compensation Insurance,PIE INSURANCE COMPANY (THE),12/06/2026,CSLBSearchData_163412289.xlsx,"""SULPIZIO STUART"" ""LOS ANGELES"" California solar contractor official website",statecreds.com,https://www.statecreds.com/license/ca/hvac/sulpizio-stuart-939095,Sulpizio Stuart — Licensed HVAC Contractor in California | StateCreds,"Sulpizio Stuart shows up in California state licensing records as a hvac contractor professional working out of Los Angeles, CA, license #939095.",candidate_found,
597784,SUN AMERICA SOLAR & CONSTRUCTION CO,Sole Owner,170 GREVEILLIA DR,PETALUMA,CA,94952,Sonoma,(707) 364 5915,07/06/1990,03/31/2028,B | C39 | C46,Workers' Compensation Insurance,STATE COMPENSATION INSURANCE FUND,01/22/2027,CSLBSearchData_163528025.xlsx,"""SUN AMERICA SOLAR & CONSTRUCTION CO"" ""PETALUMA"" California solar contractor official website",buildzoom.com,https://www.buildzoom.com/contractor/sun-america-solar-construction-co,Sun America Solar & Construction Co | CA | Get a Bid,"Sun America Solar & Construction Co, 170 Grevillia Dr, Petaluma, CA (Employee: Mark Paul Kirchen) holds a General Building, Solar license according to the ...",candidate_found,
1074301,SUN DOLLAR SOLAR,Corporation,1440 BEAUMONT AVE #A2-345,BEAUMONT,CA,92223,Riverside,(951) 456 2016,03/26/2021,03/31/2027,B | C10 | C46,Workers' Compensation Insurance,STARSTONE NATIONAL INSURANCE COMPANY,02/03/2027,CSLBSearchData_163505900.xlsx,"""SUN DOLLAR SOLAR"" ""BEAUMONT"" California solar contractor official website",sundollarsolar.com,https://www.sundollarsolar.com/residential,General 1 — Your Site Title - sundollarsolar.com,"... solar installation this is the company ... I highly recommend Sun Dollar Solar for anyone interested in adding solar. Thank you again Jason!” Jason, Beaumont, CA.",candidate_found,
669250,SUN FIRST! INC,Corporation,136 MITCHELL BLVD,SAN RAFAEL,CA,94903,Marin,(415) 458 5870,04/14/1993,08/31/2027,B | C46,Workers' Compensation Insurance,CYPRESS INSURANCE COMPANY,10/01/2026,CSLBSearchData_163444973.xlsx,"""SUN FIRST! INC"" ""SAN RAFAEL"" California solar contractor official website",zerofi.ai,https://www.zerofi.ai/pro/sun-first-inc-san-rafael-ca-cc6d0a1f-57b3-4383-a82d-5722b6c46eab,"Sun First! Inc - Solar installer in San Rafael, CA | ZeroFi","Sun First! Inc is a state-licensed solar installer serving San Rafael, CA and nearby communities. Their license is verified active on the CA contractor registry ...",candidate_found,
326203,SUN LIGHT & POWER,Corporation,1035 FOLGER AVE,BERKELEY,CA,94710,Alameda,(510) 845 2997,10/12/1976,07/31/2027,B | C10 | C46,Workers' Compensation Insurance,ZURICH AMERICAN INSURANCE COMPANY,10/01/2026,CSLBSearchData_163342171.xlsx,"""SUN LIGHT & POWER"" ""BERKELEY"" California solar contractor official website",sunlightandpower.com,https://www.sunlightandpower.com/,"Sun Light & Power - Solar Energy Contractor | Berkeley, CA","Sun Light & Power is the premier solar and battery storage contractor in the ... Berkeley, CA 94710. 510.845.2997 · Facebook · Linkedin · Instagram.",candidate_found,
1131368,SUN LIGHT & POWER SOLUTIONS,Corporation,1035 FOLGER AVE,BERKELEY,CA,94710,Alameda,(510) 845 2997,01/07/2025,01/31/2027,B | C46,Workers' Compensation Insurance,ZURICH AMERICAN INSURANCE COMPANY,10/01/2026,CSLBSearchData_163342171.xlsx,"""SUN LIGHT & POWER SOLUTIONS"" ""BERKELEY"" California solar contractor official website",,,,,no_official_domain_candidate,
952018,SUN MARSHALL SOLAR SERVICES,Sole Owner,1200 CRONIN DR,VALLEJO,CA,94589,Solano,(707) 319 5705,09/07/2010,09/30/2026,C46,Workers' Compensation Insurance,STATE COMPENSATION INSURANCE FUND,04/26/2027,CSLBSearchData_163528025.xlsx,"""SUN MARSHALL SOLAR SERVICES"" ""VALLEJO"" California solar contractor official website",contracosta.ca.gov,https://www.contracosta.ca.gov/Archive.aspx?ADID=6651,Building Permits Issued,"Contractor. SUN MARSHALL SOLAR SERVICES. P O BOX 6453 VALLEJO, CA 94591. NUMBER. TYPE. STATUS. ISSUED. VALUATION. DESCRIPTION. SQ FT. PARCEL.",candidate_found,
990449,SUN METRICS,Sole Owner,430 D STREET,DAVIS,CA,95616,Yolo,(530) 564 5383,02/07/2014,02/29/2028,C46,Workers' Compensation Insurance,STATE COMPENSATION INSURANCE FUND,02/05/2027,CSLBSearchData_163547774.xlsx,"""SUN METRICS"" ""DAVIS"" California solar contractor official website",sunmetrics.com,https://www.sunmetrics.com/,Sun Metrics,"Welcome to Sun Metrics. Your premiere advanced certified dealer for ... Our main office is based in Davis, California and we service the Sacramento ...",candidate_found,
759837,SUN POWER CONSTRUCTION INC,Corporation,P O BOX 101,TRUCKEE,CA,96160,Nevada,(530) 848 4027,03/02/1999,12/31/2027,C-4 | C46,Workers' Compensation Insurance,STATE COMPENSATION INSURANCE FUND,10/04/2026,CSLBSearchData_163444973.xlsx,"""SUN POWER CONSTRUCTION INC"" ""TRUCKEE"" California solar contractor official website",sunpowerconstruction.com,https://sunpowerconstruction.com/,Hot Water Heating & Solar | Sun Power Construction - Lake ...,"Truckee California. Sun Power Construction, Inc. P.O. Box # 101. Truckee, CA 96160 (530) 848-4027 kevin@sunpowerconstruction.com. License #759837 • C-4 Boiler",candidate_found,
655330,SUN POWERED SOLUTIONS INC,Corporation,2111 SWEETBRIER ST,PALMDALE,CA,93550,Los Angeles,(661) 274 8400,09/29/1992,08/31/2028,C20 | C46,Workers' Compensation Insurance,STATE COMPENSATION INSURANCE FUND,11/04/2026,CSLBSearchData_163412289.xlsx,"""SUN POWERED SOLUTIONS INC"" ""PALMDALE"" California solar contractor official website",palmdaleca.edefeed.com,https://palmdaleca.edefeed.com/biz/energy-conservation-products-services/,Energy Conservation Products & Services in Palmdale CA,"Sun Powered Solutions Inc. Energy Conservation Products & Services, Air Conditioning Service & Repair, Heating Contractors & Specialties. 1817 E Avenue Q Ste C- ...",candidate_found,
1055560,SUN SOLAR ENERGY SOLUTIONS,Corporation,12625 JOMANI DR STE 101,BAKERSFIELD,CA,93312,Kern,(661) 379 7000,07/05/2019,07/31/2027,C46,Workers' Compensation Insurance,CYPRESS INSURANCE COMPANY,05/01/2027,CSLBSearchData_163412289.xlsx,"""SUN SOLAR ENERGY SOLUTIONS"" ""BAKERSFIELD"" California solar contractor official website",solarpowerworldonline.com,https://www.solarpowerworldonline.com/suppliers/sun-solar-energy-solutions/,Sun Solar Energy Solutions,"Sun Solar Energy Solutions. Sun Solar Energy Solutions. Bakersfield, CA Year Founded: 2008 sunsolarpros.com. Total Kilowatts Installed Since Founded: 43.",candidate_found,
1065395,SUN SOLAR ENERGY SOLUTIONS,Corporation,12625 JOMANI DR,BAKERSFIELD,CA,93312,Kern,(661) 379 7000,04/21/2020,04/30/2028,C10 | C46,Workers' Compensation Insurance,CYPRESS INSURANCE COMPANY,05/01/2027,CSLBSearchData_163412289.xlsx,"""SUN SOLAR ENERGY SOLUTIONS"" ""BAKERSFIELD"" California solar contractor official website",solarpowerworldonline.com,https://www.solarpowerworldonline.com/suppliers/sun-solar-energy-solutions/,Sun Solar Energy Solutions,"Sun Solar Energy Solutions. Sun Solar Energy Solutions. Bakersfield, CA Year Founded: 2008 sunsolarpros.com. Total Kilowatts Installed Since Founded: 43.",candidate_found,
989112,SUN-TRICITY SOLAR POWER,Sole Owner,660 EMERALD AVE,EL CAJON,CA,92020,San Diego,(619) 894 5042,12/14/2013,12/31/2027,C46,Workers' Compensation Insurance,STATE COMPENSATION INSURANCE FUND,11/26/2026,CSLBSearchData_163505900.xlsx,"""SUN-TRICITY SOLAR POWER"" ""EL CAJON"" California solar contractor official website",buildzoom.com,https://www.buildzoom.com/el-cajon-ca/solar-contractors,"Top 10 Solar Contractors in El Cajon, CA (with Photos) | BuildZoom","The 10 Best El Cajon, CA Solar Installers. Search for solar contractors or ... Sun Tricity Solar Power. BZ SCORE: 85. 4.0 Total projects. Notable project ...",candidate_found,
1154018,SUNBEAR ELECTRIC,Corporation,PO BOX 2231,WOODLAND,CA,95776,Yolo,(916) 798 2539,04/23/2026,04/30/2028,B | C10 | C46,Workers' Compensation Insurance,PIE INSURANCE COMPANY (THE),06/09/2027,CSLBSearchData_163547774.xlsx,"""SUNBEAR ELECTRIC"" ""WOODLAND"" California solar contractor official website",,,,,no_official_domain_candidate,
1078460,SUNBOLT SOLAR,Corporation,198 E 13TH ST,ARCATA,CA,95521,Humboldt,(831) 247 9555,07/20/2021,07/31/2027,C10 | C46,Workers' Compensation Insurance,STATE COMPENSATION INSURANCE FUND,08/03/2027,CSLBSearchData_163412289.xlsx,"""SUNBOLT SOLAR"" ""ARCATA"" California solar contractor official website",sunboltsolar.com,https://sunboltsolar.com/,Sunbolt Solar: Solar Panel Installation in Humboldt County,"Sunbolt Solar provides expert solar panel installation across Humboldt County including Arcata, Eureka, McKinleyville, and Fortuna.",candidate_found,
749795,SUNCHASER INC,Corporation,10316 CHASECREEK LANE,LAKESIDE,CA,92040,San Diego,(760) 315 4597,05/21/1998,08/31/2027,C46,Workers' Compensation Insurance,STATE COMPENSATION INSURANCE FUND,08/26/2027,CSLBSearchData_163505900.xlsx,"""SUNCHASER INC"" ""LAKESIDE"" California solar contractor official website",newswire.com,https://www.newswire.com/news/top-solar-pool-heater-dealers-and-salesmen-recognized-at-2820935,Top Solar Pool Heater Dealers and Salesmen Recognized ...,"Both the Top Ecosun Master Dealer and Salesman Award went to Brandon Chase, owner of SunChaser, Inc. in Lakeside, CA. Brandon has been an ...",candidate_found,
1015070,SUNDANCE SOLAR,Corporation,"3478 BUSKIRK AVE,SUITE #1000",PLEASANT HILL,CA,94523,Contra Costa,(707) 469 3870,06/10/2016,06/30/2028,C46,Workers' Compensation Insurance,STATE COMPENSATION INSURANCE FUND,08/08/2027,CSLBSearchData_163342171.xlsx,"""SUNDANCE SOLAR"" ""PLEASANT HILL"" California solar contractor official website",findenergy.com,https://findenergy.com/solar/sundance-solar-systems/,Sundance Solar: Reviews & Solar Pricing,"Based in Salinas, California, Sundance Solar is a reputable solar installers in the area. ... Pleasant Hill · Oildale CDP · Bell · Menlo Park ...",candidate_found,
1061794,SUNERGY INC,Corporation,20311 HERMANA CIR,LAKE FOREST,CA,92630,Orange,(949) 758 0429,12/30/2019,12/31/2027,C10 | C46,Workers' Compensation Insurance,STATE COMPENSATION INSURANCE FUND,06/13/2027,CSLBSearchData_163444973.xlsx,"""SUNERGY INC"" ""LAKE FOREST"" California solar contractor official website",reddit.com,https://www.reddit.com/r/solar/comments/1l399ji/is_sunergy_inc_southern_ca_a_reliable_company/,"Is Sunergy, Inc (southern CA) a reliable company? : r/solar",They are an enohase platinum installer. There are allot of different entities names Sunergy and I’m trying to parse out if i can trust this company. ...,candidate_found,
1021907,SUNKO SOLAR,Sole Owner,6322 S HARCOURT DR,LOS ANGELES,CA,90043,Los Angeles,(888) 997 8656,12/19/2016,12/31/2026,C46,Workers' Compensation Insurance,STATE COMPENSATION INSURANCE FUND,11/25/2026,CSLBSearchData_163412289.xlsx,"""SUNKO SOLAR"" ""LOS ANGELES"" California solar contractor official website",sunkosolar.com,https://sunkosolar.com/,"Sunko Solar – Solar design, installation & battery storage across ...",“Sunko Solar is a breath of fresh air. It is so hard to find trustworthy solar companies in Los Angeles… Marco was excellent to work with and is a man of ...,candidate_found,
997589,SUNLIGHT SOLAR INC,Corporation,1300 N JOHNSON AVE SUITE 104,EL CAJON,CA,92020,San Diego,(619) 784 6990,10/14/2014,10/31/2026,B | C10 | C17 | C39 | C46,Workers' Compensation Insurance,TECHNOLOGY INSURANCE COMPANY INC,08/13/2027,CSLBSearchData_163505900.xlsx,"""SUNLIGHT SOLAR INC"" ""EL CAJON"" California solar contractor official website",sunlightsolarinc.com,https://sunlightsolarinc.com/solar-panel-installation-in-el-cajon-ca-3/,"Solar Panel Installation in El Cajon, CA","Check out this solar panel installation project we worked on in El Cajon, CA. ... solar power through Sunlight Solar Inc was the solution they needed. ... Call us ...",candidate_found,
1063414,"SUNLOGIX AC, HEATING , & SOLAR",Corporation,77824 WILDCAT DRIVE,PALM DESERT,CA,92211,Riverside,(760) 844 6507,02/18/2020,02/29/2028,B | C20 | C46,Workers' Compensation Insurance,STATE COMPENSATION INSURANCE FUND,02/18/2027,CSLBSearchData_163505900.xlsx,"""SUNLOGIX AC, HEATING , & SOLAR"" ""PALM DESERT"" California solar contractor official website",americanstandardair.com,https://www.americanstandardair.com/dealers/sunlogix-ac-heating-solar-palm-desert-california-976626/,"Sunlogix AC, Heating, & Solar - HVAC Dealer in Palm ...","Sunlogix AC, Heating, & Solar is an HVAC dealer in Palm Desert, California. They will work with you to find the heating and cooling solutions best for your ...",candidate_found,
1039722,SUNMADE SMART ROOFING SOLAR & ELECTRIC,Corporation,4253 N VALENTINE AVE,FRESNO,CA,93722,Fresno,(559) 296 0040,05/23/2018,03/31/2027,C10 | C39 | C46,Workers' Compensation Insurance,STATE COMPENSATION INSURANCE FUND,04/30/2027,CSLBSearchData_163342171.xlsx,"""SUNMADE SMART ROOFING SOLAR & ELECTRIC"" ""FRESNO"" California solar contractor official website",gosunmade.com,https://gosunmade.com/website-sitemap/,Website Sitemap,"Fresno Solar Company · Merced Solar · Bakersfield Solar · Visalia Solar · Go Solar ... SunMade Smart Roofing, Solar & Electric Named One of the Best Roofing ...",candidate_found,
1076156,SUNNY CREEK SOLAR AND MAINTENANCE INC,Corporation,16789 GABLE DRIVE,ESPARTO,CA,95627,Yolo,(530) 650 9770,05/24/2021,01/31/2028,C10 | C46,Workers' Compensation Insurance,MIDWEST EMPLOYERS CASUALTY COMPANY,01/16/2027,CSLBSearchData_163547774.xlsx,"""SUNNY CREEK SOLAR AND MAINTENANCE INC"" ""ESPARTO"" California solar contractor official website",zerofi.ai,https://www.zerofi.ai/pro/sunny-creek-solar-and-maintenance-inc-esparto-ca-65b5d77a-5b7f-44d9-ad66-3f5567a26019,Sunny Creek Solar And Maintenance Inc - Electrician - ZeroFi,"Sunny Creek Solar And Maintenance Inc is a state-licensed electrician serving Esparto, CA and nearby communities. Their license is verified ...",candidate_found,
1042628,SUNNY SOLAR POWER INC,Corporation,"175 WEST LEXINGTON AVENUE,SUITE F",EL CAJON,CA,92020,San Diego,(619) 961 9116,08/02/2018,07/31/2027,B | C10 | C46,Workers' Compensation Insurance,STATE COMPENSATION INSURANCE FUND,04/23/2027,CSLBSearchData_163505900.xlsx,"""SUNNY SOLAR POWER INC"" ""EL CAJON"" California solar contractor official website",sunnysolarpower.com,https://www.sunnysolarpower.com/,Sunny Solar Power: The Best Solar Power Company in El Cajon,"CONTACT US. El Cajon, CA 92020. 24; 25. 26. Youtube Icon SSP. Let's Connect ... Sunny Solar Power, Inc. All Rights Reserved. | Privacy Policy · Call for a ...",candidate_found,
990589,SUNNYCAL SOLAR INCORPORATED,Corporation,6452 HOGAN DAM ROAD,VALLEY SPRINGS,CA,95252,Calaveras,(209) 464 6100,02/13/2014,02/29/2028,B | C46,Workers' Compensation Insurance,MIDWEST EMPLOYERS CASUALTY COMPANY,02/08/2027,CSLBSearchData_163342171.xlsx,"""SUNNYCAL SOLAR INCORPORATED"" ""VALLEY SPRINGS"" California solar contractor official website",dnb.com,https://www.dnb.com/business-directory/company-profiles.sunnycal_solar_incorporated.11628fca00a3a7a298ab5d3ead4302b1.html,Sunnycal Solar Incorporated Company Profile | Valley Springs ...,... Contractors/United States/California/Valley Springs/Sunnycal Solar Incorporated ... Solar energy contractor ... Sunnycal Solar Incorporated's website is www.,candidate_found,
977486,SUNRISE ENERGY SOLUTIONS INC,Corporation,P O BOX 3070,GRANITE BAY,CA,95746,Placer,,10/02/2012,10/31/2026,B | C46,Workers' Compensation Insurance,EVEREST PREMIER INSURANCE COMPANY,12/11/2026,CSLBSearchData_163505900.xlsx,"""SUNRISE ENERGY SOLUTIONS INC"" ""GRANITE BAY"" California solar contractor official website",placer.ca.gov,https://www.placer.ca.gov/Archive/ViewFile/Item/982,BUILDING PERMITS ISSUED,"THE PARK@GRANITE BAY- WOODSIDE HOME -. LOT 19. Single Family < 3000 ... $13,240.00 SUNRISE ENERGY SOLUTIONS INC. BLD25-02347. 04/28/2025.",candidate_found,
913485,SUNRISE SOLAR,Corporation,3195 FITZGERALD ROAD,RANCHO CORDOVA,CA,95742,Sacramento,(916) 635 3000,04/04/2008,04/30/2028,B | C39 | C46,Workers' Compensation Insurance,AMERICAN ZURICH INSURANCE COMPANY,03/01/2027,CSLBSearchData_163505900.xlsx,"""SUNRISE SOLAR"" ""RANCHO CORDOVA"" California solar contractor official website",reviews.birdeye.com,https://reviews.birdeye.com/sunrise-solar-roofing-165934698962991,"Sunrise Solar Roofing - Contractors in Rancho Cordova, CA","Read 9 customer reviews of Sunrise Solar Roofing, one of the best Contractors businesses at 3195 Fitzgerald Rd, Rancho Cordova, CA 95742 United States.",candidate_found,
1031082,SUNRISE SOLAR,Corporation,40 MARIGOLD LANE,FORESTVILLE,CA,95436,Sonoma,(707) 584 6807,09/15/2017,09/30/2027,C46,Workers' Compensation Insurance,STATE COMPENSATION INSURANCE FUND,09/15/2026,CSLBSearchData_163528025.xlsx,"""SUNRISE SOLAR"" ""FORESTVILLE"" California solar contractor official website",consumeraffairs.com,https://www.consumeraffairs.com/solar-energy/sunrise-solar-company.html,Sunrise Solar Company Reviews,Want to go solar? Sunrise Solar Company offers residential and commercial solar panel design and installation throughout northern California.,candidate_found,
970886,SUNRIVER SOLAR INC,Corporation,11880 LAKESHORE SOUTH,AUBURN,CA,95602,Placer,(916) 759 9513,03/14/2012,03/31/2028,B | C39 | C46,Workers' Compensation Insurance,STATE COMPENSATION INSURANCE FUND,11/04/2026,CSLBSearchData_163505900.xlsx,"""SUNRIVER SOLAR INC"" ""AUBURN"" California solar contractor official website",sunriversolar.com,https://www.sunriversolar.com/terms-and-conditions/,Terms and Conditions - Solar Services in Northern CA,"Sunriver Solar Inc. 1605 Industrial Drive Auburn, CA 95603. United States. Phone: 833-321-7866. Fax: 833-321-7866 info@sunriversolar.com.",candidate_found,
1044501,SUNSHINE PACIFIC GROUP AMERICA INC,Corporation,4195 CHINO HILLS PKWY STE 97,CHINO HILLS,CA,91709,San Bernardino,(909) 806 6027,09/18/2018,09/30/2026,B | C15 | C20 | C46 | HAZ,Workers' Compensation Insurance,TECHNOLOGY INSURANCE COMPANY INC,05/15/2027,CSLBSearchData_163505900.xlsx,"""SUNSHINE PACIFIC GROUP AMERICA INC"" ""CHINO HILLS"" California solar contractor official website",buildzoom.com,https://www.buildzoom.com/contractor/sunshine-pacific-group-america-inc,Sunshine Pacific Group America | Chino Hills CA | Get a Bid | BuildZoom,"Sunshine Pacific Group America Inc, 4195 Chino Hills Pkwy, Chino Hills, CA ... Sunshine Pacific Group America Inc mostly works on solar installation projects.",candidate_found,
961108,SUNSTALL INC,Corporation,"384 BEL MARIN KEYS BLVD STE,230",NOVATO,CA,94949,Marin,(415) 707 0305,05/17/2011,05/31/2027,B | C10 | C46,Workers' Compensation Insurance,FLORISTS MUTUAL INSURANCE COMPANY,08/15/2027,CSLBSearchData_163444973.xlsx,"""SUNSTALL INC"" ""NOVATO"" California solar contractor official website",sunstall.com,https://sunstall.com/,Sunstall - the solar Installation company,"Site Map · Contact. Sunstall Inc. 384 Bel Marin Keys Blvd, Suite 230, Novato, CA 94949 USA. Telephone: (415) 707-0305. Fax: (415) 707-0301. E-mail: info@ ...",candidate_found,
338647,SUNTEGRITY SOLAR,Corporation,122 CALISTOGA RD # 574,SANTA ROSA,CA,95409,Sonoma,(707) 623 1464,07/01/1977,07/31/2028,B | C10 | C46,Workers' Compensation Insurance,STATE COMPENSATION INSURANCE FUND,10/01/2026,CSLBSearchData_163528025.xlsx,"""SUNTEGRITY SOLAR"" ""SANTA ROSA"" California solar contractor official website",suntegritysolar.com,https://suntegritysolar.com/,"Suntegrity Solar | #1 Solar Company in Sonoma County, CA","© Suntegrity Solar, Santa Rosa. All rights reserved. | 707-623-1464 | info@suntegritysolar.com | New Paradigm web design Santa Rosa · Privacy ...",candidate_found,
940158,SUNTERRA CONSTRUCTION GROUP,Corporation,1120 JOSHUA WAY,VISTA,CA,92081,San Diego,(858) 630 8300,11/17/2009,11/30/2027,B | C10 | C46,Workers' Compensation Insurance,STATE COMPENSATION INSURANCE FUND,04/13/2027,CSLBSearchData_163505900.xlsx,"""SUNTERRA CONSTRUCTION GROUP"" ""VISTA"" California solar contractor official website",,,,,no_official_domain_candidate,
859460,SUNTREK INDUSTRIES INC,Corporation,5 HOLLAND BLDG 215,IRVINE,CA,92618,Orange,(949) 348 9276,05/25/2005,05/31/2027,C10 | C46,Workers' Compensation Insurance,MIDWEST EMPLOYERS CASUALTY COMPANY,09/01/2026,CSLBSearchData_163444973.xlsx,"""SUNTREK INDUSTRIES INC"" ""IRVINE"" California solar contractor official website",suntreksolar.com,https://www.suntreksolar.com/wp-content/uploads/2022/01/Statement-of-Qualifications-1_20_22s.pdf,Statement of Qualifications,"Suntrek Industries, Inc. enjoys a strong reputation in the solar energy ... Brookfield Homes, The Irvine Company, McCaffrey Homes, Blue Heron Homes,.",candidate_found,
369267,SUNTRICITY INC,Corporation,81776 CONTENTO STREET,LA QUINTA,CA,92253,Riverside,(310) 459 7062,02/07/1979,01/31/2028,B | C10 | C46,Workers' Compensation Insurance,EMPLOYERS PREFERRED INSURANCE COMPANY,09/30/2026,CSLBSearchData_163505900.xlsx,"""SUNTRICITY INC"" ""LA QUINTA"" California solar contractor official website",data.lacity.org,https://data.lacity.org/api/views/khck-ifxu/rows.csv?accessType=DOWNLOAD,https://data.lacity.org/api/views/khck-ifxu/rows.c...,"... LA QUINTA,YORBA LINDA,CA,C10,633319,JOHN,EDWARD,PATISON,02/29/2016,JANE ... SUNTRICITY INC,1817 MICHAEL LANE,PACIFIC PALISADES,CA,C10,369267,MICHAEL ...",candidate_found,
1058411,SUNVAULT,Corporation,33360 SANDPIPER PL,FREMONT,CA,94555,Alameda,(240) 515 5671,09/23/2019,09/30/2027,C46,Workers' Compensation Insurance,STATE COMPENSATION INSURANCE FUND,12/01/2026,CSLBSearchData_163342171.xlsx,"""SUNVAULT"" ""FREMONT"" California solar contractor official website",sunvaultsolar.com,https://sunvaultsolar.com/,Home - Solar Company - Sunvault,"SunvaultSunvault Solar Close. Home · Company · Services; Book Now ... Fremont, CA 94555. 510-399-3632 · contact@sunvaultsolar.com. Get Fresh ...",candidate_found,
1116133,SUNWISE SOLAR SOLUTIONS,Limited Liability,140 TOWNE TERRACE #3,LOS GATOS,CA,95032,Santa Clara,(408) 614 8713,02/06/2024,02/29/2028,C10 | C46,Workers' Compensation Insurance,STATE COMPENSATION INSURANCE FUND,01/15/2027,CSLBSearchData_163528025.xlsx,"""SUNWISE SOLAR SOLUTIONS"" ""LOS GATOS"" California solar contractor official website",solarnearme.us.com,https://solarnearme.us.com/solar-companies/california/lexington-hills/,"Top Solar Companies in Lexington Hills, CA","Sunwise Solar Solutions. 5.0 (8 reviews). location_on140 Towne Terrace, Los Gatos, CA 95032, United States. phone+1 408-755-6809.",candidate_found,
920732,SUNWORK RENEWABLE ENERGY PROJECTS,Corporation,505 WALKER DRIVE 13,MOUNTAIN VIEW,CA,94043,Santa Clara,(650) 520 9918,08/13/2008,08/31/2028,C36 | C46,Workers' Compensation Insurance,STATE COMPENSATION INSURANCE FUND,01/28/2027,CSLBSearchData_163528025.xlsx,"""SUNWORK RENEWABLE ENERGY PROJECTS"" ""MOUNTAIN VIEW"" California solar contractor official website",sunwork.org,https://sunwork.org/about/,About SunWork,He is also on the Board on Carbon Free Mountain View. Mike had an extensive ... © 2026 SunWork Renewable Energy Projects (SunWork) | All content ...,candidate_found,
1076925,SUPREME SOLAR & ELECTRIC,Limited Liability,4277 W RICHERT AVE #109,FRESNO,CA,93722,Fresno,(559) 940 0905,06/15/2021,06/30/2027,C10 | C46,Workers' Compensation Insurance,MIDWEST EMPLOYERS CASUALTY COMPANY,06/11/2027,CSLBSearchData_163342171.xlsx,"""SUPREME SOLAR & ELECTRIC"" ""FRESNO"" California solar contractor official website",supreme.solar,https://supreme.solar/,Supreme Solar & Electric: Top-Rated Residential Solar ...,Fresno & Palm Desert's Top Local Solar Company. Supreme Solar & Electric provides truly exceptional residential solar + battery solutions.,candidate_found,
1069368,SUTTON ROOFING,Sole Owner,43980 MAHLON VAIL RD 704,TEMECULA,CA,92592,Riverside,(951) 313 9241,09/30/2020,09/30/2028,C39 | C46,Workers' Compensation Insurance,STATE COMPENSATION INSURANCE FUND,06/01/2027,CSLBSearchData_163505900.xlsx,"""SUTTON ROOFING"" ""TEMECULA"" California solar contractor official website",suttonroofingandsolar-ca.com,https://suttonroofingandsolar-ca.com/,"Roof Installation & Repair in Temecula, CA | Sutton Roofing ...","Sutton Roofing and Solar provides professional roof installation, roof repair, and roof replacement in Temecula, CA. Licensed experts. Call today for a free ...",candidate_found,
1005845,SWG ENERGY INC,Corporation,7040 AVENIDA ENCINAS #104-648,CARLSBAD,CA,92011,San Diego,(214) 870 4332,07/24/2015,07/31/2027,C46,Workers' Compensation Insurance,STATE COMPENSATION INSURANCE FUND,04/03/2027,CSLBSearchData_163505900.xlsx,"""SWG ENERGY INC"" ""CARLSBAD"" California solar contractor official website",commercialenergystoragesolutions.com,https://www.commercialenergystoragesolutions.com/,SWG Energy Storage: HOME,"SWG Solar Energy. 7040 Avenida Encinas #104-648. Carlsbad, CA 92011. CSLB ... © 2020 SWG Energy, Inc. - SWG Solar Energy. Facebook - Grey Circle · LinkedIn ...",candidate_found,
717212,SWIFT CERTIFIED MECHANICAL,Sole Owner,4425-C TREAT BLVD #336,CONCORD,CA,94521,Contra Costa,(925) 827 5561,01/09/1996,03/31/2028,C20 | C36 | C38 | C46,Workers' Compensation Insurance,STATE COMPENSATION INSURANCE FUND,08/01/2027,CSLBSearchData_163342171.xlsx,"""SWIFT CERTIFIED MECHANICAL"" ""CONCORD"" California solar contractor official website",statecreds.com,https://www.statecreds.com/license/ca/plumber/swift-certified-mechanical-717212,Swift Certified Mechanical — Licensed Plumbing Contractor in ...,"Swift Certified Mechanical practices as a plumbing contractor in Concord, CA on California license #717212. It's the same data a permit office would check.",candidate_found,
933858,SWSG INC,Corporation,1217 OWOSSO AVE,HERMOSA BEACH,CA,90254,Los Angeles,(517) 490 6184,06/11/2009,02/29/2028,B | C46,Workers' Compensation Insurance,STATE COMPENSATION INSURANCE FUND,09/18/2027,CSLBSearchData_163412289.xlsx,"""SWSG INC"" ""HERMOSA BEACH"" California solar contractor official website",zerofi.ai,https://www.zerofi.ai/pro/swsg-inc-hermosa-beach-ca-d1f67b6d-b611-4760-b601-55f5bb7bdca9,"Swsg Inc - Solar installer in Hermosa Beach, CA | ZeroFi","Swsg Inc is a licensed solar installer in Hermosa Beach, CA. License #933858, (517) 490 6184 1217 Owosso Ave, Hermosa Beach, CA … handle solar ...",candidate_found,
1107653,SYMMETRIC SOLAR ENERGY,Corporation,3020 BRIDGEWAY 325,SAUSALITO,CA,94965,Marin,(415) 257 3060,07/25/2023,07/31/2027,C46,Workers' Compensation Insurance,STATE COMPENSATION INSURANCE FUND,10/18/2026,CSLBSearchData_163444973.xlsx,"""SYMMETRIC SOLAR ENERGY"" ""SAUSALITO"" California solar contractor official website",homversa.com,https://homversa.com/biz/symmetric-solar-energy,"Symmetric Solar Energy - License-Verified in Sausalito, CA","Symmetric Solar Energy is a Sausalito, California restoration company holding CSLB license #1107653, verified against state records, licensed ...",candidate_found,
1109123,SYNERGY 768 ELECTRIC LLC,Limited Liability,9000 BRENTWOOD BLVD SUITE A,BRENTWOOD,CA,94513,Contra Costa,(925) 308 9177,08/22/2023,08/31/2027,B | C10 | C46,Workers' Compensation Insurance,SECURITY NATIONAL INSURANCE COMPANY,06/23/2027,CSLBSearchData_163342171.xlsx,"""SYNERGY 768 ELECTRIC LLC"" ""BRENTWOOD"" California solar contractor official website",cityby.net,https://www.cityby.net/brentwood/electrical?page=3,Brentwood Electrical - Find & Compare Electrical Professionals in ...,"(925) 240 6024. Synergy 768 Electric Llc. Brentwood, California, 94513, United States. View Listing · Send Message.",candidate_found,
994847,SYNERGY 768 INC,Corporation,9000 BRENTWOOD BLVD STE A,BRENTWOOD,CA,94513,Contra Costa,(925) 308 9177,07/19/2014,07/31/2028,B | C10 | C46,Workers' Compensation Insurance,CAROLINA CASUALTY INSURANCE COMPANY,08/18/2026,CSLBSearchData_163342171.xlsx,"""SYNERGY 768 INC"" ""BRENTWOOD"" California solar contractor official website",synergy768.com,https://synergy768.com/terms-and-conditions/,Terms and Conditions | Synergy 768 | Solar Installation,"... Synergy 768, Inc (“Company”), is dated the later of (i) May 25 ... Brentwood, CA 94513. Phone: 925-308-9177. Email: contact@synergy768 ...",candidate_found,
835016,SYNERGY COMPANIES,Corporation,5141 MAPLEWOOD CIR,OCEANSIDE,CA,92056,San Diego,(951) 259 8800,03/29/2004,03/31/2028,ASB | B | C-2 | C10 | C17 | C20 | C36 | C46,Workers' Compensation Insurance,ZURICH AMERICAN INSURANCE COMPANY,04/01/2027,CSLBSearchData_163505900.xlsx,"""SYNERGY COMPANIES"" ""OCEANSIDE"" California solar contractor official website",sanclemente.gov,https://www.sanclemente.gov/Archive.aspx?ADID=170,"[PDF] SC Permits Issued for PUBLIC INFORMATION - San Clemente, CA",SYNERGY COMPANIES. SYNERGY COMPANIES. $0.00. 5141 MAPLEWOOD CIR. 5141 MAPLEWOOD CIR. OCEANSIDE CA 92056 ... CONSULTANTS INC DBA CA SOLAR. GROUP.,candidate_found,
945168,SYNERGY EE INC,Corporation,P O BOX 130955,CARLSBAD,CA,92013,San Diego,(510) 754 3687,04/05/2010,04/30/2028,ASB | B | C-2 | C10 | C17 | C20 | C22 | C36 | C46,Workers' Compensation Insurance,STATE COMPENSATION INSURANCE FUND,01/08/2027,CSLBSearchData_163505900.xlsx,"""SYNERGY EE INC"" ""CARLSBAD"" California solar contractor official website",homesonspec.com,https://homesonspec.com/homes/cms41weu8043adzp0keuitbpj,HomesOnSpec — Every new home. Every builder. One search.,Active California-licensed subcontractors near Carlsbad ... A P P SOLAR. CARLSBAD · San Diego. CLEAR. Lic ... SYNERGY EE INC. CARLSBAD · San Diego. CLEAR. Lic ...,candidate_found,
913951,SYNERGY SOLAR & ELECTRICAL SYSTEMS INC,Corporation,708 HWY 116 N #134,SEBASTOPOL,CA,95472,Sonoma,(707) 823 8003,04/14/2008,04/30/2028,C10 | C46,Workers' Compensation Insurance,STATE COMPENSATION INSURANCE FUND,07/01/2027,CSLBSearchData_163528025.xlsx,"""SYNERGY SOLAR & ELECTRICAL SYSTEMS INC"" ""SEBASTOPOL"" California solar contractor official website",synsolar.com,https://synsolar.com/about-us/,About Synergy Solar | Licensed C-10 Electricians & ...,"Synergy Solar & Electrical Systems, Inc. complies with all OSHA ... 101 Morris Street Suite 202 Sebastopol, CA 95472. Copyright © 2026 Synergy ...",candidate_found,
793124,T & K CONSTRUCTION,Corporation,17660 NEW HOPE STREET B,FOUNTAIN VALLEY,CA,92708,Orange,(714) 697 9627,03/29/2001,03/31/2027,B | C10 | C15 | C39 | C46,Workers' Compensation Insurance,STATE COMPENSATION INSURANCE FUND,10/01/2026,CSLBSearchData_163444973.xlsx,"""T & K CONSTRUCTION"" ""FOUNTAIN VALLEY"" California solar contractor official website",tkconstructionco.com,https://tkconstructionco.com/contact/,Contact - TK Construction,"If we are out of the office or out on a job, we will get back to you as soon as possible. T & K Construction 17660 Newhope St., Ste B Fountain Valley, CA 92708",candidate_found,
664428,T MARSHALL ELECTRIC,Corporation,6533 SIERRA LANE,DUBLIN,CA,94568,Alameda,(925) 734 9999,02/09/1993,02/28/2027,C10 | C46,Workers' Compensation Insurance,EVEREST PREMIER INSURANCE COMPANY,10/01/2026,CSLBSearchData_163342171.xlsx,"""T MARSHALL ELECTRIC"" ""DUBLIN"" California solar contractor official website",homesonspec.com,https://homesonspec.com/homes/cms5bdm7a04hadzvpx1qocoq9,HomesOnSpec — Every new home. Every builder. One search.,Active California-licensed subcontractors near Dublin ... T MARSHALL ASSOCIATES LTD DBA T MARSHALL ELECTRIC ... SIERRA ROOFING AND SOLAR INC. DUBLIN · Alameda.,candidate_found,
1081160,T-REX SOLAR INC,Corporation,10360 CAREY DR,GRASS VALLEY,CA,95945,Nevada,(530) 838 5358,09/14/2021,09/30/2027,C46,Workers' Compensation Insurance,PIE INSURANCE COMPANY (THE),12/01/2026,CSLBSearchData_163444973.xlsx,"""T-REX SOLAR INC"" ""GRASS VALLEY"" California solar contractor official website",buildzoom.com,https://www.buildzoom.com/grass-valley-ca/solar-contractors,"Top 10 Solar Contractors in Grass Valley, CA (with Photos) - BuildZoom","The 10 Best Grass Valley, CA Solar Installers. Search for solar contractors ... 202562 get quote. T Rex Solar Inc. BZ SCORE: 98. 5.0 Total projects. get quote.",candidate_found,
1105231,TAHOE SOLAR INC,Corporation,1251 MT SHASTA CIRCLE,SOUTH LAKE TAHOE,CA,96150,El Dorado,(530) 318 0729,05/24/2023,05/31/2027,C10 | C46,Workers' Compensation Insurance,EVEREST NATIONAL INSURANCE COMPANY,07/15/2027,CSLBSearchData_163342171.xlsx,"""TAHOE SOLAR INC"" ""SOUTH LAKE TAHOE"" California solar contractor official website",eldoradocounty.ca.gov,https://www.eldoradocounty.ca.gov/files/assets/county/v/1/documents/land-use/permit-activity-reports/2024/8-12-to-8-18.pdf,PERMIT_NO PERMITTYPE PERMITSUBTYPE STATUS ...,SOUTH LAKE TAHOE. 0377311. ONLINE RESIDENTIAL. SOLAR. ONLINE ... TAHOE SOLAR INC. 08/15/2024. 2161 MARSHALL TRL. 025833009. SOUTH LAKE ...,candidate_found,
975545,TAYLOR ENERGY SYSTEMS INC,Corporation,7171 EVAN AVENUE,SEBASTOPOL,CA,95472,Sonoma,(707) 494 6053,08/03/2012,08/31/2028,C10 | C46,Workers' Compensation Insurance,STATE COMPENSATION INSURANCE FUND,08/27/2027,CSLBSearchData_163528025.xlsx,"""TAYLOR ENERGY SYSTEMS INC"" ""SEBASTOPOL"" California solar contractor official website",taylor-energy.com,https://www.taylor-energy.com/testimonials,"Customer Testimonials | Taylor Energy | Sonoma County, CA","We recently completed a home solar project with Taylor Energy Systems, Inc. ... Sebastopol, CA 95472. Office Number: (707) 760-0488. E-mail: info@taylor ...",candidate_found,
836664,TECHNION CONTRACTORS T C I INC,Corporation,7618 JELLICO AVENUE,NORTHRIDGE,CA,91325,Los Angeles,(818) 345 0540,04/22/2004,04/30/2028,A | B | C-7 | C10 | C46 | D34,Workers' Compensation Insurance,INSURANCE COMPANY OF THE WEST,04/01/2027,CSLBSearchData_163412289.xlsx,"""TECHNION CONTRACTORS T C I INC"" ""NORTHRIDGE"" California solar contractor official website",search.certifications.sba.gov,https://search.certifications.sba.gov/profile/DR26ZGYENVD3/8GY25,"TECHNION CONTRACTORS TCI, INC. | SBA Small Business Search","An official website of the United States government ... TECHNION CONTRACTORS TCI, INC. June 4, 2026 5:00 ... Address. 7618 JELLICO AVE, NORTHRIDGE, CALIFORNIA 91325 ...",candidate_found,
1051985,TEICHERT SOLAR,Corporation,PO BOX 255767,SACRAMENTO,CA,95865,Sacramento,(916) 484 3011,04/04/2019,04/30/2027,A | B | C10 | C31 | C46 | HAZ,Workers' Compensation Insurance,TRAVELERS PROPERTY CASUALTY COMPANY OF AMERICA,03/31/2027,CSLBSearchData_163505900.xlsx,"""TEICHERT SOLAR"" ""SACRAMENTO"" California solar contractor official website",teichert.com,https://teichert.com/company/,Company - Teichert,"Teichert Solar #1051985. Triangle Land Restoration #1019754. Teichert Corporate Office. 3500 American River Drive Sacramento, CA 95864 916-484-3011. Build.",candidate_found,
1092568,TENCO SOLAR INC,Corporation,8141 E KAISER AVE SUITE 106,ANAHEIM,CA,92808,Orange,(888) 507 6937,06/09/2022,06/30/2028,C10 | C46,Workers' Compensation Insurance,STATE COMPENSATION INSURANCE FUND,05/05/2027,CSLBSearchData_163444973.xlsx,"""TENCO SOLAR INC"" ""ANAHEIM"" California solar contractor official website",tencosolar.net,https://www.tencosolar.net/solar-resources/2026-top-solar-contractor,Best Solar Contractor's (2026),"TENCO SOLAR INC. Rob Lynn, CMO. Rob[at]tencosolar.net. ‍. Solar Power ... Kaiser Blvd, Suite 106, Anaheim, CA 92808. Riverside Office: 1655 ...",candidate_found,
909722,TERRAMAR POOL CONSTRUCTION,Sole Owner,993 SOUTH SANTA FE AVE #263,VISTA,CA,92083,San Diego,(760) 685 5989,01/29/2008,01/31/2028,C36 | C46 | C53,Workers' Compensation Insurance,SECURITY NATIONAL INSURANCE COMPANY,05/09/2027,CSLBSearchData_163505900.xlsx,"""TERRAMAR POOL CONSTRUCTION"" ""VISTA"" California solar contractor official website",etrakit9.san-marcos.net,https://etrakit9.san-marcos.net/etrakit/dashboard.aspx,eTRAKiT - IIS Windows Server - City of San Marcos,"CHULA VISTA ALARM INC, CHULA VISTA ELECTRIC, CHUTE SYSTEMS LLC, CID'S ... TERRAMAR POOL CONSTRUCTION, TERRAQUA INC, TERRY GUERRA ELECTRICAL & NEON SIGNS ...",candidate_found,
1151024,TERRASUN ENERGY SERVICES LLC,Limited Liability,3563 LANDCO DR STE A,BAKERSFIELD,CA,93308,Kern,(512) 401 5084,02/25/2026,02/29/2028,C46,Workers' Compensation Insurance,STATE COMPENSATION INSURANCE FUND,08/09/2027,CSLBSearchData_163412289.xlsx,"""TERRASUN ENERGY SERVICES LLC"" ""BAKERSFIELD"" California solar contractor official website",,,,,no_official_domain_candidate,
888104,TESLA ENERGY OPERATIONS INC,Corporation,901 PAGE AVE,FREMONT,CA,94538,Alameda,(844) 837 5201,12/07/2006,12/31/2026,B | C10 | C39 | C46,Workers' Compensation Insurance,ZURICH AMERICAN INSURANCE COMPANY,10/31/2026,CSLBSearchData_163342171.xlsx,"""TESLA ENERGY OPERATIONS INC"" ""FREMONT"" California solar contractor official website",en.wikipedia.org,https://en.wikipedia.org/wiki/Tesla_Energy,Tesla Energy,"Tesla Energy Operations, Inc. is the ... Five hundred pilot units were built at the Tesla Fremont Factory in California and installed during 2015.",candidate_found,
790691,"THE CREST CONSTRUCTION COMPANY, INC",Corporation,P O BOX 231172,ENCINITAS,CA,92023,San Diego,(760) 889 0382,01/30/2001,04/30/2028,B | C46 | C53,Workers' Compensation Insurance,BENCHMARK INSURANCE COMPANY,02/26/2027,CSLBSearchData_163505900.xlsx,"""THE CREST CONSTRUCTION COMPANY, INC"" ""ENCINITAS"" California solar contractor official website",solab-trk.aspgov.com,https://solab-trk.aspgov.com/eTRAKiT/License2Application/license2AppStep1.aspx,Public Login - eTRAKiT,"Encinitas Glass Co Inc, Energy Service Partners, EngCore Consulting Inc ... THE CREST CONSTRUCTION COMPANY, INC, The Dependable Group Inc DBA Dependable ...",candidate_found,
1131926,THE SOLAR TECH CORP,Corporation,1404 W COMMONWEALTH AVE,FULLERTON,CA,92833,Orange,(562) 607 3256,01/21/2025,01/31/2027,C10 | C46,Workers' Compensation Insurance,CONTINENTAL CASUALTY COMPANY,05/22/2027,CSLBSearchData_163444973.xlsx,"""THE SOLAR TECH CORP"" ""FULLERTON"" California solar contractor official website",secure.cityofirvine.org,https://secure.cityofirvine.org/WebSearch/?webReportGridChangePage=367_50,Businesses Licensed Or In-Process By The City of Irvine,"THE SOLAR TECH CORP. 1404 W COMMONWEALTH AVE, FULLERTON, CA 92833-2726, Construction, 238210, CONTRACTOR - ELECTRICAL, RICARDO QUINTERO, 1, (562)607-3256 ...",candidate_found,
469936,THE STANLEY LOUIS COMPANY,Corporation,2230 AMAPOLA CT SUITE 6,TORRANCE,CA,90501,Los Angeles,(310) 412 0332,02/25/1985,01/31/2027,C-4 | C36 | C46,Workers' Compensation Insurance,WESCO INSURANCE COMPANY,01/01/2027,CSLBSearchData_163412289.xlsx,"""THE STANLEY LOUIS COMPANY"" ""TORRANCE"" California solar contractor official website",stanleylouis.com,https://www.stanleylouis.com/,"The Stanley Louis Company: Boiler, Water Heater & Solar ...","The Stanley Louis Company is a full-service hot water equipment repair ... Torrance , CA , 90501 USA. 800-217-6527. MENU · Home · About ▾ · Careers · Commercial ...",candidate_found,
513115,"THE WHITE GLOVE GUYS, PLUMBING DRAINS HEATING AIR CONDITIONING",Corporation,4870 VIEWRIDGE AVE,SAN DIEGO,CA,92123,San Diego,(707) 243 2250,06/24/1987,06/30/2027,B | C10 | C20 | C36 | C46,Workers' Compensation Insurance,SAFETY NATIONAL CASUALTY CORPORATION,08/01/2027,CSLBSearchData_163505900.xlsx,"""THE WHITE GLOVE GUYS, PLUMBING DRAINS HEATING AIR CONDITIONING"" ""SAN DIEGO"" California solar contractor official website",contractorlicenseproof.com,https://contractorlicenseproof.com/california/solar/san-diego,"Solar Contractors in San Diego, CA (C-46) | Contractor License Proof","C-46 · San Diego, CA. Licensed. Verified August 4, 2026 · Bonded · The White Glove Guys, Plumbing Drains Heating Air Conditioning. C-46 · San Diego, CA.",candidate_found,
776172,THOMAS J IVY,Sole Owner,347 SOUTH CHURCH ST,GRASS VALLEY,CA,95945,Nevada,(530) 263 7838,03/15/2000,05/31/2028,B | C36 | C46,Workers' Compensation Insurance,AMERICAN CASUALTY COMPANY OF READING PA,04/05/2027,CSLBSearchData_163444973.xlsx,"""THOMAS J IVY"" ""GRASS VALLEY"" California solar contractor official website",,,,,no_official_domain_candidate,
922761,THORNTON'S GAS SERVICE,Corporation,2041 WATTS AVE,NICOLAUS,CA,95659,Sutter,(530) 656 2485,09/24/2008,09/30/2028,C20 | C36 | C46,Workers' Compensation Insurance,STATE COMPENSATION INSURANCE FUND,10/01/2026,CSLBSearchData_163547774.xlsx,"""THORNTON'S GAS SERVICE"" ""NICOLAUS"" California solar contractor official website",fuelwonk.com,https://fuelwonk.com/vendor/thorntons-gas-service/31117/95659,"Thornton's Gas Service Nicolaus, California","Thornton's Gas Service Nicolaus, California ... Thorntons Gas Service is a full service propane company - installation, repair, agricultural, and residential. We ...",candidate_found,
688058,THORSEN'S-NORQUIST INC,Corporation,PO BOX 2310,TURLOCK,CA,95380,Stanislaus,(209) 632 3194,04/26/1994,04/30/2028,B | C-2 | C-4 | C16 | C20 | C36 | C42 | C43 | C46,Workers' Compensation Insurance,AMERICAN CASUALTY COMPANY OF READING PA,06/01/2027,CSLBSearchData_163528025.xlsx,"""THORSEN'S-NORQUIST INC"" ""TURLOCK"" California solar contractor official website",thornorinc.com,https://thornorinc.com/,"Thorsen's-Norquist Inc.: Furnace Repair, AC Repair, AC Installation ...","Thorsen's-Norquist Inc. offers top-quality Air Conditioning & HVAC installation, plus AC repair services in Turlock, Modesto, Ceres, Riverbank, Atwater, ...",candidate_found,
1085628,THRIVING SOLAR SOLUTIONS INC,Corporation,"2010 CROW CANYON PLAZA,SUITE 100",SAN RAMON,CA,94584,Contra Costa,(925) 487 5539,01/05/2022,01/31/2028,C46,Workers' Compensation Insurance,STATE COMPENSATION INSURANCE FUND,12/05/2026,CSLBSearchData_163342171.xlsx,"""THRIVING SOLAR SOLUTIONS INC"" ""SAN RAMON"" California solar contractor official website",buildzoom.com,https://www.buildzoom.com/contractor/thriving-solar-solutions-inc,Thriving Solar Solutions | CA | Read Reviews + Get a Bid,"Thriving Solar Solutions Inc in San Ramon, CA | Photos | Reviews | 29 building permits for $728900. Recent work: Rooftop solar installation w 1 battery ...",candidate_found,
781374,TIMELESS DEVELOPMENT,Corporation,7676 MIRAMAR ROAD,SAN DIEGO,CA,92126,San Diego,(858) 536 1048,07/10/2000,07/31/2028,A | B | C-6 | C10 | C29 | C33 | C36 | C46 | C54 | HAZ,Workers' Compensation Insurance,OAK RIVER INSURANCE COMPANY,10/19/2026,CSLBSearchData_163505900.xlsx,"""TIMELESS DEVELOPMENT"" ""SAN DIEGO"" California solar contractor official website",contractorlicenseproof.com,https://contractorlicenseproof.com/california/solar/san-diego,"Solar Contractors in San Diego, CA (C-46) | Contractor License Proof","Alltech Solar Inc. C-46 · San Diego, CA. Licensed. Verified August 4, 2026 · Bonded · Timeless Development. C-46 · San Diego, CA. Licensed. Verified August 4, ...",candidate_found,
1152671,TOUGH SOLAR,Sole Owner,68418 DESCANSO CIRCLE,CATHEDRAL CITY,CA,90262,Riverside,(562) 391 5909,03/26/2026,03/31/2028,C46,Workers' Compensation Insurance,EMPLOYERS COMPENSATION INSURANCE COMPANY,05/13/2027,CSLBSearchData_163505900.xlsx,"""TOUGH SOLAR"" ""CATHEDRAL CITY"" California solar contractor official website",trulytough.com,https://www.trulytough.com/blog/la-quinta-solar-panel-inverter-battery-repair-inspection,La Quinta Solar Panel Inverter & Battery Repair Inspection,"Our solar division at Truly Tough Solar handles panel inspections ... Cathedral City, Desert Hot Springs, Coachella, Bermuda Dunes, and ...",candidate_found,
1109302,TOWNSEND SOLAR AND POOLS INC,Corporation,836 NANCY DR,RIPON,CA,95366,San Joaquin,(209) 652 0921,08/25/2023,08/31/2027,C46 | C53,Workers' Compensation Insurance,STATE COMPENSATION INSURANCE FUND,04/09/2027,CSLBSearchData_163505900.xlsx,"""TOWNSEND SOLAR AND POOLS INC"" ""RIPON"" California solar contractor official website",zerofi.ai,https://www.zerofi.ai/pro/townsend-solar-and-pools-inc-ripon-ca-92611933-834a-4dd7-a840-dc18ef3c6c76,"Townsend Solar And Pools Inc - Solar installer in Ripon, CA","Townsend Solar And Pools Inc is a licensed solar installer in Ripon, CA. (209) 652 0921 836 Nancy Dr, Ripon, CA. They handle solar panel ...",candidate_found,
1066318,TRANE U S INC,Corporation,3253 E IMPERIAL HWY,BREA,CA,92821,Orange,(888) 973 9005,06/16/2020,06/30/2028,A | B | C-4 | C10 | C20 | C36 | C38 | C46,Workers' Compensation Insurance,TRAVELERS PROPERTY CASUALTY COMPANY OF AMERICA,04/17/2027,CSLBSearchData_163444973.xlsx,"""TRANE U S INC"" ""BREA"" California solar contractor official website",statecreds.com,https://www.statecreds.com/license/ca/general_contractor/trane-u-s-inc-1066318,Trane U S INC — Licensed General Contractor in California ...,"Verified general contractor license #1066318 for Trane U S INC in Brea, CA. Sourced from California Contractors State License Board (CSLB).",candidate_found,
996593,TREEPUBLIC SOLAR,Corporation,3521 JACK NORTHROP AVE,HAWTHORNE,CA,90250,Los Angeles,(800) 701 8073,09/10/2014,04/30/2028,C10 | C46,Workers' Compensation Insurance,STATE COMPENSATION INSURANCE FUND,06/14/2027,CSLBSearchData_163412289.xlsx,"""TREEPUBLIC SOLAR"" ""HAWTHORNE"" California solar contractor official website",treepublicsolar.com,https://www.treepublicsolar.com/about-7,Privacy Policy,"(“Treepublic Solar”) and its various affiliates, subsidiaries ... 3521 Jack Northrop Ave. Hawthorne, CA 90250. PRIVACY STATEMENT. Yelp ...",candidate_found,
947751,TRIANGLE MANUFACTURING INC,Corporation,3726 PARK PLACE,MONTROSE,CA,910201623,Los Angeles,(818) 301 7777,05/26/2010,05/31/2028,A | C10 | C46 | HAZ,Workers' Compensation Insurance,STATE COMPENSATION INSURANCE FUND,03/20/2027,CSLBSearchData_163412289.xlsx,"""TRIANGLE MANUFACTURING INC"" ""MONTROSE"" California solar contractor official website",studylib.net,https://studylib.net/doc/8597426/document,Leak Detection Evaluations for Storage Tank Systems (2016),") Triangle Manufacturing, Inc. (originally listed as Triangle Environmental ... Montrose, CA 91020 Tel: (818) 301-7777 Evaluator: United States Testing ...",candidate_found,
853740,TRINITY POWER,Corporation,3604 W GETTYSBURG AVE,FRESNO,CA,93722,Fresno,(559) 761 1000,01/27/2005,03/31/2027,B | C10 | C46,Workers' Compensation Insurance,STATE COMPENSATION INSURANCE FUND,07/01/2027,CSLBSearchData_163342171.xlsx,"""TRINITY POWER"" ""FRESNO"" California solar contractor official website",trinitypowerca.com,http://www.trinitypowerca.com/,Trinity Power - Fresno,"Trinity Power, a full service solar provider and energy upgrades for your home ... Fresno, CA 93722. Phone: 559.761.0732. Email: sales@trinitypowerca.com ...",candidate_found,
1068141,TRUE SOLAR & ELECTRIC INC,Corporation,12521 W JENSEN AVE,KERMAN,CA,93630,Fresno,(559) 755 7769,08/21/2020,08/31/2026,B | C10 | C46,Workers' Compensation Insurance,STATE COMPENSATION INSURANCE FUND,01/18/2027,CSLBSearchData_163342171.xlsx,"""TRUE SOLAR & ELECTRIC INC"" ""KERMAN"" California solar contractor official website",true-solar.net,https://true-solar.net/about/,About - True Solar Electric - Fresno Solar Installers,"True Solar & Electric INC., rooted in the heart of Central California since ... As a dedicated, family-driven entity, we've been illuminating the homes of Kerman ...",candidate_found,
970591,TRUEPOWER SOLAR,Corporation,2510 SUPPLY ST,POMONA,CA,91767,Los Angeles,(714) 676 8888,03/05/2012,03/31/2028,B | C46,Workers' Compensation Insurance,STATE COMPENSATION INSURANCE FUND,12/02/2026,CSLBSearchData_163412289.xlsx,"""TRUEPOWER SOLAR"" ""POMONA"" California solar contractor official website",,,,,no_official_domain_candidate,
1078990,TRULYSUN ENERGY CORPORATION,Corporation,278 MIRAMAR AVE,SAN FRANCISCO,CA,94112,San Francisco,(415) 684 0900,07/29/2021,07/31/2027,C10 | C46,Workers' Compensation Insurance,TECHNOLOGY INSURANCE COMPANY INC,10/16/2026,CSLBSearchData_163505900.xlsx,"""TRULYSUN ENERGY CORPORATION"" ""SAN FRANCISCO"" California solar contractor official website",elcr-trk.aspgov.com,https://elcr-trk.aspgov.com/eTRAKiT/login.aspx?lt=either&rd=%7E/PermitApplication/confirmation.aspx,eTRAKiT - IIS Windows Server,"RENEWAL BY ANDERSEN OF SAN FRANCISCO, REPLACEMENT WINDOW PROS, RESIDENTIAL ... TRULYSUN ENERGY CORPORATION, TRUMBLE CONSTRUCTION INC, TRUSOURCE ENERGY INC ...",candidate_found,
978493,UNIQUE SOLAR,Sole Owner,822 ARCHER ST,SAN DIEGO,CA,92109,San Diego,(858) 353 7478,11/03/2012,11/30/2026,C46,Workers' Compensation Insurance,STATE COMPENSATION INSURANCE FUND,08/15/2027,CSLBSearchData_163505900.xlsx,"""UNIQUE SOLAR"" ""SAN DIEGO"" California solar contractor official website",uniquesolar.net,https://uniquesolar.net/,Unique Solar: Your #1 Solar Panel Company in San Diego,"Hire our company, as we hit all of the above qualifications. Unique Solar P.O. Box 9534. San Diego, CA 92109. CA License 978493 C-46. Contact Us. email: info@ ...",candidate_found,
893826,URBAN DESIGN,Corporation,4742 SKYWAY ROAD,PARADISE,CA,95969,Butte,(530) 809 1079,04/04/2007,04/30/2027,B | C10 | C20 | C36 | C46,Workers' Compensation Insurance,STATE COMPENSATION INSURANCE FUND,09/02/2027,CSLBSearchData_163342171.xlsx,"""URBAN DESIGN"" ""PARADISE"" California solar contractor official website",urbandesignsolar.com,https://urbandesignsolar.com/,"Urban Design - Plumbing, Solar, and Electrical Experts","Urban Design helps homeowners and businesses across Northern California with solar ... California contractor based in Paradise, California.",candidate_found,
944115,URBAN ENERGY SOLAR INC,Corporation,10192 CONSTITUTION DR,HUNTINGTON BEACH,CA,92646,Orange,(562) 447 4971,03/04/2010,12/31/2027,C10 | C46,Workers' Compensation Insurance,STATE COMPENSATION INSURANCE FUND,06/01/2027,CSLBSearchData_163444973.xlsx,"""URBAN ENERGY SOLAR INC"" ""HUNTINGTON BEACH"" California solar contractor official website",selfgenca.com,https://www.selfgenca.com/documents/developer/approved,Approved SGIP Developer List,"... Huntington Beach,CA All,No,""HOLT Renewables, LLC"",Austin,TX All,No,""Home ... Urban Energy Solar, Inc"",Huntington Beach,CA All,No,""U. S. Energy Recovery ...",candidate_found,
1143984,V & A SOLAR TECHNOLOGY INC,Corporation,13660 REDSTONE ST,LATHROP,CA,95330,San Joaquin,(510) 457 5979,09/23/2025,09/30/2027,C46,Workers' Compensation Insurance,STATE COMPENSATION INSURANCE FUND,09/27/2026,CSLBSearchData_163505900.xlsx,"""V & A SOLAR TECHNOLOGY INC"" ""LATHROP"" California solar contractor official website",zerofi.ai,https://www.zerofi.ai/pro/v-a-solar-technology-inc-lathrop-ca-62d86120-7759-4b99-9ef6-553d8ae9c6c0,"V & A Solar Technology Inc - Solar installer in Lathrop, CA | ZeroFi","V & A Solar Technology Inc is a licensed solar installer in Lathrop, CA. (510) 457 5979 13660 Redstone St, Lathrop, CA … handle solar panel ...",candidate_found,
858197,VALLEY SOLAR INC,Corporation,9265 BEATTY DR,SACRAMENTO,CA,95826,Sacramento,(916) 254 5111,04/30/2005,09/30/2026,C10 | C46,Workers' Compensation Insurance,STATE COMPENSATION INSURANCE FUND,10/01/2026,CSLBSearchData_163505900.xlsx,"""VALLEY SOLAR INC"" ""SACRAMENTO"" California solar contractor official website",valley-solar.com,http://valley-solar.com/,Solar Sacramento | SunPower Elite Dealer for Home ...,Sacramento Professional Solar Installation | Home Energy Performance Audits | Energy Savings. Solar Sacramento | Energy Storage | Valley Solar Inc. (916) 254 ...,candidate_found,
1081676,VALLEY SOLAR SERVICE CORPORATION,Corporation,2045 NORTH FINE AVE,FRESNO,CA,93727,Fresno,(559) 252 3135,09/24/2021,09/30/2027,C46,Workers' Compensation Insurance,STATE COMPENSATION INSURANCE FUND,05/02/2027,CSLBSearchData_163342171.xlsx,"""VALLEY SOLAR SERVICE CORPORATION"" ""FRESNO"" California solar contractor official website",serviceagent.ai,https://serviceagent.ai/directory/california/fresno/solar/valley-solar-service-corporation/,"Valley Solar Service Corporation - Solar in Fresno, CA","Valley Solar Service Corporation is a solar business serving Fresno, California and surrounding areas. The business holds a 4.9-star Google rating from 56 ...",candidate_found,
874184,VALLEY WATER,Sole Owner,2045 N FINE AVE,FRESNO,CA,93727,Fresno,(559) 252 3135,03/09/2006,06/30/2027,C46 | C55,Workers' Compensation Insurance,STATE COMPENSATION INSURANCE FUND,05/02/2027,CSLBSearchData_163342171.xlsx,"""VALLEY WATER"" ""FRESNO"" California solar contractor official website",clean-valley-water-water-purification-company.wheree.com,https://clean-valley-water-water-purification-company.wheree.com/,CLEAN VALLEY WATER: WATER PURIFICATION COMPANY ...,"Clean Valley Water is a reputable water purification company located in Fresno, CA ... Home & Garden Services | Home Cleaning Services | Solar Installation ...",candidate_found,
1000480,VAN LUND ROOFING AND SOLAR,Corporation,9360 7TH ST SUITE A,RANCHO CUCAMONGA,CA,91730,San Bernardino,(909) 605 3332,01/23/2015,01/31/2028,B | C39 | C46,Workers' Compensation Insurance,STATE COMPENSATION INSURANCE FUND,07/27/2027,CSLBSearchData_163505900.xlsx,"""VAN LUND ROOFING AND SOLAR"" ""RANCHO CUCAMONGA"" California solar contractor official website",gaf.com,https://www.gaf.com/en-us/roofing-contractors/commercial/van-lund-roofing-and-solar-rancho-cucamonga-ca-1117365,Van Lund Roofing and Solar | GAF Commercial Roofers,"Van Lund Roofing and Solar is a GAF certified roofing contractor ... Van Lund Roofing and Solar. 4.8 (15) See reviews. 9360 7th St Ste A, Rancho Cucamonga CA, ...",candidate_found,
608260,VASCO SOLAR,Corporation,17150 NEWHOPE ST 403,FOUNTAIN VALLEY,CA,92708,Orange,(714) 968 8845,12/19/1990,11/30/2027,C46,Workers' Compensation Insurance,MIDWEST EMPLOYERS CASUALTY COMPANY,07/01/2027,CSLBSearchData_163444973.xlsx,"""VASCO SOLAR"" ""FOUNTAIN VALLEY"" California solar contractor official website",vascosolar.com,https://www.vascosolar.com/,Vasco Solar: Solar Pool Heating and Domestic Hot Water ...,"California Solar Rights Act · Contact Us · About Us · Partners · Vasco Solar · (714) 968-8845 17150 Newhope St #403. Fountain Valley, CA 92708. Copyright © 2026 ...",candidate_found,
977386,VEGAS PACIFIC EXPRESS,Partnership,14531 AUTUMN PLACE,FONTANA,CA,92337,San Bernardino,(626) 297 3389,09/29/2012,05/31/2027,B | C20 | C46,Workers' Compensation Insurance,HARTFORD CASUALTY INSURANCE COMPANY,05/01/2027,CSLBSearchData_163505900.xlsx,"""VEGAS PACIFIC EXPRESS"" ""FONTANA"" California solar contractor official website",li-public.fmcsa.dot.gov,https://li-public.fmcsa.dot.gov/lihtml/rptspdf/LI_REGISTER20150316.PDF,[PDF] U.S. Department of Transportation Federal Motor Carrier Safety ...,"VEGAS PACIFIC EXPRESS LLC - FONTANA, CA. LAND AGRI BUSINESS INC - BRANFORD, FL. JRT TRUCKING, INC. - POCOLA, OK. Z ENTERPRISES INC - WOODLAND ...",candidate_found,
1005557,VELOCITY SOLAR POWER INC,Corporation,5011 PEACH BLOSSOM LANE,OAKDALE,CA,95361,Stanislaus,(209) 613 0158,07/14/2015,07/31/2027,B | C46,Workers' Compensation Insurance,FARMERS INSURANCE EXCHANGE,10/29/2026,CSLBSearchData_163528025.xlsx,"""VELOCITY SOLAR POWER INC"" ""OAKDALE"" California solar contractor official website",edocs.buttecounty.ca.gov,https://edocs.buttecounty.ca.gov/WebLink/DocView.aspx?id=953602&dbid=0&repo=DR00,Untitled,"... VELOCITY SOLAR POWER INC IVIOLLYLOIDAIIS Building Garage Remill'Addli 5011 PEACH BLOSSOM LANE 5011 PEIACII BLOSSOM 0 0 0 OAKDALE,CA 95361 OAKDALE.CA 95361 ...",candidate_found,
973895,VICTORY HEATING & AIR INC,Corporation,12277 APPLE VALLEY RD #131,APPLE VALLEY,CA,92308,San Bernardino,(760) 987 8436,06/11/2012,08/31/2027,C20 | C46,Workers' Compensation Insurance,STATE COMPENSATION INSURANCE FUND,11/18/2026,CSLBSearchData_163505900.xlsx,"""VICTORY HEATING & AIR INC"" ""APPLE VALLEY"" California solar contractor official website",homversa.com,https://homversa.com/biz/victory-heating-and-air-inc,"Victory Heating & Air Inc. - License-Verified in Apple Valley, CA","Victory Heating & Air Inc. is an Apple Valley, California HVAC company holding CSLB license #973895, verified against state records, licensed since 2012.",candidate_found,
1144493,VIKING COOLING AND HEATING,Corporation,350 PAUMA PLACE,ESCONDIDO,CA,92029,San Diego,(619) 984 5464,10/02/2025,10/31/2027,C20 | C46,Workers' Compensation Insurance,PACIFIC COMPENSATION INSURANCE COMPANY,05/13/2027,CSLBSearchData_163505900.xlsx,"""VIKING COOLING AND HEATING"" ""ESCONDIDO"" California solar contractor official website",,,,,no_official_domain_candidate,
481352,VINTAGE E & S INC,Corporation,49950 JEFFERSON STREET 130-388,INDIO,CA,92201,Riverside,(760) 775 0135,10/21/1985,08/31/2028,C10 | C46,Workers' Compensation Insurance,EMPLOYERS PREFERRED INSURANCE COMPANY,02/24/2027,CSLBSearchData_163505900.xlsx,"""VINTAGE E & S INC"" ""INDIO"" California solar contractor official website",laqu-trk.aspgov.com,https://laqu-trk.aspgov.com/etrakit/dashboard.aspx,eTRAKiT - IIS Windows Server,"INDIO DRYWALL INC, INDUSTRIAL COMMERCIAL SYSTEMS INC, INDUSTRIAL ENERGY ... VINTAGE E & S INC, VINTAGE POOL CONSTRUCTION, VINTAGE ROOFING AND SOLAR CO INC ...",candidate_found,
1110302,VIVA ENERGY,Corporation,1163 MAIN STREET SUITE C,MORRO BAY,CA,93442,San Luis Obispo,(559) 917 5747,09/19/2023,09/30/2027,B | C46,Workers' Compensation Insurance,PIE CASUALTY INSURANCE COMPNAY,01/19/2027,CSLBSearchData_163505900.xlsx,"""VIVA ENERGY"" ""MORRO BAY"" California solar contractor official website",viva-energy.us,https://www.viva-energy.us/,Viva Energy California | Solar + Battery Systems for Central ...,"... Sanger, CA 93657. Corporate Office 1163 Main St. Morro Bay, CA 93442. Home · Services · About · Get in Touch · True-Up Tune-Up™ · Careers. © 2025 Viva Energy | ...",candidate_found,
1135786,VOLT HOME,Corporation,"901 W CIVIC CENTER DR,2ND FLOOR SUITE 200",SANTA ANA,CA,92703,Orange,(786) 876 8143,04/11/2025,04/30/2027,C46,Workers' Compensation Insurance,STATE COMPENSATION INSURANCE FUND,07/23/2027,CSLBSearchData_163444973.xlsx,"""VOLT HOME"" ""SANTA ANA"" California solar contractor official website",volthome.com,https://volthome.com/,Volt Home,"Discover how Volt Home integrates solar, roofing, high-efficiency HVAC ... 901 W Civic Center Dr., 2nd Floor, Suite 200, Santa Ana, CA, 92703. Explore.",candidate_found,
1042043,VOLT MODERN ROOFING AND SOLAR,Corporation,P O BOX 2623,ROCKLIN,CA,95677,Placer,(916) 877 8658,07/19/2018,07/31/2028,C39 | C46,Workers' Compensation Insurance,STATE COMPENSATION INSURANCE FUND,07/18/2027,CSLBSearchData_163505900.xlsx,"""VOLT MODERN ROOFING AND SOLAR"" ""ROCKLIN"" California solar contractor official website",voltmodern.com,https://www.voltmodern.com/,Volt Modern Roofing & Solar - Residential & Commercial Contractor,"Volt Modern Roofing and Solar serves property owners in Rocklin, Roseville ... Rocklin, CA 95677. Location. Main Office: 412 3rd St. Wheatland, CA 95692 ...",candidate_found,
1073370,VOLTA HVAC,Corporation,420 CANYON WOODS PL F,SAN RAMON,CA,94582,Contra Costa,(925) 230 4045,02/16/2021,02/28/2027,C10 | C20 | C46,Workers' Compensation Insurance,PIE INSURANCE COMPANY (THE),02/19/2027,CSLBSearchData_163342171.xlsx,"""VOLTA HVAC"" ""SAN RAMON"" California solar contractor official website",,,,,no_official_domain_candidate,
726486,VOLZ ELECTRIC,Sole Owner,1574 W BUFFINGTON STREET,UPLAND,CA,91784,San Bernardino,(909) 985 5107,08/20/1996,09/30/2027,C10 | C46,Workers' Compensation Insurance,TECHNOLOGY INSURANCE COMPANY INC,10/16/2026,CSLBSearchData_163505900.xlsx,"""VOLZ ELECTRIC"" ""UPLAND"" California solar contractor official website",buildzoom.com,https://www.buildzoom.com/contractor/dave-volz-electric,Dave Volz Electric | Upland CA | Read Reviews + Get a Bid,"Dave Volz Electric, 1574 W Buffington St, Upland, CA (Owned by: David Alfred Volz) holds a Electrical, Solar license according to the California license ...",candidate_found,
1110946,WEST COAST CUSTOM SOLAR,Sole Owner,227 EAST TEHAMA STREET,ORLAND,CA,95963,Glenn,(530) 685 8196,10/04/2023,10/31/2027,C10 | C46,Workers' Compensation Insurance,STATE COMPENSATION INSURANCE FUND,01/01/2027,CSLBSearchData_163412289.xlsx,"""WEST COAST CUSTOM SOLAR"" ""ORLAND"" California solar contractor official website",bidroom.io,https://bidroom.io/c/ca/orland/electrician/west-coast-custom-solar--00077743,"West Coast Custom Solar — Electrician in Orland, CA | Bidroom","West Coast Custom Solar is a electrician contractor serving Orland, California. License records, service area, and how to claim this profile.",candidate_found,
908549,WEST COAST SOLAR INC,Corporation,2041 EAST ST PMB 1162,CONCORD,CA,94520,Contra Costa,(925) 516 3900,12/28/2007,12/31/2027,C10 | C39 | C46,Workers' Compensation Insurance,INDEMNITY INSURANCE COMPANY OF NORTH AMERICA,10/01/2026,CSLBSearchData_163342171.xlsx,"""WEST COAST SOLAR INC"" ""CONCORD"" California solar contractor official website",isitlicensed.com,https://www.isitlicensed.com/ca/contractor/west-coast-solar-inc-908549,"Is West Coast Solar INC licensed, insured & complaint-free in ...","Home/California/Electrical (C-10)/Concord/West Coast Solar INC. Is West Coast Solar INC licensed, insured & complaint-free in California?",candidate_found,
945067,WEST COAST TECH ELECTRIC,Corporation,P O BOX 487,ARROYO GRANDE,CA,93421,San Luis Obispo,(805) 473 9378,03/30/2010,03/31/2028,B | C10 | C46,Workers' Compensation Insurance,STATE COMPENSATION INSURANCE FUND,01/24/2027,CSLBSearchData_163505900.xlsx,"""WEST COAST TECH ELECTRIC"" ""ARROYO GRANDE"" California solar contractor official website",statecreds.com,https://www.statecreds.com/license/ca/electrician/west-coast-tech-electric-945067,West Coast Tech Electric — Licensed Electrician in California ...,"West Coast Tech Electric runs as an electrician company under California license #945067, operating around Arroyo Grande. Same record the state shows, ...",candidate_found,
918393,WEST PACIFIC ELECTRIC COMPANY CORPORATION,Corporation,PO BOX 760,PISMO BEACH,CA,93448,San Luis Obispo,(805) 709 1385,06/30/2008,10/31/2027,A | B | C10 | C46,Workers' Compensation Insurance,STATE COMPENSATION INSURANCE FUND,03/20/2027,CSLBSearchData_163505900.xlsx,"""WEST PACIFIC ELECTRIC COMPANY CORPORATION"" ""PISMO BEACH"" California solar contractor official website",search.certifications.sba.gov,https://search.certifications.sba.gov/profile/WFBUTZJL3LK4/5AJB1,WEST PACIFIC ELECTRIC COMPANY CORPORATION | SBA Small ...,"An official website of the United States government ... WEST PACIFIC ELECTRIC COMPANY CORPORATION. July 11 ... Address. 290 EL PORTAL DR, PISMO BEACH, CALIFORNIA ...",candidate_found,
963158,WESTCOAST SOLAR ENERGY,Corporation,2975 DUTTON AVENUE SUITE A,SANTA ROSA,CA,95407,Sonoma,(707) 664 6450,07/12/2011,07/31/2027,C10 | C46,Workers' Compensation Insurance,NATIONAL CASUALTY COMPANY,12/01/2026,CSLBSearchData_163528025.xlsx,"""WESTCOAST SOLAR ENERGY"" ""SANTA ROSA"" California solar contractor official website",westcoastsolarenergy.com,https://westcoastsolarenergy.com/,Westcoast Solar Energy: Solar Maintenance and Repair for All ...,Westcoast Solar Energy: The Leading Commercial Solar Panel Company in CA ... Santa Rosa Chamber of Commerce. Rohnert Park Chamber of Commerce. Solar Power ...,candidate_found,
1047833,WESTCOAST SOLAR PROFESSIONAL,Corporation,9218 VICTORIA AVE,RIVERSIDE,CA,92503,Riverside,(951) 729 6345,12/12/2018,05/31/2028,B | C10 | C46,Workers' Compensation Insurance,STATE COMPENSATION INSURANCE FUND,09/28/2026,CSLBSearchData_163505900.xlsx,"""WESTCOAST SOLAR PROFESSIONAL"" ""RIVERSIDE"" California solar contractor official website",westcoastsolarprofessional.com,https://westcoastsolarprofessional.com/,Westcoast Solar Professional,"Westcoast Solar Professional. WCSP Business Office: Riverside, CA 92503. Email: tasabia6270@gmail.com. Copyright © 2019/2020 Westcoast Solar Professional, Inc.",candidate_found,
739791,WESTECH SYSTEMS INC,Corporation,827 JEFFERSON AVE,CLOVIS,CA,93612,Fresno,(559) 455 1720,08/26/1997,08/31/2027,C10 | C46,Workers' Compensation Insurance,TRAVELERS PROPERTY CASUALTY COMPANY OF AMERICA,05/05/2027,CSLBSearchData_163342171.xlsx,"""WESTECH SYSTEMS INC"" ""CLOVIS"" California solar contractor official website",downtobid.com,https://downtobid.com/contractors/electrical/fresno,"15 Best Commercial Electrical Contractors Fresno, CA","Westech Systems. Clovis, CA 93611. Westech Systems, Inc. is a company that ... solar contractor that provides 24/7 services in the electrical construction ...",candidate_found,
962892,WESTERN SUN SYSTEMS INC,Corporation,316 MID VALLEY CTR 274,CARMEL,CA,93923,Monterey,(831) 624 3337,07/06/2011,07/31/2027,B | C10 | C46,Workers' Compensation Insurance,STATE COMPENSATION INSURANCE FUND,12/01/2026,CSLBSearchData_163444973.xlsx,"""WESTERN SUN SYSTEMS INC"" ""CARMEL"" California solar contractor official website",pegbo.com,https://pegbo.com/contractor/western-sun-systems-inc,"WESTERN SUN SYSTEMS INC | Carmel, CA - Pegbo","Western Sun Systems Inc. is a forward-thinking technology company dedicated ... Carmel, California. Upgrade to see more info. Actions. Services. Licenses.",candidate_found,
965111,WESTHAVEN POWER,Corporation,800 NORHTGATE DR,YUBA CITY,CA,95991,Sutter,(530) 331 8483,08/31/2011,08/31/2027,B | C10 | C20 | C39 | C46,Workers' Compensation Insurance,MIDWEST EMPLOYERS CASUALTY COMPANY,01/01/2027,CSLBSearchData_163547774.xlsx,"""WESTHAVEN POWER"" ""YUBA CITY"" California solar contractor official website",westhavenpower.com,https://www.westhavenpower.com/contact-us,CONTACT US,"Westhaven Power – Yuba City, California Address: 800 Northgate Drive, Yuba City, CA 95991. Phone: (866) 575-4112. Email: team@westhavenpower.com. Office Hours ...",candidate_found,
1127078,WICKS,Limited Liability,2170 HUTTON ROAD BLDG A,NIPOMO,CA,93444,San Luis Obispo,(805) 965 5122,09/27/2024,09/30/2026,C10 | C39 | C46 | D12,Workers' Compensation Insurance,PRAETORIAN INSURANCE COMPANY,09/25/2026,CSLBSearchData_163505900.xlsx,"""WICKS"" ""NIPOMO"" California solar contractor official website",wicksroofing.com,https://wicksroofing.com/,Wicks Roofing and Solar,"Wicks is the most responsive contractor I have ever hired. Anytime I ... Nipomo, CA 93444; (805) 567-2427. Business Hours. Monday–Friday; 8:00 AM – 5:00 ...",candidate_found,
1101461,WIN-DOR LLC,Limited Liability,450 DELTA AVENUE,BREA,CA,92821,Orange,(714) 385 1202,02/14/2023,02/28/2027,B | C17 | C46,Workers' Compensation Insurance,SENTRY INSURANCE COMPANY,09/01/2026,CSLBSearchData_163444973.xlsx,"""WIN-DOR LLC"" ""BREA"" California solar contractor official website",craigslist.org,https://www.craigslist.org/search/area/orangecounty?cat=jjj&query=spanish,"orange co ""spanish"" jobs - Craigslist","8/20$22.00 - $25.00Win-Dor LLC. Temp-to-Hire Property Manager Needed ... 8/14$26/hr + Tips + BenefitsBaja Fish Tacos, Inc. Brea, CA. Experienced Cook ...",candidate_found,
688062,WINKLE R D COMPANY,Sole Owner,P O BOX 476,THOUSAND PALMS,CA,92276,Riverside,(760) 322 5144,04/26/1994,04/30/2028,C39 | C46,Workers' Compensation Insurance,STATE COMPENSATION INSURANCE FUND,01/01/2027,CSLBSearchData_163505900.xlsx,"""WINKLE R D COMPANY"" ""THOUSAND PALMS"" California solar contractor official website",residentialbrokers.org,https://www.residentialbrokers.org/blog/roofing-contractors-in-palm-springs,Best Roofing Contractors Near Palm Springs - Residential Brokers,"Roofing Contractor Directory ; Winkle R D Company, Thousand Palms, 760-322-5144 ; Rancho Mirage Roofing, Rancho Mirage, 760-832-2013 ; Valley ...",candidate_found,
973766,WRIGHT BUILDING,Corporation,75130 MEDITERRANEAN ST C,PALM DESERT,CA,92211,Riverside,(760) 898 6788,06/06/2012,06/30/2028,B | C46,Workers' Compensation Insurance,STATE COMPENSATION INSURANCE FUND,12/01/2026,CSLBSearchData_163505900.xlsx,"""WRIGHT BUILDING"" ""PALM DESERT"" California solar contractor official website",patch.com,https://patch.com/california/palmsprings-ca/free-admission-palm-springs-museum-dog-park-temporarily-closed,🌱 Free Admission To Palm Springs Museum + Dog Park ...,"Palm Desert, CA · Banning-Beaumont, CA · Redlands ... Welcoming Yoga At The Center McDonald/Wright Building (9:00 AM) ... Tickets for the event can be purchased on ...",candidate_found,
992157,XERO SOLAR,Corporation,358 CORAL CIRCLE,EL SEGUNDO,CA,90245,Los Angeles,(310) 376 8740,04/16/2014,04/30/2028,C10 | C46,Workers' Compensation Insurance,SENTINEL INSURANCE COMPANY LTD,07/01/2027,CSLBSearchData_163412289.xlsx,"""XERO SOLAR"" ""EL SEGUNDO"" California solar contractor official website",xerosolar.com,https://xerosolar.com/,Xero Solar: Solar Panels in the Greater Los Angeles Area,"Xero Solar designs and installs custom solar panels, battery storage and ... 358 Coral Cir, El Segundo, CA 90245 · 4.8 · 24 Google ...",candidate_found,
789630,YAMA CONSTRUCTION,Sole Owner,1079 HOLLISTER AVE,SAN FRANCISCO,CA,94124,San Francisco,(415) 573 8618,01/10/2001,01/31/2027,B | C-5 | C-6 | C10 | C20 | C33 | C36 | C39 | C46,Workers' Compensation Insurance,STATE COMPENSATION INSURANCE FUND,11/03/2026,CSLBSearchData_163505900.xlsx,"""YAMA CONSTRUCTION"" ""SAN FRANCISCO"" California solar contractor official website",statecreds.com,https://www.statecreds.com/license/ca/roofer/yama-construction-789630,Yama Construction — Licensed Roofing Contractor in California ...,"Look up Yama Construction, a California state-licensed roofing contractor professional (license #789630) operating in San Francisco, CA. Official licensing data",candidate_found,
1137277,ZENITH SOLAR INC,Corporation,10463 CHERRY BLOSSOM LANE,SAN DIEGO,CA,92127,San Diego,(619) 750 6173,05/09/2025,05/31/2027,C46,Workers' Compensation Insurance,PIE INSURANCE COMPANY (THE),04/16/2027,CSLBSearchData_163505900.xlsx,"""ZENITH SOLAR INC"" ""SAN DIEGO"" California solar contractor official website",provenpros.co,https://provenpros.co/contractor/ca/san-diego-county/zenith-solar-inc-d659f09b,"ZENITH SOLAR INC · San Diego County, CA - Proven Pros","ZENITH SOLAR INC appears in public building-permit records with 9 permits filed through 2023 in and around San Diego County, CA. Permits are filed with local ...",candidate_found,
820063,ZERO ENERGY ASSOCIATES,Corporation,"851 HWY 116 S,SUITE 1",SEBASTOPOL,CA,95472,Sonoma,(707) 544 3900,05/27/2003,05/31/2027,B | C10 | C20 | C46,Workers' Compensation Insurance,CAROLINA CASUALTY INSURANCE COMPANY,02/03/2027,CSLBSearchData_163528025.xlsx,"""ZERO ENERGY ASSOCIATES"" ""SEBASTOPOL"" California solar contractor official website",zeroea.com,https://www.zeroea.com/,Zero Energy Associates,"Zero Energy Associates specializes in efficient heating & cooling systems, building electrification, solar ... Sebastopol, CA 95472,. USA. 707-544-3900 info ...",candidate_found,
1063175,ZINC ROOFING INC,Corporation,5759 W SHAW AVE,FRESNO,CA,93722,Fresno,(559) 352 3140,02/10/2020,02/29/2028,B | C-7 | C20 | C39 | C46,Workers' Compensation Insurance,CYPRESS INSURANCE COMPANY,02/06/2027,CSLBSearchData_163342171.xlsx,"""ZINC ROOFING INC"" ""FRESNO"" California solar contractor official website",zincroofingco.com,https://zincroofingco.com/,"HVAC, Roofing & Remodeling Services | Zinc Roofing Co.","... Zinc Roofing, Inc. to reach out via text for explicit ... Zinc Roofing team accepting the 2023 Gold Award for Best Roofing Company at The Fresno Bee's ...",candidate_found,
